"muni_code","year","sec_share","repression_pc","n_victims","pct_left","pct_centleft","pct_right"
27001,2005,13.2042253521127,0,0,"18.2878719567178","40.4869251577998","17.498872858431"
27001,2009,11.0619469026549,0,0,"18.2878719567178","40.4869251577998","17.498872858431"
27001,2012,13.487071977638,0,0,"18.2878719567178","40.4869251577998","17.498872858431"
27001,2024,18.5689948892675,0,0,"18.2878719567178","40.4869251577998","17.498872858431"
27001,2020,14.1304347826087,0,0,"18.2878719567178","40.4869251577998","17.498872858431"
27001,2001,23.398001175779,0,0,"18.2878719567178","40.4869251577998","17.498872858431"
27001,2016,14.3207855973813,0,0,"18.2878719567178","40.4869251577998","17.498872858431"
27002,2016,15.0892857142857,0,0,"14.3359797906893","25.3428365211115","35.4204258390473"
27002,2005,11.4890885750963,0,0,"14.3359797906893","25.3428365211115","35.4204258390473"
27002,2024,21.9607843137255,0,0,"14.3359797906893","25.3428365211115","35.4204258390473"
27002,2020,21.2471131639723,0,0,"14.3359797906893","25.3428365211115","35.4204258390473"
27002,2012,11.7274167987322,0,0,"14.3359797906893","25.3428365211115","35.4204258390473"
27002,2001,13.0489335006274,0,0,"14.3359797906893","25.3428365211115","35.4204258390473"
27002,2009,13.7052341597796,0,0,"14.3359797906893","25.3428365211115","35.4204258390473"
27003,2016,15.0695517774343,0.147623265426631,1,"36.5248455200824","96.4501802265706","0"
27003,2001,15.9876543209877,0.147623265426631,1,"36.5248455200824","96.4501802265706","0"
27003,2012,12.5273124544792,0.147623265426631,1,"36.5248455200824","96.4501802265706","0"
27003,2005,15.6345800122624,0.147623265426631,1,"36.5248455200824","96.4501802265706","0"
27003,2009,18.730358265242,0.147623265426631,1,"36.5248455200824","96.4501802265706","0"
27003,2020,16.9741697416974,0.147623265426631,1,"36.5248455200824","96.4501802265706","0"
27003,2024,10.5882352941176,0.147623265426631,1,"36.5248455200824","96.4501802265706","0"
27004,2020,12.6623376623377,0.377002827521206,2,"28.1418327219854","76.3424870295099","5.95155480651664"
27004,2024,16.9075144508671,0.377002827521206,2,"28.1418327219854","76.3424870295099","5.95155480651664"
27004,2005,6.8503937007874,0.377002827521206,2,"28.1418327219854","76.3424870295099","5.95155480651664"
27004,2012,8.14639905548996,0.377002827521206,2,"28.1418327219854","76.3424870295099","5.95155480651664"
27004,2001,15.8415841584158,0.377002827521206,2,"28.1418327219854","76.3424870295099","5.95155480651664"
27004,2016,12.7463863337714,0.377002827521206,2,"28.1418327219854","76.3424870295099","5.95155480651664"
27004,2009,8.19112627986348,0.377002827521206,2,"28.1418327219854","76.3424870295099","5.95155480651664"
27005,2024,32.9664281783159,0,0,"16.8250197941409","47.2684085510689","16.9041963578781"
27005,2020,35.0675675675676,0,0,"16.8250197941409","47.2684085510689","16.9041963578781"
27005,2009,19.1616766467066,0,0,"16.8250197941409","47.2684085510689","16.9041963578781"
27005,2016,29.9708454810496,0,0,"16.8250197941409","47.2684085510689","16.9041963578781"
27005,2012,23.1409544950056,0,0,"16.8250197941409","47.2684085510689","16.9041963578781"
27005,2005,28.0652680652681,0,0,"16.8250197941409","47.2684085510689","16.9041963578781"
27005,2001,26.4547896150403,0,0,"16.8250197941409","47.2684085510689","16.9041963578781"
27006,2012,14.6202170188464,0.955414012738854,9,"29.6930622577328","78.7081718218495","7.74464045566015"
27006,2009,11.11645813282,0.955414012738854,9,"29.6930622577328","78.7081718218495","7.74464045566015"
27006,2005,19.2516001969473,0.955414012738854,9,"29.6930622577328","78.7081718218495","7.74464045566015"
27006,2016,19.1025641025641,0.955414012738854,9,"29.6930622577328","78.7081718218495","7.74464045566015"
27006,2001,23.9130434782609,0.955414012738854,9,"29.6930622577328","78.7081718218495","7.74464045566015"
27006,2020,17.5624526873581,0.955414012738854,9,"29.6930622577328","78.7081718218495","7.74464045566015"
27006,2024,22.2704714640198,0.955414012738854,9,"29.6930622577328","78.7081718218495","7.74464045566015"
27007,2012,10.5020727775219,0,0,"6.65172568354998","19.8520842671448","29.4755714926042"
27007,2001,10.7775211701309,0,0,"6.65172568354998","19.8520842671448","29.4755714926042"
27007,2009,12.3946037099494,0,0,"6.65172568354998","19.8520842671448","29.4755714926042"
27007,2024,18.4592296148074,0,0,"6.65172568354998","19.8520842671448","29.4755714926042"
27007,2016,13.4379597842079,0,0,"6.65172568354998","19.8520842671448","29.4755714926042"
27007,2020,14.1630901287554,0,0,"6.65172568354998","19.8520842671448","29.4755714926042"
27007,2005,13.5408560311284,0,0,"6.65172568354998","19.8520842671448","29.4755714926042"
27008,2016,18.0808080808081,0.191204588910134,1,"16.8609799291617","46.568772136954","18.7057260920897"
27008,2020,16.7452830188679,0.191204588910134,1,"16.8609799291617","46.568772136954","18.7057260920897"
27008,2024,23.5294117647059,0.191204588910134,1,"16.8609799291617","46.568772136954","18.7057260920897"
27008,2001,16.374269005848,0.191204588910134,1,"16.8609799291617","46.568772136954","18.7057260920897"
27008,2012,14.8698884758364,0.191204588910134,1,"16.8609799291617","46.568772136954","18.7057260920897"
27008,2005,13.5553834237026,0.191204588910134,1,"16.8609799291617","46.568772136954","18.7057260920897"
27008,2009,12.2349102773246,0.191204588910134,1,"16.8609799291617","46.568772136954","18.7057260920897"
27009,2005,11.1111111111111,0.196792285742399,2,"28.3446232006774","69.7008185153825","6.63279706463449"
27009,2016,12.2576610381488,0.196792285742399,2,"28.3446232006774","69.7008185153825","6.63279706463449"
27009,2001,19.2765349833413,0.196792285742399,2,"28.3446232006774","69.7008185153825","6.63279706463449"
27009,2009,16.2363455809335,0.196792285742399,2,"28.3446232006774","69.7008185153825","6.63279706463449"
27009,2020,13.5097493036212,0.196792285742399,2,"28.3446232006774","69.7008185153825","6.63279706463449"
27009,2024,18.4479237576583,0.196792285742399,2,"28.3446232006774","69.7008185153825","6.63279706463449"
27009,2012,12.958435207824,0.196792285742399,2,"28.3446232006774","69.7008185153825","6.63279706463449"
27010,2016,21.8261185885777,0.247310498330654,2,"6.32669393562155","17.1705495287213","30.0995909656767"
27010,2009,13.9508290451687,0.247310498330654,2,"6.32669393562155","17.1705495287213","30.0995909656767"
27010,2020,21.29519268971,0.247310498330654,2,"6.32669393562155","17.1705495287213","30.0995909656767"
27010,2012,17.6450511945392,0.247310498330654,2,"6.32669393562155","17.1705495287213","30.0995909656767"
27010,2005,15.0662251655629,0.247310498330654,2,"6.32669393562155","17.1705495287213","30.0995909656767"
27010,2001,23.2055347362352,0.247310498330654,2,"6.32669393562155","17.1705495287213","30.0995909656767"
27010,2024,23.9201451905626,0.247310498330654,2,"6.32669393562155","17.1705495287213","30.0995909656767"
27011,2001,22.089552238806,1.20729204394543,10,"29.6235199237509","79.3907401297702","7.42329264269218"
27011,2024,18.7239117471676,1.20729204394543,10,"29.6235199237509","79.3907401297702","7.42329264269218"
27011,2005,14.8285449490269,1.20729204394543,10,"29.6235199237509","79.3907401297702","7.42329264269218"
27011,2009,14.7373788883223,1.20729204394543,10,"29.6235199237509","79.3907401297702","7.42329264269218"
27011,2020,19.3083573487032,1.20729204394543,10,"29.6235199237509","79.3907401297702","7.42329264269218"
27011,2012,15.3937240970989,1.20729204394543,10,"29.6235199237509","79.3907401297702","7.42329264269218"
27011,2016,19.0355329949239,1.20729204394543,10,"29.6235199237509","79.3907401297702","7.42329264269218"
27012,2020,14.6218487394958,0.796268911386645,7,"23.0450603902137","68.4732115205946","15.7827500774234"
27012,2005,13.7513751375138,0.796268911386645,7,"23.0450603902137","68.4732115205946","15.7827500774234"
27012,2024,17.2808132147395,0.796268911386645,7,"23.0450603902137","68.4732115205946","15.7827500774234"
27012,2012,14.8831488314883,0.796268911386645,7,"23.0450603902137","68.4732115205946","15.7827500774234"
27012,2001,20.9534368070953,0.796268911386645,7,"23.0450603902137","68.4732115205946","15.7827500774234"
27012,2016,14.3631436314363,0.796268911386645,7,"23.0450603902137","68.4732115205946","15.7827500774234"
27012,2009,11.4583333333333,0.796268911386645,7,"23.0450603902137","68.4732115205946","15.7827500774234"
27013,2009,15.2229299363057,0,0,"14.0539015098067","53.6616339777057","22.7740934104699"
27013,2012,21.6845878136201,0,0,"14.0539015098067","53.6616339777057","22.7740934104699"
27013,2020,39.4115369725126,0,0,"14.0539015098067","53.6616339777057","22.7740934104699"
27013,2005,17.4435649369686,0,0,"14.0539015098067","53.6616339777057","22.7740934104699"
27013,2016,29.7718218036943,0,0,"14.0539015098067","53.6616339777057","22.7740934104699"
27013,2024,33.8043094312964,0,0,"14.0539015098067","53.6616339777057","22.7740934104699"
27013,2001,23.166144200627,0,0,"14.0539015098067","53.6616339777057","22.7740934104699"
27014,2012,26.1412782316194,0.223289047672212,2,"2.96545105566219","18.147792706334","31.6314779270633"
27014,2016,25.3929273084479,0.223289047672212,2,"2.96545105566219","18.147792706334","31.6314779270633"
27014,2005,17.4236783320923,0.223289047672212,2,"2.96545105566219","18.147792706334","31.6314779270633"
27014,2024,20.1216658867571,0.223289047672212,2,"2.96545105566219","18.147792706334","31.6314779270633"
27014,2020,18.4716877405168,0.223289047672212,2,"2.96545105566219","18.147792706334","31.6314779270633"
27014,2009,20.8996815286624,0.223289047672212,2,"2.96545105566219","18.147792706334","31.6314779270633"
27014,2001,27.5510204081633,0.223289047672212,2,"2.96545105566219","18.147792706334","31.6314779270633"
27015,2005,13.9926945771284,0.241837968561064,2,"13.6534281762498","37.3641572811697","23.0191661726931"
27015,2001,19.6769456681351,0.241837968561064,2,"13.6534281762498","37.3641572811697","23.0191661726931"
27015,2009,11.4293898596391,0.241837968561064,2,"13.6534281762498","37.3641572811697","23.0191661726931"
27015,2016,18.5119887165021,0.241837968561064,2,"13.6534281762498","37.3641572811697","23.0191661726931"
27015,2020,17.0407315045719,0.241837968561064,2,"13.6534281762498","37.3641572811697","23.0191661726931"
27015,2024,19.6366447622729,0.241837968561064,2,"13.6534281762498","37.3641572811697","23.0191661726931"
27015,2012,14.0630074699578,0.241837968561064,2,"13.6534281762498","37.3641572811697","23.0191661726931"
27016,2020,24.3850011941724,0.129290839744004,2,"33.3601846207437","88.5003918836541","4.10606984237569"
27016,2016,23.5947712418301,0.129290839744004,2,"33.3601846207437","88.5003918836541","4.10606984237569"
27016,2012,24.5499181669394,0.129290839744004,2,"33.3601846207437","88.5003918836541","4.10606984237569"
27016,2001,26.6037406047894,0.129290839744004,2,"33.3601846207437","88.5003918836541","4.10606984237569"
27016,2005,17.6171079429735,0.129290839744004,2,"33.3601846207437","88.5003918836541","4.10606984237569"
27016,2009,21.0637177461822,0.129290839744004,2,"33.3601846207437","88.5003918836541","4.10606984237569"
27016,2024,29.9870745368376,0.129290839744004,2,"33.3601846207437","88.5003918836541","4.10606984237569"
27017,2012,12.0481927710843,0.904840898808626,6,"12.8368263473054","27.7095808383234","25.4416167664671"
27017,2001,8.32443970117396,0.904840898808626,6,"12.8368263473054","27.7095808383234","25.4416167664671"
27017,2016,14.3065693430657,0.904840898808626,6,"12.8368263473054","27.7095808383234","25.4416167664671"
27017,2005,8.35791543756146,0.904840898808626,6,"12.8368263473054","27.7095808383234","25.4416167664671"
27017,2024,20.2877697841727,0.904840898808626,6,"12.8368263473054","27.7095808383234","25.4416167664671"
27017,2009,10,0.904840898808626,6,"12.8368263473054","27.7095808383234","25.4416167664671"
27017,2020,16.1392405063291,0.904840898808626,6,"12.8368263473054","27.7095808383234","25.4416167664671"
27018,2012,15.6290253327608,0.223513634331694,4,"18.6917379645001","56.091176095007","14.8352700804495"
27018,2024,19.0594059405941,0.223513634331694,4,"18.6917379645001","56.091176095007","14.8352700804495"
27018,2009,13.6201991465149,0.223513634331694,4,"18.6917379645001","56.091176095007","14.8352700804495"
27018,2016,22.6666666666667,0.223513634331694,4,"18.6917379645001","56.091176095007","14.8352700804495"
27018,2020,17.4611398963731,0.223513634331694,4,"18.6917379645001","56.091176095007","14.8352700804495"
27018,2001,27.9447322970639,0.223513634331694,4,"18.6917379645001","56.091176095007","14.8352700804495"
27018,2005,11.0769230769231,0.223513634331694,4,"18.6917379645001","56.091176095007","14.8352700804495"
27019,2005,15.0483817150484,0,0,"10.2955898624796","27.8044154065019","18.7575741609147"
27019,2009,18.1224899598394,0,0,"10.2955898624796","27.8044154065019","18.7575741609147"
27019,2016,26.3278563240352,0,0,"10.2955898624796","27.8044154065019","18.7575741609147"
27019,2012,21.2323540633346,0,0,"10.2955898624796","27.8044154065019","18.7575741609147"
27019,2020,33.0164217804667,0,0,"10.2955898624796","27.8044154065019","18.7575741609147"
27019,2024,30.5617147080562,0,0,"10.2955898624796","27.8044154065019","18.7575741609147"
27019,2001,19.3440897930551,0,0,"10.2955898624796","27.8044154065019","18.7575741609147"
27020,2001,17.388706304153,0,0,"12.259165731388","32.7183875794987","25.2244668911336"
27020,2016,10.7794943820225,0,0,"12.259165731388","32.7183875794987","25.2244668911336"
27020,2009,9.33886747702342,0,0,"12.259165731388","32.7183875794987","25.2244668911336"
27020,2005,6.22866894197952,0,0,"12.259165731388","32.7183875794987","25.2244668911336"
27020,2020,10.0994644223412,0,0,"12.259165731388","32.7183875794987","25.2244668911336"
27020,2024,12.7779871843196,0,0,"12.259165731388","32.7183875794987","25.2244668911336"
27020,2012,10.8117326057299,0,0,"12.259165731388","32.7183875794987","25.2244668911336"
27021,2020,17.558886509636,0,0,"29.6380573135177","64.246604565171","19.0215459005902"
27021,2016,17.799043062201,0,0,"29.6380573135177","64.246604565171","19.0215459005902"
27021,2012,16.1698283649503,0,0,"29.6380573135177","64.246604565171","19.0215459005902"
27021,2001,23.3431516936672,0,0,"29.6380573135177","64.246604565171","19.0215459005902"
27021,2024,21.285140562249,0,0,"29.6380573135177","64.246604565171","19.0215459005902"
27021,2005,14.3674052894925,0,0,"29.6380573135177","64.246604565171","19.0215459005902"
27021,2009,12.639405204461,0,0,"29.6380573135177","64.246604565171","19.0215459005902"
27022,2009,13.6375984786743,0,0,"7.37020921499672","26.3277105561185","23.9285927162186"
27022,2024,26.1649982740766,0,0,"7.37020921499672","26.3277105561185","23.9285927162186"
27022,2001,25.1833740831296,0,0,"7.37020921499672","26.3277105561185","23.9285927162186"
27022,2020,27.2727272727273,0,0,"7.37020921499672","26.3277105561185","23.9285927162186"
27022,2012,19.7689768976898,0,0,"7.37020921499672","26.3277105561185","23.9285927162186"
27022,2005,14.9634047167254,0,0,"7.37020921499672","26.3277105561185","23.9285927162186"
27022,2016,23.4830305107988,0,0,"7.37020921499672","26.3277105561185","23.9285927162186"
27023,2016,12.3429819770617,0,0,"5.46184738955823","22.5989672977625","23.8841078600115"
27023,2009,7.3697585768742,0,0,"5.46184738955823","22.5989672977625","23.8841078600115"
27023,2012,9.0863704443335,0,0,"5.46184738955823","22.5989672977625","23.8841078600115"
27023,2024,15.0027886224205,0,0,"5.46184738955823","22.5989672977625","23.8841078600115"
27023,2001,23.2260907888938,0,0,"5.46184738955823","22.5989672977625","23.8841078600115"
27023,2005,9.99174236168456,0,0,"5.46184738955823","22.5989672977625","23.8841078600115"
27023,2020,10.634328358209,0,0,"5.46184738955823","22.5989672977625","23.8841078600115"
27024,2020,17.3664122137405,0.702247191011236,6,"18.9477828633299","47.1775185786702","18.332595108027"
27024,2016,19.7457627118644,0.702247191011236,6,"18.9477828633299","47.1775185786702","18.332595108027"
27024,2012,17.2169811320755,0.702247191011236,6,"18.9477828633299","47.1775185786702","18.332595108027"
27024,2005,10.6078665077473,0.702247191011236,6,"18.9477828633299","47.1775185786702","18.332595108027"
27024,2001,17.6636568848758,0.702247191011236,6,"18.9477828633299","47.1775185786702","18.332595108027"
27024,2009,20.7397622192867,0.702247191011236,6,"18.9477828633299","47.1775185786702","18.332595108027"
27024,2024,24.1045498547919,0.702247191011236,6,"18.9477828633299","47.1775185786702","18.332595108027"
27025,2009,16.2536749265015,0,0,"6.96372592924317","17.3645320197044","30.0716524854456"
27025,2012,22.4857685009488,0,0,"6.96372592924317","17.3645320197044","30.0716524854456"
27025,2001,18.2985553772071,0,0,"6.96372592924317","17.3645320197044","30.0716524854456"
27025,2020,35.4494382022472,0,0,"6.96372592924317","17.3645320197044","30.0716524854456"
27025,2005,19.7183098591549,0,0,"6.96372592924317","17.3645320197044","30.0716524854456"
27025,2024,32.0626631853786,0,0,"6.96372592924317","17.3645320197044","30.0716524854456"
27025,2016,27.3096446700508,0,0,"6.96372592924317","17.3645320197044","30.0716524854456"
27026,2005,13.7145748987854,0,0,"23.3583926551793","51.7397378750582","18.428580932739"
27026,2009,13.3232780291604,0,0,"23.3583926551793","51.7397378750582","18.428580932739"
27026,2012,16.624843161857,0,0,"23.3583926551793","51.7397378750582","18.428580932739"
27026,2001,26.1650758001123,0,0,"23.3583926551793","51.7397378750582","18.428580932739"
27026,2020,20.8333333333333,0,0,"23.3583926551793","51.7397378750582","18.428580932739"
27026,2024,21.3506139154161,0,0,"23.3583926551793","51.7397378750582","18.428580932739"
27026,2016,18.8881446751507,0,0,"23.3583926551793","51.7397378750582","18.428580932739"
27027,2020,25.6166982922201,0,0,"21.262014208107","53.0547430004179","18.2365231926452"
27027,2001,23.3866519580805,0,0,"21.262014208107","53.0547430004179","18.2365231926452"
27027,2005,16.0839160839161,0,0,"21.262014208107","53.0547430004179","18.2365231926452"
27027,2016,23.7984496124031,0,0,"21.262014208107","53.0547430004179","18.2365231926452"
27027,2024,24.3012422360248,0,0,"21.262014208107","53.0547430004179","18.2365231926452"
27027,2012,19.9048913043478,0,0,"21.262014208107","53.0547430004179","18.2365231926452"
27027,2009,15.6213704994193,0,0,"21.262014208107","53.0547430004179","18.2365231926452"
27028,2020,26.4091082960196,0.681980222573545,22,"13.340600481785","34.7733053413541","21.7180077247097"
27028,2005,16.1390782552553,0.681980222573545,22,"13.340600481785","34.7733053413541","21.7180077247097"
27028,2024,26.5525598303544,0.681980222573545,22,"13.340600481785","34.7733053413541","21.7180077247097"
27028,2016,27.1242362525458,0.681980222573545,22,"13.340600481785","34.7733053413541","21.7180077247097"
27028,2001,20.7245048079998,0.681980222573545,22,"13.340600481785","34.7733053413541","21.7180077247097"
27028,2012,22.9872419873457,0.681980222573545,22,"13.340600481785","34.7733053413541","21.7180077247097"
27028,2009,14.7946261424953,0.681980222573545,22,"13.340600481785","34.7733053413541","21.7180077247097"
27029,2001,17.6672384219554,0.229200091680037,1,"14.5169912180221","46.704849179076","18.6254295532646"
27029,2016,17.2310756972112,0.229200091680037,1,"14.5169912180221","46.704849179076","18.6254295532646"
27029,2012,15.2329749103943,0.229200091680037,1,"14.5169912180221","46.704849179076","18.6254295532646"
27029,2005,16.2291169451074,0.229200091680037,1,"14.5169912180221","46.704849179076","18.6254295532646"
27029,2024,16.1041465766635,0.229200091680037,1,"14.5169912180221","46.704849179076","18.6254295532646"
27029,2009,16.131830008673,0.229200091680037,1,"14.5169912180221","46.704849179076","18.6254295532646"
27029,2020,17.9978700745474,0.229200091680037,1,"14.5169912180221","46.704849179076","18.6254295532646"
27030,2020,23.5701906412478,0.329416932030306,3,"13.7100737100737","37.6488376488376","22.4872424872425"
27030,2009,24.5261561789234,0.329416932030306,3,"13.7100737100737","37.6488376488376","22.4872424872425"
27030,2001,18.957182320442,0.329416932030306,3,"13.7100737100737","37.6488376488376","22.4872424872425"
27030,2005,16.7714191200794,0.329416932030306,3,"13.7100737100737","37.6488376488376","22.4872424872425"
27030,2024,28.110599078341,0.329416932030306,3,"13.7100737100737","37.6488376488376","22.4872424872425"
27030,2012,23.0697239120262,0.329416932030306,3,"13.7100737100737","37.6488376488376","22.4872424872425"
27030,2016,21.2418300653595,0.329416932030306,3,"13.7100737100737","37.6488376488376","22.4872424872425"
27031,2005,23.5956051745525,1.39205264490003,22,"18.8825255585006","45.0539568345324","18.5559447179099"
27031,2020,22.0530565167243,1.39205264490003,22,"18.8825255585006","45.0539568345324","18.5559447179099"
27031,2009,19.5432586736935,1.39205264490003,22,"18.8825255585006","45.0539568345324","18.5559447179099"
27031,2012,23.4964322120285,1.39205264490003,22,"18.8825255585006","45.0539568345324","18.5559447179099"
27031,2001,21.7439806637538,1.39205264490003,22,"18.8825255585006","45.0539568345324","18.5559447179099"
27031,2024,27.985550361241,1.39205264490003,22,"18.8825255585006","45.0539568345324","18.5559447179099"
27031,2016,24.5807181808828,1.39205264490003,22,"18.8825255585006","45.0539568345324","18.5559447179099"
27032,2016,19.3727870510875,0,0,"36.3247863247863","96.7553023108579","0.0316555872111428"
27032,2024,24.0184757505774,0,0,"36.3247863247863","96.7553023108579","0.0316555872111428"
27032,2005,10.9751575824991,0,0,"36.3247863247863","96.7553023108579","0.0316555872111428"
27032,2009,10.6768005790807,0,0,"36.3247863247863","96.7553023108579","0.0316555872111428"
27032,2020,24.4945118428654,0,0,"36.3247863247863","96.7553023108579","0.0316555872111428"
27032,2012,15.1398264223722,0,0,"36.3247863247863","96.7553023108579","0.0316555872111428"
27032,2001,19.4418604651163,0,0,"36.3247863247863","96.7553023108579","0.0316555872111428"
27033,2005,6.41940085592011,0.563539025077487,2,"17.7039097964563","44.3696002342949","19.0511055791478"
27033,2016,22.7064220183486,0.563539025077487,2,"17.7039097964563","44.3696002342949","19.0511055791478"
27033,2020,29.2753623188406,0.563539025077487,2,"17.7039097964563","44.3696002342949","19.0511055791478"
27033,2009,6.88468158347676,0.563539025077487,2,"17.7039097964563","44.3696002342949","19.0511055791478"
27033,2012,11.8161925601751,0.563539025077487,2,"17.7039097964563","44.3696002342949","19.0511055791478"
27033,2024,26.2162162162162,0.563539025077487,2,"17.7039097964563","44.3696002342949","19.0511055791478"
27033,2001,13.0039011703511,0.563539025077487,2,"17.7039097964563","44.3696002342949","19.0511055791478"
27034,2001,16.33875106929,0.550357732526142,4,"19.9823594266814","51.7574421168688","19.9073869900772"
27034,2020,15.2573529411765,0.550357732526142,4,"19.9823594266814","51.7574421168688","19.9073869900772"
27034,2016,17.2767203513909,0.550357732526142,4,"19.9823594266814","51.7574421168688","19.9073869900772"
27034,2005,14.6892655367232,0.550357732526142,4,"19.9823594266814","51.7574421168688","19.9073869900772"
27034,2009,8.97043832823649,0.550357732526142,4,"19.9823594266814","51.7574421168688","19.9073869900772"
27034,2012,12.0466321243523,0.550357732526142,4,"19.9823594266814","51.7574421168688","19.9073869900772"
27034,2024,18.5483870967742,0.550357732526142,4,"19.9823594266814","51.7574421168688","19.9073869900772"
27035,2020,24.7524752475248,0,0,"24.8411902373788","62.1865596790371","14.2427281845537"
27035,2016,24.3243243243243,0,0,"24.8411902373788","62.1865596790371","14.2427281845537"
27035,2012,12.1951219512195,0,0,"24.8411902373788","62.1865596790371","14.2427281845537"
27035,2009,9.32203389830508,0,0,"24.8411902373788","62.1865596790371","14.2427281845537"
27035,2024,24.7524752475248,0,0,"24.8411902373788","62.1865596790371","14.2427281845537"
27035,2005,18.4931506849315,0,0,"24.8411902373788","62.1865596790371","14.2427281845537"
27035,2001,15.1515151515152,0,0,"24.8411902373788","62.1865596790371","14.2427281845537"
27037,2012,8.06642941874259,0,0,"14.6173519575054","35.8498917961834","22.9146173519575"
27037,2009,12.7232142857143,0,0,"14.6173519575054","35.8498917961834","22.9146173519575"
27037,2016,10.5680317040951,0,0,"14.6173519575054","35.8498917961834","22.9146173519575"
27037,2001,18.5912240184757,0,0,"14.6173519575054","35.8498917961834","22.9146173519575"
27037,2024,15.4065620542083,0,0,"14.6173519575054","35.8498917961834","22.9146173519575"
27037,2020,9.06389301634472,0,0,"14.6173519575054","35.8498917961834","22.9146173519575"
27037,2005,12.0186697782964,0,0,"14.6173519575054","35.8498917961834","22.9146173519575"
27038,2009,9.47603121516165,0.163853842372604,1,"33.3307139208676","66.8185925896821","22.160229460532"
27038,2024,20.0652528548124,0.163853842372604,1,"33.3307139208676","66.8185925896821","22.160229460532"
27038,2012,9.18918918918919,0.163853842372604,1,"33.3307139208676","66.8185925896821","22.160229460532"
27038,2020,17.5,0.163853842372604,1,"33.3307139208676","66.8185925896821","22.160229460532"
27038,2005,6.92007797270955,0.163853842372604,1,"33.3307139208676","66.8185925896821","22.160229460532"
27038,2016,12.8930817610063,0.163853842372604,1,"33.3307139208676","66.8185925896821","22.160229460532"
27038,2001,11.6111611161116,0.163853842372604,1,"33.3307139208676","66.8185925896821","22.160229460532"
27039,2016,24.3733509234828,0.152998776009792,1,"3.67660076718796","17.4741811743877","29.4187075833579"
27039,2005,17.2854914196568,0.152998776009792,1,"3.67660076718796","17.4741811743877","29.4187075833579"
27039,2001,17.6915149433184,0.152998776009792,1,"3.67660076718796","17.4741811743877","29.4187075833579"
27039,2012,19.038208168643,0.152998776009792,1,"3.67660076718796","17.4741811743877","29.4187075833579"
27039,2009,16.0508782556027,0.152998776009792,1,"3.67660076718796","17.4741811743877","29.4187075833579"
27039,2020,21.7918491074436,0.152998776009792,1,"3.67660076718796","17.4741811743877","29.4187075833579"
27039,2024,23.8940628637951,0.152998776009792,1,"3.67660076718796","17.4741811743877","29.4187075833579"
27040,2020,15.173116089613,0,0,"37.302652352384","97.0397852857594","0"
27040,2001,15.2380952380952,0,0,"37.302652352384","97.0397852857594","0"
27040,2016,13.4518923848609,0,0,"37.302652352384","97.0397852857594","0"
27040,2024,18.8412623645784,0,0,"37.302652352384","97.0397852857594","0"
27040,2005,10.2139406487233,0,0,"37.302652352384","97.0397852857594","0"
27040,2009,8.50244926522043,0,0,"37.302652352384","97.0397852857594","0"
27040,2012,10.7925129430506,0,0,"37.302652352384","97.0397852857594","0"
27041,2009,13.926499032882,0.346140533056421,4,"9.16236050197577","24.4691475965088","24.1999218376829"
27041,2012,14.2938173567782,0.346140533056421,4,"9.16236050197577","24.4691475965088","24.1999218376829"
27041,2016,16.420555227407,0.346140533056421,4,"9.16236050197577","24.4691475965088","24.1999218376829"
27041,2024,25.9934853420195,0.346140533056421,4,"9.16236050197577","24.4691475965088","24.1999218376829"
27041,2005,11.5563839701771,0.346140533056421,4,"9.16236050197577","24.4691475965088","24.1999218376829"
27041,2020,20.0956937799043,0.346140533056421,4,"9.16236050197577","24.4691475965088","24.1999218376829"
27041,2001,16.3918982571832,0.346140533056421,4,"9.16236050197577","24.4691475965088","24.1999218376829"
27042,2016,10.381679389313,3.06698950766747,19,"10.7256986810761","28.3249084887572","25.3500668177328"
27042,2024,14.978354978355,3.06698950766747,19,"10.7256986810761","28.3249084887572","25.3500668177328"
27042,2001,16.0501193317422,3.06698950766747,19,"10.7256986810761","28.3249084887572","25.3500668177328"
27042,2005,9.82142857142857,3.06698950766747,19,"10.7256986810761","28.3249084887572","25.3500668177328"
27042,2012,10.4790419161677,3.06698950766747,19,"10.7256986810761","28.3249084887572","25.3500668177328"
27042,2009,9.30383864671438,3.06698950766747,19,"10.7256986810761","28.3249084887572","25.3500668177328"
27042,2020,13.0782918149466,3.06698950766747,19,"10.7256986810761","28.3249084887572","25.3500668177328"
27043,2005,18.3760683760684,0,0,"5.8912037037037","16.4467592592593","28.7615740740741"
27043,2009,13.2284921369103,0,0,"5.8912037037037","16.4467592592593","28.7615740740741"
27043,2024,24.492385786802,0,0,"5.8912037037037","16.4467592592593","28.7615740740741"
27043,2020,18.5074626865672,0,0,"5.8912037037037","16.4467592592593","28.7615740740741"
27043,2012,15.6698564593301,0,0,"5.8912037037037","16.4467592592593","28.7615740740741"
27043,2016,20.2166064981949,0,0,"5.8912037037037","16.4467592592593","28.7615740740741"
27043,2001,22.9965156794425,0,0,"5.8912037037037","16.4467592592593","28.7615740740741"
27044,2016,24.6835443037975,0.240269101393561,2,"27.7886267770661","62.3301046711451","18.3721293547883"
27044,2001,22.8847703464948,0.240269101393561,2,"27.7886267770661","62.3301046711451","18.3721293547883"
27044,2024,19.0951821386604,0.240269101393561,2,"27.7886267770661","62.3301046711451","18.3721293547883"
27044,2009,24.0700218818381,0.240269101393561,2,"27.7886267770661","62.3301046711451","18.3721293547883"
27044,2005,20.3317737133135,0.240269101393561,2,"27.7886267770661","62.3301046711451","18.3721293547883"
27044,2020,24.8447204968944,0.240269101393561,2,"27.7886267770661","62.3301046711451","18.3721293547883"
27044,2012,21.39486103828,0.240269101393561,2,"27.7886267770661","62.3301046711451","18.3721293547883"
27045,2020,8.14558058925477,0.640068273949221,3,"26.8132166361354","73.668498541285","0"
27045,2001,13.4538152610442,0.640068273949221,3,"26.8132166361354","73.668498541285","0"
27045,2016,9.4488188976378,0.640068273949221,3,"26.8132166361354","73.668498541285","0"
27045,2012,7.83289817232376,0.640068273949221,3,"26.8132166361354","73.668498541285","0"
27045,2024,11.9205298013245,0.640068273949221,3,"26.8132166361354","73.668498541285","0"
27045,2009,8.1587651598677,0.640068273949221,3,"26.8132166361354","73.668498541285","0"
27045,2005,8.06794055201699,0.640068273949221,3,"26.8132166361354","73.668498541285","0"
27046,2009,15.2851711026616,0.382701875239189,2,"23.6194326138742","62.5857215043673","12.5460189128709"
27046,2005,19.6765498652291,0.382701875239189,2,"23.6194326138742","62.5857215043673","12.5460189128709"
27046,2020,22.2598870056497,0.382701875239189,2,"23.6194326138742","62.5857215043673","12.5460189128709"
27046,2001,22.9166666666667,0.382701875239189,2,"23.6194326138742","62.5857215043673","12.5460189128709"
27046,2012,16.6231505657093,0.382701875239189,2,"23.6194326138742","62.5857215043673","12.5460189128709"
27046,2016,20.2495201535509,0.382701875239189,2,"23.6194326138742","62.5857215043673","12.5460189128709"
27046,2024,21.5930902111324,0.382701875239189,2,"23.6194326138742","62.5857215043673","12.5460189128709"
27047,2020,31.8493150684932,0.983888820563276,8,"28.5346427929816","75.1362357027367","8.37175878795138"
27047,2001,18.8607594936709,0.983888820563276,8,"28.5346427929816","75.1362357027367","8.37175878795138"
27047,2005,15.7511581733951,0.983888820563276,8,"28.5346427929816","75.1362357027367","8.37175878795138"
27047,2009,32.2881921280854,0.983888820563276,8,"28.5346427929816","75.1362357027367","8.37175878795138"
27047,2012,26.7996530789245,0.983888820563276,8,"28.5346427929816","75.1362357027367","8.37175878795138"
27047,2024,35.4554358472086,0.983888820563276,8,"28.5346427929816","75.1362357027367","8.37175878795138"
27047,2016,33.953488372093,0.983888820563276,8,"28.5346427929816","75.1362357027367","8.37175878795138"
27049,2001,21.9298245614035,0,0,"15.5387818844352","50.3253513794898","15.4346694429984"
27049,2016,11.0993657505285,0,0,"15.5387818844352","50.3253513794898","15.4346694429984"
27049,2009,22.0588235294118,0,0,"15.5387818844352","50.3253513794898","15.4346694429984"
27049,2012,13.8686131386861,0,0,"15.5387818844352","50.3253513794898","15.4346694429984"
27049,2020,11.4982578397213,0,0,"15.5387818844352","50.3253513794898","15.4346694429984"
27049,2024,15.0392817059484,0,0,"15.5387818844352","50.3253513794898","15.4346694429984"
27049,2005,14.713216957606,0,0,"15.5387818844352","50.3253513794898","15.4346694429984"
27050,2012,11.4545454545455,2.43083690241926,21,"16.7895908711383","33.8644586696354","20.8947954355692"
27050,2005,7.65008576329331,2.43083690241926,21,"16.7895908711383","33.8644586696354","20.8947954355692"
27050,2016,17.3614516920059,2.43083690241926,21,"16.7895908711383","33.8644586696354","20.8947954355692"
27050,2001,11.2972202423378,2.43083690241926,21,"16.7895908711383","33.8644586696354","20.8947954355692"
27050,2024,19.7353914002205,2.43083690241926,21,"16.7895908711383","33.8644586696354","20.8947954355692"
27050,2020,15.1826484018265,2.43083690241926,21,"16.7895908711383","33.8644586696354","20.8947954355692"
27050,2009,9.78219335116546,2.43083690241926,21,"16.7895908711383","33.8644586696354","20.8947954355692"
27051,2009,21.4496271891798,2.12562440216814,20,"17.922165820643","47.8307952622673","19.3671742808799"
27051,2012,27.1210293526337,2.12562440216814,20,"17.922165820643","47.8307952622673","19.3671742808799"
27051,2001,23.3528412308854,2.12562440216814,20,"17.922165820643","47.8307952622673","19.3671742808799"
27051,2024,29.4439208294062,2.12562440216814,20,"17.922165820643","47.8307952622673","19.3671742808799"
27051,2020,31.4153439153439,2.12562440216814,20,"17.922165820643","47.8307952622673","19.3671742808799"
27051,2016,28.8252714708786,2.12562440216814,20,"17.922165820643","47.8307952622673","19.3671742808799"
27051,2005,18.8262742282843,2.12562440216814,20,"17.922165820643","47.8307952622673","19.3671742808799"
27052,2024,16.8989547038328,3.79867046533713,16,"24.0148757714828","52.4054438993512","10.2626997942712"
27052,2012,6.60522273425499,3.79867046533713,16,"24.0148757714828","52.4054438993512","10.2626997942712"
27052,2001,9.47867298578199,3.79867046533713,16,"24.0148757714828","52.4054438993512","10.2626997942712"
27052,2020,14.0952380952381,3.79867046533713,16,"24.0148757714828","52.4054438993512","10.2626997942712"
27052,2005,4.11428571428571,3.79867046533713,16,"24.0148757714828","52.4054438993512","10.2626997942712"
27052,2009,5.16605166051661,3.79867046533713,16,"24.0148757714828","52.4054438993512","10.2626997942712"
27052,2016,12.0385232744783,3.79867046533713,16,"24.0148757714828","52.4054438993512","10.2626997942712"
27054,2009,30.5293005671077,0,0,"4.26198683798182","11.6264493889063","32.4140812702392"
27054,2001,30.3405572755418,0,0,"4.26198683798182","11.6264493889063","32.4140812702392"
27054,2005,21.4708368554522,0,0,"4.26198683798182","11.6264493889063","32.4140812702392"
27054,2016,20.6150341685649,0,0,"4.26198683798182","11.6264493889063","32.4140812702392"
27054,2012,23.9406779661017,0,0,"4.26198683798182","11.6264493889063","32.4140812702392"
27054,2020,19.325551232166,0,0,"4.26198683798182","11.6264493889063","32.4140812702392"
27054,2024,23.1971153846154,0,0,"4.26198683798182","11.6264493889063","32.4140812702392"
27055,2012,8.8145896656535,0,0,"11.7076855290489","36.8603260527475","20.6835777679864"
27055,2005,11.0764430577223,0,0,"11.7076855290489","36.8603260527475","20.6835777679864"
27055,2009,8.43776106934002,0,0,"11.7076855290489","36.8603260527475","20.6835777679864"
27055,2001,20,0,0,"11.7076855290489","36.8603260527475","20.6835777679864"
27055,2020,15.0666666666667,0,0,"11.7076855290489","36.8603260527475","20.6835777679864"
27055,2024,29.3911007025761,0,0,"11.7076855290489","36.8603260527475","20.6835777679864"
27055,2016,16.3771712158809,0,0,"11.7076855290489","36.8603260527475","20.6835777679864"
27056,2001,17.4242424242424,0.958772770853308,1,"14.4353369763206","38.2058287795993","19.8087431693989"
27056,2020,24.320652173913,0.958772770853308,1,"14.4353369763206","38.2058287795993","19.8087431693989"
27056,2016,24.238578680203,0.958772770853308,1,"14.4353369763206","38.2058287795993","19.8087431693989"
27056,2005,13.4673366834171,0.958772770853308,1,"14.4353369763206","38.2058287795993","19.8087431693989"
27056,2024,23.1334149326805,0.958772770853308,1,"14.4353369763206","38.2058287795993","19.8087431693989"
27056,2009,15.2238805970149,0.958772770853308,1,"14.4353369763206","38.2058287795993","19.8087431693989"
27056,2012,18.6101295641932,0.958772770853308,1,"14.4353369763206","38.2058287795993","19.8087431693989"
27057,2020,26.862507571169,0.599840042655292,9,"15.1282475591594","41.876551381764","20.1985768657951"
27057,2005,14.2264672615307,0.599840042655292,9,"15.1282475591594","41.876551381764","20.1985768657951"
27057,2009,13.2015227803021,0.599840042655292,9,"15.1282475591594","41.876551381764","20.1985768657951"
27057,2024,28.874848769996,0.599840042655292,9,"15.1282475591594","41.876551381764","20.1985768657951"
27057,2016,25.918283120099,0.599840042655292,9,"15.1282475591594","41.876551381764","20.1985768657951"
27057,2012,18.2196917094848,0.599840042655292,9,"15.1282475591594","41.876551381764","20.1985768657951"
27057,2001,25.3558844256519,0.599840042655292,9,"15.1282475591594","41.876551381764","20.1985768657951"
27058,2001,16.9610231425091,0.43886597033266,5,"10.4647486563389","24.8252362384515","26.2900902799733"
27058,2020,12.8048780487805,0.43886597033266,5,"10.4647486563389","24.8252362384515","26.2900902799733"
27058,2024,18.733153638814,0.43886597033266,5,"10.4647486563389","24.8252362384515","26.2900902799733"
27058,2012,13.6434108527132,0.43886597033266,5,"10.4647486563389","24.8252362384515","26.2900902799733"
27058,2005,12.1167452830189,0.43886597033266,5,"10.4647486563389","24.8252362384515","26.2900902799733"
27058,2009,12.5516364791865,0.43886597033266,5,"10.4647486563389","24.8252362384515","26.2900902799733"
27058,2016,13.9544344995932,0.43886597033266,5,"10.4647486563389","24.8252362384515","26.2900902799733"
27059,2016,18.6833855799373,0.749344323716748,8,"12.7150761767604","28.4506935496096","24.8351398468885"
27059,2009,12.5948406676783,0.749344323716748,8,"12.7150761767604","28.4506935496096","24.8351398468885"
27059,2001,14.2583732057416,0.749344323716748,8,"12.7150761767604","28.4506935496096","24.8351398468885"
27059,2012,15.2827918170878,0.749344323716748,8,"12.7150761767604","28.4506935496096","24.8351398468885"
27059,2005,10.7728337236534,0.749344323716748,8,"12.7150761767604","28.4506935496096","24.8351398468885"
27059,2024,21.4232209737828,0.749344323716748,8,"12.7150761767604","28.4506935496096","24.8351398468885"
27059,2020,14.5336225596529,0.749344323716748,8,"12.7150761767604","28.4506935496096","24.8351398468885"
27060,2012,18.4920198128784,0,0,"34.1931693770194","90.9289967689391","3.02277764426286"
27060,2001,15.9203980099502,0,0,"34.1931693770194","90.9289967689391","3.02277764426286"
27060,2009,18.8041989958923,0,0,"34.1931693770194","90.9289967689391","3.02277764426286"
27060,2020,19.7312588401697,0,0,"34.1931693770194","90.9289967689391","3.02277764426286"
27060,2016,22.766217870257,0,0,"34.1931693770194","90.9289967689391","3.02277764426286"
27060,2005,12.7288207747978,0,0,"34.1931693770194","90.9289967689391","3.02277764426286"
27060,2024,26.0519801980198,0,0,"34.1931693770194","90.9289967689391","3.02277764426286"
27061,2009,15.7232704402516,0,0,"15.7062915910466","47.4818511796733","31.6923774954628"
27061,2012,13.5204081632653,0,0,"15.7062915910466","47.4818511796733","31.6923774954628"
27061,2005,9.50980392156863,0,0,"15.7062915910466","47.4818511796733","31.6923774954628"
27061,2001,11.275415896488,0,0,"15.7062915910466","47.4818511796733","31.6923774954628"
27061,2016,13.0374479889043,0,0,"15.7062915910466","47.4818511796733","31.6923774954628"
27061,2020,17.7033492822967,0,0,"15.7062915910466","47.4818511796733","31.6923774954628"
27061,2024,9.74683544303798,0,0,"15.7062915910466","47.4818511796733","31.6923774954628"
27062,2020,13.768115942029,0.73882526782416,2,"0.149356617647059","29.2049632352941","29.4577205882353"
27062,2012,10.5882352941176,0.73882526782416,2,"0.149356617647059","29.2049632352941","29.4577205882353"
27062,2001,19.9604743083004,0.73882526782416,2,"0.149356617647059","29.2049632352941","29.4577205882353"
27062,2024,14.6453089244851,0.73882526782416,2,"0.149356617647059","29.2049632352941","29.4577205882353"
27062,2009,5.62390158172232,0.73882526782416,2,"0.149356617647059","29.2049632352941","29.4577205882353"
27062,2016,9.11161731207289,0.73882526782416,2,"0.149356617647059","29.2049632352941","29.4577205882353"
27062,2005,8.03418803418803,0.73882526782416,2,"0.149356617647059","29.2049632352941","29.4577205882353"
27063,2024,28.7511230907457,0,0,"9.0644127076654","33.5373554843097","28.3687943262411"
27063,2005,16.866708780796,0,0,"9.0644127076654","33.5373554843097","28.3687943262411"
27063,2001,15.6365883807169,0,0,"9.0644127076654","33.5373554843097","28.3687943262411"
27063,2020,30.2645502645503,0,0,"9.0644127076654","33.5373554843097","28.3687943262411"
27063,2009,20.655737704918,0,0,"9.0644127076654","33.5373554843097","28.3687943262411"
27063,2012,15.7164869029276,0,0,"9.0644127076654","33.5373554843097","28.3687943262411"
27063,2016,18.9841798501249,0,0,"9.0644127076654","33.5373554843097","28.3687943262411"
27064,2012,14.5322434150772,0.391926317852244,2,"22.4522746699592","58.5525690948808","13.410580302023"
27064,2009,13.0094043887147,0.391926317852244,2,"22.4522746699592","58.5525690948808","13.410580302023"
27064,2001,17.1921921921922,0.391926317852244,2,"22.4522746699592","58.5525690948808","13.410580302023"
27064,2005,11.4874815905744,0.391926317852244,2,"22.4522746699592","58.5525690948808","13.410580302023"
27064,2020,19.5676905574517,0.391926317852244,2,"22.4522746699592","58.5525690948808","13.410580302023"
27064,2024,21.5562565720294,0.391926317852244,2,"22.4522746699592","58.5525690948808","13.410580302023"
27064,2016,15.4214559386973,0.391926317852244,2,"22.4522746699592","58.5525690948808","13.410580302023"
27065,2005,13.3636560537145,0.057415169087673,1,"9.96955417224194","23.8059223922276","26.7399693602498"
27065,2016,18.885887044899,0.057415169087673,1,"9.96955417224194","23.8059223922276","26.7399693602498"
27065,2009,13.0042918454936,0.057415169087673,1,"9.96955417224194","23.8059223922276","26.7399693602498"
27065,2001,15.3264061441157,0.057415169087673,1,"9.96955417224194","23.8059223922276","26.7399693602498"
27065,2024,23.5385011588978,0.057415169087673,1,"9.96955417224194","23.8059223922276","26.7399693602498"
27065,2020,20.6175007316359,0.057415169087673,1,"9.96955417224194","23.8059223922276","26.7399693602498"
27065,2012,15.9248269040554,0.057415169087673,1,"9.96955417224194","23.8059223922276","26.7399693602498"
27066,2012,22.305643012836,1.63386557742295,22,"24.4789550072569","56.8127721335268","12.722786647315"
27066,2024,32.6743893225888,1.63386557742295,22,"24.4789550072569","56.8127721335268","12.722786647315"
27066,2005,16.9947643979058,1.63386557742295,22,"24.4789550072569","56.8127721335268","12.722786647315"
27066,2016,26.4088538353899,1.63386557742295,22,"24.4789550072569","56.8127721335268","12.722786647315"
27066,2020,35.1958444475642,1.63386557742295,22,"24.4789550072569","56.8127721335268","12.722786647315"
27066,2001,24.6111619396157,1.63386557742295,22,"24.4789550072569","56.8127721335268","12.722786647315"
27066,2009,16.172947070355,1.63386557742295,22,"24.4789550072569","56.8127721335268","12.722786647315"
32001,2016,50.779376498801,0.428036383092563,4,"6.0286275610440638","5.3438113948919455","78.742632612966602"
32001,2001,54.4958253050739,0.428036383092563,4,"6.0286275610440638","5.3438113948919455","78.742632612966602"
32001,2009,52.7369826435247,0.428036383092563,4,"6.0286275610440638","5.3438113948919455","78.742632612966602"
32001,2005,56.729667812142,0.428036383092563,4,"6.0286275610440638","5.3438113948919455","78.742632612966602"
32001,2020,52.4094488188976,0.428036383092563,4,"6.0286275610440638","5.3438113948919455","78.742632612966602"
32001,2024,52.5950596724951,0.428036383092563,4,"6.0286275610440638","5.3438113948919455","78.742632612966602"
32001,2012,51.6740740740741,0.428036383092563,4,"6.0286275610440638","5.3438113948919455","78.742632612966602"
32002,2005,15.1631477927063,0.76219512195122,4,"23.17826265953067","22.080417181281735","27.36379854535474"
32002,2016,13.5605511240029,0.76219512195122,4,"23.17826265953067","22.080417181281735","27.36379854535474"
32002,2009,11.3761467889908,0.76219512195122,4,"23.17826265953067","22.080417181281735","27.36379854535474"
32002,2020,19.3853427895981,0.76219512195122,4,"23.17826265953067","22.080417181281735","27.36379854535474"
32002,2001,23.3512786002692,0.76219512195122,4,"23.17826265953067","22.080417181281735","27.36379854535474"
32002,2024,21.5807560137457,0.76219512195122,4,"23.17826265953067","22.080417181281735","27.36379854535474"
32002,2012,11.5147361206306,0.76219512195122,4,"23.17826265953067","22.080417181281735","27.36379854535474"
32003,2005,19.0703218116806,0.696621386276559,2,"7.5535209371213137","12.319913827925138","57.07553520937121"
32003,2012,14.2642642642643,0.696621386276559,2,"7.5535209371213137","12.319913827925138","57.07553520937121"
32003,2024,21.283255086072,0.696621386276559,2,"7.5535209371213137","12.319913827925138","57.07553520937121"
32003,2020,16.7752442996743,0.696621386276559,2,"7.5535209371213137","12.319913827925138","57.07553520937121"
32003,2016,15.5688622754491,0.696621386276559,2,"7.5535209371213137","12.319913827925138","57.07553520937121"
32003,2001,23.8841978287093,0.696621386276559,2,"7.5535209371213137","12.319913827925138","57.07553520937121"
32003,2009,12.1323529411765,0.696621386276559,2,"7.5535209371213137","12.319913827925138","57.07553520937121"
32004,2005,3.54243542435424,0,0,"4.4087777291011188","14.321558007089092","31.960651559201875"
32004,2009,5.70469798657718,0,0,"4.4087777291011188","14.321558007089092","31.960651559201875"
32004,2001,4.85021398002853,0,0,"4.4087777291011188","14.321558007089092","31.960651559201875"
32004,2012,3.47490347490348,0,0,"4.4087777291011188","14.321558007089092","31.960651559201875"
32004,2024,6.38569604086845,0,0,"4.4087777291011188","14.321558007089092","31.960651559201875"
32004,2020,4.72049689440994,0,0,"4.4087777291011188","14.321558007089092","31.960651559201875"
32004,2016,3.78548895899054,0,0,"4.4087777291011188","14.321558007089092","31.960651559201875"
32005,2024,15.4954954954955,0,0,"1.7184401850627893","5.1553205551883678","48.276838825417805"
32005,2012,9.77337110481587,0,0,"1.7184401850627893","5.1553205551883678","48.276838825417805"
32005,2009,11.1922141119221,0,0,"1.7184401850627893","5.1553205551883678","48.276838825417805"
32005,2016,8.6890243902439,0,0,"1.7184401850627893","5.1553205551883678","48.276838825417805"
32005,2005,11.2373737373737,0,0,"1.7184401850627893","5.1553205551883678","48.276838825417805"
32005,2020,7.9734219269103,0,0,"1.7184401850627893","5.1553205551883678","48.276838825417805"
32005,2001,23.1300345224396,0,0,"1.7184401850627893","5.1553205551883678","48.276838825417805"
32006,2005,17.1350239890336,0.171438367906738,1,"14.464137028666588","16.29594385631022","37.361722374211965"
32006,2012,12.6748971193416,0.171438367906738,1,"14.464137028666588","16.29594385631022","37.361722374211965"
32006,2024,15.3846153846154,0.171438367906738,1,"14.464137028666588","16.29594385631022","37.361722374211965"
32006,2009,18.1446111869031,0.171438367906738,1,"14.464137028666588","16.29594385631022","37.361722374211965"
32006,2020,11.2033195020747,0.171438367906738,1,"14.464137028666588","16.29594385631022","37.361722374211965"
32006,2016,11.5900383141762,0.171438367906738,1,"14.464137028666588","16.29594385631022","37.361722374211965"
32006,2001,21.1051930758988,0.171438367906738,1,"14.464137028666588","16.29594385631022","37.361722374211965"
32007,2016,32.1393034825871,0.83948959032908,5,"0","0.10562450488513335","53.10271983100079"
32007,2020,32.367758186398,0.83948959032908,5,"0","0.10562450488513335","53.10271983100079"
32007,2024,25.6437768240343,0.83948959032908,5,"0","0.10562450488513335","53.10271983100079"
32007,2005,18.936170212766,0.83948959032908,5,"0","0.10562450488513335","53.10271983100079"
32007,2012,27.3567467652495,0.83948959032908,5,"0","0.10562450488513335","53.10271983100079"
32007,2001,19.8092443140132,0.83948959032908,5,"0","0.10562450488513335","53.10271983100079"
32007,2009,27.5341480948958,0.83948959032908,5,"0","0.10562450488513335","53.10271983100079"
32008,2016,24.5458059528411,1.86089788322866,8,"17.554967192356393","15.551974214343273","44.342120409807762"
32008,2024,28.346864743479,1.86089788322866,8,"17.554967192356393","15.551974214343273","44.342120409807762"
32008,2009,20.7347566839777,1.86089788322866,8,"17.554967192356393","15.551974214343273","44.342120409807762"
32008,2005,23.4511243689766,1.86089788322866,8,"17.554967192356393","15.551974214343273","44.342120409807762"
32008,2020,26.890756302521,1.86089788322866,8,"17.554967192356393","15.551974214343273","44.342120409807762"
32008,2012,21.469164386445,1.86089788322866,8,"17.554967192356393","15.551974214343273","44.342120409807762"
32008,2001,26.3052781740371,1.86089788322866,8,"17.554967192356393","15.551974214343273","44.342120409807762"
32009,2012,12.883631713555,1.41709966934341,9,"NA","NA","NA"
32009,2020,16.6431344864102,1.41709966934341,9,"NA","NA","NA"
32009,2005,11.7217232455473,1.41709966934341,9,"NA","NA","NA"
32009,2009,9.81496379726468,1.41709966934341,9,"NA","NA","NA"
32009,2016,16.9129204652625,1.41709966934341,9,"NA","NA","NA"
32009,2001,19.0321415673528,1.41709966934341,9,"NA","NA","NA"
32009,2024,22.7572878080206,1.41709966934341,9,"NA","NA","NA"
32010,2009,5.8659217877095,0,0,"19.605654761904763","15.029761904761903","46.168154761904759"
32010,2001,10.4859335038363,0,0,"19.605654761904763","15.029761904761903","46.168154761904759"
32010,2005,11.4213197969543,0,0,"19.605654761904763","15.029761904761903","46.168154761904759"
32010,2024,22.8571428571429,0,0,"19.605654761904763","15.029761904761903","46.168154761904759"
32010,2012,9.70873786407767,0,0,"19.605654761904763","15.029761904761903","46.168154761904759"
32010,2016,16.2544169611307,0,0,"19.605654761904763","15.029761904761903","46.168154761904759"
32010,2020,17.1206225680934,0,0,"19.605654761904763","15.029761904761903","46.168154761904759"
32011,2001,3.55871886120996,0,0,"0.48974848510002489","4.0175977421764753","33.120278907611855"
32011,2012,5.67260940032415,0,0,"0.48974848510002489","4.0175977421764753","33.120278907611855"
32011,2024,10.1910828025478,0,0,"0.48974848510002489","4.0175977421764753","33.120278907611855"
32011,2005,4.55075845974329,0,0,"0.48974848510002489","4.0175977421764753","33.120278907611855"
32011,2020,7.00757575757576,0,0,"0.48974848510002489","4.0175977421764753","33.120278907611855"
32011,2016,6.32688927943761,0,0,"0.48974848510002489","4.0175977421764753","33.120278907611855"
32011,2009,6.3273727647868,0,0,"0.48974848510002489","4.0175977421764753","33.120278907611855"
32012,2001,7.49711649365629,0,0,"5.3491351697629721","4.2814435191116811","45.718556480888317"
32012,2009,30.4913294797688,0,0,"5.3491351697629721","4.2814435191116811","45.718556480888317"
32012,2012,15.8928571428571,0,0,"5.3491351697629721","4.2814435191116811","45.718556480888317"
32012,2020,15.9737417943107,0,0,"5.3491351697629721","4.2814435191116811","45.718556480888317"
32012,2005,11.1111111111111,0,0,"5.3491351697629721","4.2814435191116811","45.718556480888317"
32012,2016,15.9663865546218,0,0,"5.3491351697629721","4.2814435191116811","45.718556480888317"
32012,2024,21.8468468468468,0,0,"5.3491351697629721","4.2814435191116811","45.718556480888317"
32013,2012,10.6100795755968,0.119502868068834,1,"5.7850248786043998","7.2957256759187104","55.967867633834899"
32013,2016,11.0692771084337,0.119502868068834,1,"5.7850248786043998","7.2957256759187104","55.967867633834899"
32013,2001,15.5795148247978,0.119502868068834,1,"5.7850248786043998","7.2957256759187104","55.967867633834899"
32013,2009,12.6055149127743,0.119502868068834,1,"5.7850248786043998","7.2957256759187104","55.967867633834899"
32013,2020,9.67472894078399,0.119502868068834,1,"5.7850248786043998","7.2957256759187104","55.967867633834899"
32013,2024,13.2385938668661,0.119502868068834,1,"5.7850248786043998","7.2957256759187104","55.967867633834899"
32013,2005,9.4017094017094,0.119502868068834,1,"5.7850248786043998","7.2957256759187104","55.967867633834899"
32014,2001,19.8807157057654,0,0,"0","0","78.836415027676367"
32014,2009,62.0126926563917,0,0,"0","0","78.836415027676367"
32014,2012,43.8752783964365,0,0,"0","0","78.836415027676367"
32014,2020,18.8218390804598,0,0,"0","0","78.836415027676367"
32014,2016,18.4873949579832,0,0,"0","0","78.836415027676367"
32014,2005,29.4411177644711,0,0,"0","0","78.836415027676367"
32014,2024,23.8557558945908,0,0,"0","0","78.836415027676367"
32015,2016,9.52380952380952,0.310318076027929,2,"5.1855213888573708","9.8263928287756723","42.981958470441391"
32015,2012,8.66141732283465,0.310318076027929,2,"5.1855213888573708","9.8263928287756723","42.981958470441391"
32015,2005,10.6078665077473,0.310318076027929,2,"5.1855213888573708","9.8263928287756723","42.981958470441391"
32015,2020,10.9263657957245,0.310318076027929,2,"5.1855213888573708","9.8263928287756723","42.981958470441391"
32015,2001,14.3034825870647,0.310318076027929,2,"5.1855213888573708","9.8263928287756723","42.981958470441391"
32015,2024,16.4835164835165,0.310318076027929,2,"5.1855213888573708","9.8263928287756723","42.981958470441391"
32015,2009,6.97084917617237,0.310318076027929,2,"5.1855213888573708","9.8263928287756723","42.981958470441391"
32016,2016,4.68468468468468,0.712250712250712,3,"13.384467881112174","23.470757430488977","10.968360498561839"
32016,2001,10.4945717732207,0.712250712250712,3,"13.384467881112174","23.470757430488977","10.968360498561839"
32016,2020,10.4545454545455,0.712250712250712,3,"13.384467881112174","23.470757430488977","10.968360498561839"
32016,2024,12.4121779859485,0.712250712250712,3,"13.384467881112174","23.470757430488977","10.968360498561839"
32016,2005,13.5355892648775,0.712250712250712,3,"13.384467881112174","23.470757430488977","10.968360498561839"
32016,2009,9.63704630788486,0.712250712250712,3,"13.384467881112174","23.470757430488977","10.968360498561839"
32016,2012,2.80649926144756,0.712250712250712,3,"13.384467881112174","23.470757430488977","10.968360498561839"
32017,2001,15.2688172043011,0.962463907603465,4,"9.040419623572971","6.8960197469916693","19.962974390620182"
32017,2024,12.568306010929,0.962463907603465,4,"9.040419623572971","6.8960197469916693","19.962974390620182"
32017,2012,8.96358543417367,0.962463907603465,4,"9.040419623572971","6.8960197469916693","19.962974390620182"
32017,2005,9.69116080937167,0.962463907603465,4,"9.040419623572971","6.8960197469916693","19.962974390620182"
32017,2016,7.6,0.962463907603465,4,"9.040419623572971","6.8960197469916693","19.962974390620182"
32017,2020,7.10144927536232,0.962463907603465,4,"9.040419623572971","6.8960197469916693","19.962974390620182"
32017,2009,9.04139433551198,0.962463907603465,4,"9.040419623572971","6.8960197469916693","19.962974390620182"
32018,2012,7.58341759352882,1.19617224880383,5,"34.38095238095238","25.65986394557823","26.544217687074827"
32018,2001,11.5927419354839,1.19617224880383,5,"34.38095238095238","25.65986394557823","26.544217687074827"
32018,2024,18.6633039092055,1.19617224880383,5,"34.38095238095238","25.65986394557823","26.544217687074827"
32018,2020,11.7511520737327,1.19617224880383,5,"34.38095238095238","25.65986394557823","26.544217687074827"
32018,2005,9.05829596412556,1.19617224880383,5,"34.38095238095238","25.65986394557823","26.544217687074827"
32018,2009,7.29800173761946,1.19617224880383,5,"34.38095238095238","25.65986394557823","26.544217687074827"
32018,2016,12.8421052631579,1.19617224880383,5,"34.38095238095238","25.65986394557823","26.544217687074827"
32019,2005,15.1064633992692,0.282087447108604,3,"11.119939779190364","9.7775175644028103","46.784041485446636"
32019,2020,17.9010494752624,0.282087447108604,3,"11.119939779190364","9.7775175644028103","46.784041485446636"
32019,2009,14.289156626506,0.282087447108604,3,"11.119939779190364","9.7775175644028103","46.784041485446636"
32019,2012,10.7797295589536,0.282087447108604,3,"11.119939779190364","9.7775175644028103","46.784041485446636"
32019,2016,17.5131834582293,0.282087447108604,3,"11.119939779190364","9.7775175644028103","46.784041485446636"
32019,2024,22.1211298207496,0.282087447108604,3,"11.119939779190364","9.7775175644028103","46.784041485446636"
32019,2001,21.2369062993256,0.282087447108604,3,"11.119939779190364","9.7775175644028103","46.784041485446636"
32020,2012,23.4012316437707,0,0,"1.1885895404120443","0.62259452116821368","46.321032374915099"
32020,2001,25.5851493139629,0,0,"1.1885895404120443","0.62259452116821368","46.321032374915099"
32020,2016,18.0805938494168,0,0,"1.1885895404120443","0.62259452116821368","46.321032374915099"
32020,2009,32.289156626506,0,0,"1.1885895404120443","0.62259452116821368","46.321032374915099"
32020,2024,22.3453908984831,0,0,"1.1885895404120443","0.62259452116821368","46.321032374915099"
32020,2020,16.5382335506817,0,0,"1.1885895404120443","0.62259452116821368","46.321032374915099"
32020,2005,22.2935044105854,0,0,"1.1885895404120443","0.62259452116821368","46.321032374915099"
32021,2016,19.8127925117005,1.54368632293918,5,"0","0","48.936644026277698"
32021,2012,11.5862068965517,1.54368632293918,5,"0","0","48.936644026277698"
32021,2001,20.3870967741935,1.54368632293918,5,"0","0","48.936644026277698"
32021,2024,24.0527182866557,1.54368632293918,5,"0","0","48.936644026277698"
32021,2005,13.1455399061033,1.54368632293918,5,"0","0","48.936644026277698"
32021,2020,26.425855513308,1.54368632293918,5,"0","0","48.936644026277698"
32021,2009,12.313003452244,1.54368632293918,5,"0","0","48.936644026277698"
32022,2012,30.0373134328358,0.974089226573154,5,"2.5813463759255484","2.2688676041029825","82.793288499422587"
32022,2016,23.2121922626026,0.974089226573154,5,"2.5813463759255484","2.2688676041029825","82.793288499422587"
32022,2024,25,0.974089226573154,5,"2.5813463759255484","2.2688676041029825","82.793288499422587"
32022,2005,12.375533428165,0.974089226573154,5,"2.5813463759255484","2.2688676041029825","82.793288499422587"
32022,2020,27.0011947431302,0.974089226573154,5,"2.5813463759255484","2.2688676041029825","82.793288499422587"
32022,2001,16.4780763790665,0.974089226573154,5,"2.5813463759255484","2.2688676041029825","82.793288499422587"
32022,2009,27.464258841234,0.974089226573154,5,"2.5813463759255484","2.2688676041029825","82.793288499422587"
32023,2001,11.5965051628276,0.689893066574681,4,"3.9086069210292811","18.442768411712514","25.066548358473824"
32023,2005,7.3482428115016,0.689893066574681,4,"3.9086069210292811","18.442768411712514","25.066548358473824"
32023,2024,18.2864450127877,0.689893066574681,4,"3.9086069210292811","18.442768411712514","25.066548358473824"
32023,2020,12.8172588832487,0.689893066574681,4,"3.9086069210292811","18.442768411712514","25.066548358473824"
32023,2016,16.5083135391924,0.689893066574681,4,"3.9086069210292811","18.442768411712514","25.066548358473824"
32023,2012,9.86639260020555,0.689893066574681,4,"3.9086069210292811","18.442768411712514","25.066548358473824"
32023,2009,7.13632204940531,0.689893066574681,4,"3.9086069210292811","18.442768411712514","25.066548358473824"
32024,2005,17.9541260216188,0.125297581756672,1,"9.865300701954089","6.9373300448997659","53.71529753999873"
32024,2016,18.6837881219904,0.125297581756672,1,"9.865300701954089","6.9373300448997659","53.71529753999873"
32024,2012,19.915509957755,0.125297581756672,1,"9.865300701954089","6.9373300448997659","53.71529753999873"
32024,2020,21.7013888888889,0.125297581756672,1,"9.865300701954089","6.9373300448997659","53.71529753999873"
32024,2009,23.7859007832898,0.125297581756672,1,"9.865300701954089","6.9373300448997659","53.71529753999873"
32024,2024,26.1370716510903,0.125297581756672,1,"9.865300701954089","6.9373300448997659","53.71529753999873"
32024,2001,25.0358063592094,0.125297581756672,1,"9.865300701954089","6.9373300448997659","53.71529753999873"
32025,2012,12.8175519630485,0,0,"8.1438180653427281","1.2011531069827033","31.318065342729017"
32025,2009,14.952380952381,0,0,"8.1438180653427281","1.2011531069827033","31.318065342729017"
32025,2024,25.8692628650904,0,0,"8.1438180653427281","1.2011531069827033","31.318065342729017"
32025,2001,16.5441176470588,0,0,"8.1438180653427281","1.2011531069827033","31.318065342729017"
32025,2005,13.588850174216,0,0,"8.1438180653427281","1.2011531069827033","31.318065342729017"
32025,2016,15.6330749354005,0,0,"8.1438180653427281","1.2011531069827033","31.318065342729017"
32025,2020,16.9398907103825,0,0,"8.1438180653427281","1.2011531069827033","31.318065342729017"
32026,2024,24.1452991452991,0.560747663551402,3,"29.887617697681485","23.134555026830011","33.026222537207659"
32026,2020,19.8776758409786,0.560747663551402,3,"29.887617697681485","23.134555026830011","33.026222537207659"
32026,2016,18.5456595264938,0.560747663551402,3,"29.887617697681485","23.134555026830011","33.026222537207659"
32026,2005,18.7943262411348,0.560747663551402,3,"29.887617697681485","23.134555026830011","33.026222537207659"
32026,2012,13.7673425827108,0.560747663551402,3,"29.887617697681485","23.134555026830011","33.026222537207659"
32026,2001,22.4449877750611,0.560747663551402,3,"29.887617697681485","23.134555026830011","33.026222537207659"
32026,2009,16.4620281946339,0.560747663551402,3,"29.887617697681485","23.134555026830011","33.026222537207659"
32027,2012,8.3676268861454,0.251256281407035,1,"0.29154518950437319","0.47707394646170154","55.508437141090205"
32027,2024,16.6419019316493,0.251256281407035,1,"0.29154518950437319","0.47707394646170154","55.508437141090205"
32027,2016,10.3591160220994,0.251256281407035,1,"0.29154518950437319","0.47707394646170154","55.508437141090205"
32027,2005,7.22477064220183,0.251256281407035,1,"0.29154518950437319","0.47707394646170154","55.508437141090205"
32027,2001,10.3488372093023,0.251256281407035,1,"0.29154518950437319","0.47707394646170154","55.508437141090205"
32027,2020,10.8345534407028,0.251256281407035,1,"0.29154518950437319","0.47707394646170154","55.508437141090205"
32027,2009,14.0147523709168,0.251256281407035,1,"0.29154518950437319","0.47707394646170154","55.508437141090205"
32028,2012,7.88590604026846,0,0,"0","0","55.139791765762901"
32028,2020,14.1942369263607,0,0,"0","0","55.139791765762901"
32028,2001,20.0398142003981,0,0,"0","0","55.139791765762901"
32028,2005,14.6715328467153,0,0,"0","0","55.139791765762901"
32028,2024,14.8003894839338,0,0,"0","0","55.139791765762901"
32028,2016,9.48651000870322,0,0,"0","0","55.139791765762901"
32028,2009,12.8987517337032,0,0,"0","0","55.139791765762901"
32029,2001,12.1575342465753,0,0,"0","0.15988488288432329","62.730833799664239"
32029,2016,13.2564841498559,0,0,"0","0.15988488288432329","62.730833799664239"
32029,2009,17.9959100204499,0,0,"0","0.15988488288432329","62.730833799664239"
32029,2012,9.77443609022556,0,0,"0","0.15988488288432329","62.730833799664239"
32029,2020,10.5919003115265,0,0,"0","0.15988488288432329","62.730833799664239"
32029,2024,15.6146179401993,0,0,"0","0.15988488288432329","62.730833799664239"
32029,2005,11.1313868613139,0,0,"0","0.15988488288432329","62.730833799664239"
32030,2020,11.1975116640746,0.22436616558223,1,"21.383888676113877","16.519851908591857","29.158687603727817"
32030,2012,9.25449871465296,0.22436616558223,1,"21.383888676113877","16.519851908591857","29.158687603727817"
32030,2016,11.3604488078541,0.22436616558223,1,"21.383888676113877","16.519851908591857","29.158687603727817"
32030,2009,6.82556879739978,0.22436616558223,1,"21.383888676113877","16.519851908591857","29.158687603727817"
32030,2005,6.73181324647123,0.22436616558223,1,"21.383888676113877","16.519851908591857","29.158687603727817"
32030,2024,14.56,0.22436616558223,1,"21.383888676113877","16.519851908591857","29.158687603727817"
32030,2001,15.0700934579439,0.22436616558223,1,"21.383888676113877","16.519851908591857","29.158687603727817"
32031,2024,20.9497206703911,0.283768444948922,1,"3.7689269256089535","4.4601711652402898","48.576366030283083"
32031,2016,11.9266055045872,0.283768444948922,1,"3.7689269256089535","4.4601711652402898","48.576366030283083"
32031,2009,14.6128680479826,0.283768444948922,1,"3.7689269256089535","4.4601711652402898","48.576366030283083"
32031,2012,8.43672456575682,0.283768444948922,1,"3.7689269256089535","4.4601711652402898","48.576366030283083"
32031,2001,11.6912599318956,0.283768444948922,1,"3.7689269256089535","4.4601711652402898","48.576366030283083"
32031,2005,10.0105374077977,0.283768444948922,1,"3.7689269256089535","4.4601711652402898","48.576366030283083"
32031,2020,12.7218934911243,0.283768444948922,1,"3.7689269256089535","4.4601711652402898","48.576366030283083"
32032,2009,22.7198697068404,0.329489291598023,3,"2.0932499856626716","2.7929116247060848","64.512244078683253"
32032,2012,18.2330485366297,0.329489291598023,3,"2.0932499856626716","2.7929116247060848","64.512244078683253"
32032,2016,21.9457013574661,0.329489291598023,3,"2.0932499856626716","2.7929116247060848","64.512244078683253"
32032,2001,17.9759122775481,0.329489291598023,3,"2.0932499856626716","2.7929116247060848","64.512244078683253"
32032,2005,15.9287531806616,0.329489291598023,3,"2.0932499856626716","2.7929116247060848","64.512244078683253"
32032,2024,29.9282806745493,0.329489291598023,3,"2.0932499856626716","2.7929116247060848","64.512244078683253"
32032,2020,24.5392198885555,0.329489291598023,3,"2.0932499856626716","2.7929116247060848","64.512244078683253"
32033,2012,13.9405204460967,0.231803430690774,1,"7.3357211737153873","7.1704091472654632","61.034577765532447"
32033,2009,19.9346405228758,0.231803430690774,1,"7.3357211737153873","7.1704091472654632","61.034577765532447"
32033,2016,12.0689655172414,0.231803430690774,1,"7.3357211737153873","7.1704091472654632","61.034577765532447"
32033,2024,20.2631578947368,0.231803430690774,1,"7.3357211737153873","7.1704091472654632","61.034577765532447"
32033,2001,20.495867768595,0.231803430690774,1,"7.3357211737153873","7.1704091472654632","61.034577765532447"
32033,2005,12.0743034055728,0.231803430690774,1,"7.3357211737153873","7.1704091472654632","61.034577765532447"
32033,2020,6.73316708229426,0.231803430690774,1,"7.3357211737153873","7.1704091472654632","61.034577765532447"
32034,2016,18.0522565320665,2.78260869565217,8,"25.614241577166396","22.33338237457702","27.497425334706488"
32034,2024,25.2454417952314,2.78260869565217,8,"25.614241577166396","22.33338237457702","27.497425334706488"
32034,2020,23.2283464566929,2.78260869565217,8,"25.614241577166396","22.33338237457702","27.497425334706488"
32034,2005,14.3865842894969,2.78260869565217,8,"25.614241577166396","22.33338237457702","27.497425334706488"
32034,2001,21.415270018622,2.78260869565217,8,"25.614241577166396","22.33338237457702","27.497425334706488"
32034,2012,16.4161849710983,2.78260869565217,8,"25.614241577166396","22.33338237457702","27.497425334706488"
32034,2009,15.6190476190476,2.78260869565217,8,"25.614241577166396","22.33338237457702","27.497425334706488"
32035,2009,11.1842105263158,0.11936022917164,1,"0","0","68.5745865077172"
32035,2020,11.2469437652812,0.11936022917164,1,"0","0","68.5745865077172"
32035,2012,8.90151515151515,0.11936022917164,1,"0","0","68.5745865077172"
32035,2024,17.5891758917589,0.11936022917164,1,"0","0","68.5745865077172"
32035,2001,13.6745607333843,0.11936022917164,1,"0","0","68.5745865077172"
32035,2016,12.0976692563818,0.11936022917164,1,"0","0","68.5745865077172"
32035,2005,9.55766192733017,0.11936022917164,1,"0","0","68.5745865077172"
32036,2001,12.1621621621622,0,0,"0","1.1806946074708278","51.874611613615961"
32036,2020,20.2366863905325,0,0,"0","1.1806946074708278","51.874611613615961"
32036,2005,13.6599851521901,0,0,"0","1.1806946074708278","51.874611613615961"
32036,2012,13.4355275022543,0,0,"0","1.1806946074708278","51.874611613615961"
32036,2016,16.8574401664932,0,0,"0","1.1806946074708278","51.874611613615961"
32036,2009,13.8674884437596,0,0,"0","1.1806946074708278","51.874611613615961"
32036,2024,30.8108108108108,0,0,"0","1.1806946074708278","51.874611613615961"
32037,2009,26.080476900149,0,0,"0.88724168912848156","9.5575022461814907","54.705750224618157"
32037,2024,18.2669789227166,0,0,"0.88724168912848156","9.5575022461814907","54.705750224618157"
32037,2012,12.0300751879699,0,0,"0.88724168912848156","9.5575022461814907","54.705750224618157"
32037,2020,13.5071090047393,0,0,"0.88724168912848156","9.5575022461814907","54.705750224618157"
32037,2016,11.4989733059548,0,0,"0.88724168912848156","9.5575022461814907","54.705750224618157"
32037,2001,12.7906976744186,0,0,"0.88724168912848156","9.5575022461814907","54.705750224618157"
32037,2005,15.1785714285714,0,0,"0.88724168912848156","9.5575022461814907","54.705750224618157"
32038,2016,16.3424124513619,1.50602409638554,3,"15.336658354114713","12.825080156750982","31.848949055931598"
32038,2020,13.135593220339,1.50602409638554,3,"15.336658354114713","12.825080156750982","31.848949055931598"
32038,2012,12.4567474048443,1.50602409638554,3,"15.336658354114713","12.825080156750982","31.848949055931598"
32038,2005,8.33333333333333,1.50602409638554,3,"15.336658354114713","12.825080156750982","31.848949055931598"
32038,2001,16.5,1.50602409638554,3,"15.336658354114713","12.825080156750982","31.848949055931598"
32038,2009,9.04255319148936,1.50602409638554,3,"15.336658354114713","12.825080156750982","31.848949055931598"
32038,2024,20.3187250996016,1.50602409638554,3,"15.336658354114713","12.825080156750982","31.848949055931598"
32039,2012,13.3060388945752,1.30434782608696,6,"2.8537183950687748","8.8579418982934772","22.259003481536439"
32039,2001,18.809318377912,1.30434782608696,6,"2.8537183950687748","8.8579418982934772","22.259003481536439"
32039,2009,32.497678737233,1.30434782608696,6,"2.8537183950687748","8.8579418982934772","22.259003481536439"
32039,2024,27.4711168164313,1.30434782608696,6,"2.8537183950687748","8.8579418982934772","22.259003481536439"
32039,2016,21.9037871033777,1.30434782608696,6,"2.8537183950687748","8.8579418982934772","22.259003481536439"
32039,2005,17.7013422818792,1.30434782608696,6,"2.8537183950687748","8.8579418982934772","22.259003481536439"
32039,2020,25.0663129973475,1.30434782608696,6,"2.8537183950687748","8.8579418982934772","22.259003481536439"
32040,2009,14.3659711075441,0.647528599179797,3,"13.447905477980665","12.878625134264233","45.488721804511279"
32040,2020,15.4094827586207,0.647528599179797,3,"13.447905477980665","12.878625134264233","45.488721804511279"
32040,2016,15.7292659675882,0.647528599179797,3,"13.447905477980665","12.878625134264233","45.488721804511279"
32040,2001,20.3137902559868,0.647528599179797,3,"13.447905477980665","12.878625134264233","45.488721804511279"
32040,2005,12.8024980483997,0.647528599179797,3,"13.447905477980665","12.878625134264233","45.488721804511279"
32040,2024,17.9916317991632,0.647528599179797,3,"13.447905477980665","12.878625134264233","45.488721804511279"
32040,2012,13.3632286995516,0.647528599179797,3,"13.447905477980665","12.878625134264233","45.488721804511279"
32041,2016,12.6506024096386,0.283527076835838,1,"26.898047722342731","19.739696312364423","40.068174775333127"
32041,2009,26.8148148148148,0.283527076835838,1,"26.898047722342731","19.739696312364423","40.068174775333127"
32041,2001,12.453300124533,0.283527076835838,1,"26.898047722342731","19.739696312364423","40.068174775333127"
32041,2012,13.3064516129032,0.283527076835838,1,"26.898047722342731","19.739696312364423","40.068174775333127"
32041,2005,14.140127388535,0.283527076835838,1,"26.898047722342731","19.739696312364423","40.068174775333127"
32041,2024,16.8224299065421,0.283527076835838,1,"26.898047722342731","19.739696312364423","40.068174775333127"
32041,2020,12.780269058296,0.283527076835838,1,"26.898047722342731","19.739696312364423","40.068174775333127"
32042,2001,12.252712188896,0.184604024367731,1,"2.4041434755720474","5.3184910327767474","25.262832405689544"
32042,2016,12.9468599033816,0.184604024367731,1,"2.4041434755720474","5.3184910327767474","25.262832405689544"
32042,2005,11.3207547169811,0.184604024367731,1,"2.4041434755720474","5.3184910327767474","25.262832405689544"
32042,2012,11.8173679498657,0.184604024367731,1,"2.4041434755720474","5.3184910327767474","25.262832405689544"
32042,2020,11.882229232387,0.184604024367731,1,"2.4041434755720474","5.3184910327767474","25.262832405689544"
32042,2024,14.4602851323829,0.184604024367731,1,"2.4041434755720474","5.3184910327767474","25.262832405689544"
32042,2009,23.1966053748232,0.184604024367731,1,"2.4041434755720474","5.3184910327767474","25.262832405689544"
32043,2016,19.5321637426901,1.71179582944289,11,"5.1672994779307073","4.6808258186995726","55.196962505932603"
32043,2024,30.6725329981144,1.71179582944289,11,"5.1672994779307073","4.6808258186995726","55.196962505932603"
32043,2009,36.7880485527544,1.71179582944289,11,"5.1672994779307073","4.6808258186995726","55.196962505932603"
32043,2020,21.506105834464,1.71179582944289,11,"5.1672994779307073","4.6808258186995726","55.196962505932603"
32043,2001,22.7120268327743,1.71179582944289,11,"5.1672994779307073","4.6808258186995726","55.196962505932603"
32043,2012,13.6596471257826,1.71179582944289,11,"5.1672994779307073","4.6808258186995726","55.196962505932603"
32043,2005,22.2429906542056,1.71179582944289,11,"5.1672994779307073","4.6808258186995726","55.196962505932603"
32044,2009,28.7741935483871,0,0,"0.60417072695381024","4.9600467745078927","61.596180081855387"
32044,2012,29.6943231441048,0,0,"0.60417072695381024","4.9600467745078927","61.596180081855387"
32044,2005,24.4823386114495,0,0,"0.60417072695381024","4.9600467745078927","61.596180081855387"
32044,2024,24.9063670411985,0,0,"0.60417072695381024","4.9600467745078927","61.596180081855387"
32044,2001,13.0012150668287,0,0,"0.60417072695381024","4.9600467745078927","61.596180081855387"
32044,2016,40.0611620795107,0,0,"0.60417072695381024","4.9600467745078927","61.596180081855387"
32044,2020,16.1111111111111,0,0,"0.60417072695381024","4.9600467745078927","61.596180081855387"
32045,2020,11.3553113553114,0.316806589577063,2,"17.334259473643591","13.290113452188008","40.827352010496256"
32045,2016,12.6838235294118,0.316806589577063,2,"17.334259473643591","13.290113452188008","40.827352010496256"
32045,2012,7.05821741370428,0.316806589577063,2,"17.334259473643591","13.290113452188008","40.827352010496256"
32045,2009,6.18510158013544,0.316806589577063,2,"17.334259473643591","13.290113452188008","40.827352010496256"
32045,2024,17.9518815545959,0.316806589577063,2,"17.334259473643591","13.290113452188008","40.827352010496256"
32045,2005,8.14437760296159,0.316806589577063,2,"17.334259473643591","13.290113452188008","40.827352010496256"
32045,2001,11.7286858219501,0.316806589577063,2,"17.334259473643591","13.290113452188008","40.827352010496256"
32046,2009,12.5248508946322,0.95831336847149,4,"38.555691554467565","28.973596782654308","17.293233082706767"
32046,2001,18.5765983112183,0.95831336847149,4,"38.555691554467565","28.973596782654308","17.293233082706767"
32046,2016,15.0197628458498,0.95831336847149,4,"38.555691554467565","28.973596782654308","17.293233082706767"
32046,2020,14.0888208269525,0.95831336847149,4,"38.555691554467565","28.973596782654308","17.293233082706767"
32046,2024,25.1453488372093,0.95831336847149,4,"38.555691554467565","28.973596782654308","17.293233082706767"
32046,2005,13.6690647482014,0.95831336847149,4,"38.555691554467565","28.973596782654308","17.293233082706767"
32046,2012,15.48463356974,0.95831336847149,4,"38.555691554467565","28.973596782654308","17.293233082706767"
32047,2020,17.6313446126447,0.33921302578019,2,"3.1352485897940445","1.6463334645152827","66.200970746425298"
32047,2001,19.6428571428571,0.33921302578019,2,"3.1352485897940445","1.6463334645152827","66.200970746425298"
32047,2024,22.9653505237712,0.33921302578019,2,"3.1352485897940445","1.6463334645152827","66.200970746425298"
32047,2005,15.9420289855072,0.33921302578019,2,"3.1352485897940445","1.6463334645152827","66.200970746425298"
32047,2016,14.5498392282958,0.33921302578019,2,"3.1352485897940445","1.6463334645152827","66.200970746425298"
32047,2012,18.5933147632312,0.33921302578019,2,"3.1352485897940445","1.6463334645152827","66.200970746425298"
32047,2009,22.9082515868436,0.33921302578019,2,"3.1352485897940445","1.6463334645152827","66.200970746425298"
32048,2001,14.0089418777943,4.73335437046387,15,"11.7096018735363","13.444357706652788","23.419203747072601"
32048,2016,19.7292069632495,4.73335437046387,15,"11.7096018735363","13.444357706652788","23.419203747072601"
32048,2009,19.1432396251673,4.73335437046387,15,"11.7096018735363","13.444357706652788","23.419203747072601"
32048,2012,16.3851351351351,4.73335437046387,15,"11.7096018735363","13.444357706652788","23.419203747072601"
32048,2020,37.2,4.73335437046387,15,"11.7096018735363","13.444357706652788","23.419203747072601"
32048,2024,35.1190476190476,4.73335437046387,15,"11.7096018735363","13.444357706652788","23.419203747072601"
32048,2005,16.3013698630137,4.73335437046387,15,"11.7096018735363","13.444357706652788","23.419203747072601"
32049,2001,20.5729166666667,0.481463649494463,2,"0","10.285984082018077","32.375556454876566"
32049,2012,15.6133828996283,0.481463649494463,2,"0","10.285984082018077","32.375556454876566"
32049,2005,13.3676092544987,0.481463649494463,2,"0","10.285984082018077","32.375556454876566"
32049,2020,20.343137254902,0.481463649494463,2,"0","10.285984082018077","32.375556454876566"
32049,2016,18.989898989899,0.481463649494463,2,"0","10.285984082018077","32.375556454876566"
32049,2009,17.6923076923077,0.481463649494463,2,"0","10.285984082018077","32.375556454876566"
32049,2024,39.9092970521542,0.481463649494463,2,"0","10.285984082018077","32.375556454876566"
32050,2001,12.8558310376492,0.362778886268819,2,"3.1605562579013911","2.7214052831193025","67.54275068201477"
32050,2024,27.0631067961165,0.362778886268819,2,"3.1605562579013911","2.7214052831193025","67.54275068201477"
32050,2009,22.0432581684307,0.362778886268819,2,"3.1605562579013911","2.7214052831193025","67.54275068201477"
32050,2012,13.9297848244621,0.362778886268819,2,"3.1605562579013911","2.7214052831193025","67.54275068201477"
32050,2016,16.7879127028539,0.362778886268819,2,"3.1605562579013911","2.7214052831193025","67.54275068201477"
32050,2020,25.8204334365325,0.362778886268819,2,"3.1605562579013911","2.7214052831193025","67.54275068201477"
32050,2005,14.4583914458391,0.362778886268819,2,"3.1605562579013911","2.7214052831193025","67.54275068201477"
32051,2012,7.81122864117168,0.525118151584106,3,"5.9244016029459541","8.783710603270876","51.586699880862128"
32051,2005,9.30693069306931,0.525118151584106,3,"5.9244016029459541","8.783710603270876","51.586699880862128"
32051,2024,11.8433619866285,0.525118151584106,3,"5.9244016029459541","8.783710603270876","51.586699880862128"
32051,2016,7.21112076455256,0.525118151584106,3,"5.9244016029459541","8.783710603270876","51.586699880862128"
32051,2001,12.1715076071923,0.525118151584106,3,"5.9244016029459541","8.783710603270876","51.586699880862128"
32051,2009,9.46915351506456,0.525118151584106,3,"5.9244016029459541","8.783710603270876","51.586699880862128"
32051,2020,8.1208687440982,0.525118151584106,3,"5.9244016029459541","8.783710603270876","51.586699880862128"
32052,2016,11.4692653673163,0.435208356000435,4,"9.0247180942424006","3.6965125830781869","31.35688148756628"
32052,2012,10.4575163398693,0.435208356000435,4,"9.0247180942424006","3.6965125830781869","31.35688148756628"
32052,2005,6.988964792433,0.435208356000435,4,"9.0247180942424006","3.6965125830781869","31.35688148756628"
32052,2024,16.8582375478927,0.435208356000435,4,"9.0247180942424006","3.6965125830781869","31.35688148756628"
32052,2009,7.89189189189189,0.435208356000435,4,"9.0247180942424006","3.6965125830781869","31.35688148756628"
32052,2001,11.3648433351036,0.435208356000435,4,"9.0247180942424006","3.6965125830781869","31.35688148756628"
32052,2020,11.2850082372323,0.435208356000435,4,"9.0247180942424006","3.6965125830781869","31.35688148756628"
32053,2009,13.4677419354839,0,0,"2.0277805941397142","0.99361249112845995","52.83382338031025"
32053,2024,23.8195173137461,0,0,"2.0277805941397142","0.99361249112845995","52.83382338031025"
32053,2016,17.6100628930818,0,0,"2.0277805941397142","0.99361249112845995","52.83382338031025"
32053,2001,17.2496025437202,0,0,"2.0277805941397142","0.99361249112845995","52.83382338031025"
32053,2005,14.6263910969793,0,0,"2.0277805941397142","0.99361249112845995","52.83382338031025"
32053,2020,22.020202020202,0,0,"2.0277805941397142","0.99361249112845995","52.83382338031025"
32053,2012,10.9227871939736,0,0,"2.0277805941397142","0.99361249112845995","52.83382338031025"
32054,2020,26.7571719184622,3.82088439494898,82,"23.086302426079001","16.674137961950187","42.928867291864655"
32054,2009,14.9179011665433,3.82088439494898,82,"23.086302426079001","16.674137961950187","42.928867291864655"
32054,2024,27.4436286905115,3.82088439494898,82,"23.086302426079001","16.674137961950187","42.928867291864655"
32054,2016,23.0845699206536,3.82088439494898,82,"23.086302426079001","16.674137961950187","42.928867291864655"
32054,2012,19.4728319539403,3.82088439494898,82,"23.086302426079001","16.674137961950187","42.928867291864655"
32054,2005,21.8588611876516,3.82088439494898,82,"23.086302426079001","16.674137961950187","42.928867291864655"
32054,2001,27.3592219324829,3.82088439494898,82,"23.086302426079001","16.674137961950187","42.928867291864655"
32055,2005,12.8693994280267,1.00175306786877,4,"NA","NA","NA"
32055,2024,22.0987654320988,1.00175306786877,4,"NA","NA","NA"
32055,2001,18.5332011892963,1.00175306786877,4,"NA","NA","NA"
32055,2016,13.5514018691589,1.00175306786877,4,"NA","NA","NA"
32055,2020,18.6274509803922,1.00175306786877,4,"NA","NA","NA"
32055,2009,11.0065851364064,1.00175306786877,4,"NA","NA","NA"
32055,2012,12.1412803532009,1.00175306786877,4,"NA","NA","NA"
32056,2016,5.27831094049904,0.231749710312862,1,"2.9223868424629607","3.6495854288432779","53.241810520592637"
32056,2020,4.28422152560084,0.231749710312862,1,"2.9223868424629607","3.6495854288432779","53.241810520592637"
32056,2005,7.7896138482024,0.231749710312862,1,"2.9223868424629607","3.6495854288432779","53.241810520592637"
32056,2012,5.86236193712829,0.231749710312862,1,"2.9223868424629607","3.6495854288432779","53.241810520592637"
32056,2024,10.2040816326531,0.231749710312862,1,"2.9223868424629607","3.6495854288432779","53.241810520592637"
32056,2009,10.4885993485342,0.231749710312862,1,"2.9223868424629607","3.6495854288432779","53.241810520592637"
32056,2001,14.7440273037543,0.231749710312862,1,"2.9223868424629607","3.6495854288432779","53.241810520592637"
32057,2012,7.34597156398104,0,0,"3.7881547315509585","8.0134042398193337","38.202083485102349"
32057,2005,7.69230769230769,0,0,"3.7881547315509585","8.0134042398193337","38.202083485102349"
32057,2016,13.8271604938272,0,0,"3.7881547315509585","8.0134042398193337","38.202083485102349"
32057,2024,21.6216216216216,0,0,"3.7881547315509585","8.0134042398193337","38.202083485102349"
32057,2020,13.4680134680135,0,0,"3.7881547315509585","8.0134042398193337","38.202083485102349"
32057,2001,11.7100371747212,0,0,"3.7881547315509585","8.0134042398193337","38.202083485102349"
32057,2009,5.03875968992248,0,0,"3.7881547315509585","8.0134042398193337","38.202083485102349"
32058,2016,17.6402877697842,1.15236875800256,9,"11.01437805038913","9.3919008046431873","18.906916413841625"
32058,2001,17.4345076784101,1.15236875800256,9,"11.01437805038913","9.3919008046431873","18.906916413841625"
32058,2024,22.6264639920259,1.15236875800256,9,"11.01437805038913","9.3919008046431873","18.906916413841625"
32058,2012,14.8202280035077,1.15236875800256,9,"11.01437805038913","9.3919008046431873","18.906916413841625"
32058,2009,14.1411586137111,1.15236875800256,9,"11.01437805038913","9.3919008046431873","18.906916413841625"
32058,2020,19.4203764565282,1.15236875800256,9,"11.01437805038913","9.3919008046431873","18.906916413841625"
32058,2005,16.9779286926995,1.15236875800256,9,"11.01437805038913","9.3919008046431873","18.906916413841625"
32059,2020,12.8065395095368,0,0,"0.38139076113759662","2.6302811112937698","29.30133157981259"
32059,2012,8.70195794053662,0,0,"0.38139076113759662","2.6302811112937698","29.30133157981259"
32059,2005,9.61761297798378,0,0,"0.38139076113759662","2.6302811112937698","29.30133157981259"
32059,2024,16.622691292876,0,0,"0.38139076113759662","2.6302811112937698","29.30133157981259"
32059,2009,9.43513345747983,0,0,"0.38139076113759662","2.6302811112937698","29.30133157981259"
32059,2001,12.8103837471783,0,0,"0.38139076113759662","2.6302811112937698","29.30133157981259"
32059,2016,10.9177215189873,0,0,"0.38139076113759662","2.6302811112937698","29.30133157981259"
32060,2024,27.2177419354839,0.628140703517588,2,"2.0911127707244215","8.1617411714499095","38.152139123012908"
32060,2016,23.6893203883495,0.628140703517588,2,"2.0911127707244215","8.1617411714499095","38.152139123012908"
32060,2001,18.4249628528975,0.628140703517588,2,"2.0911127707244215","8.1617411714499095","38.152139123012908"
32060,2005,8.50767085076708,0.628140703517588,2,"2.0911127707244215","8.1617411714499095","38.152139123012908"
32060,2012,16.0899653979239,0.628140703517588,2,"2.0911127707244215","8.1617411714499095","38.152139123012908"
32060,2009,7.65832106038292,0.628140703517588,2,"2.0911127707244215","8.1617411714499095","38.152139123012908"
32060,2020,19.2796610169492,0.628140703517588,2,"2.0911127707244215","8.1617411714499095","38.152139123012908"
32061,2016,11.9366626065773,0,0,"0","0","78.980801806888763"
32061,2005,8.59301227573182,0,0,"0","0","78.980801806888763"
32061,2024,16.0051216389245,0,0,"0","0","78.980801806888763"
32061,2020,10.6748466257669,0,0,"0","0","78.980801806888763"
32061,2001,16.9634489222118,0,0,"0","0","78.980801806888763"
32061,2012,6.75105485232067,0,0,"0","0","78.980801806888763"
32061,2009,10.2983638113571,0,0,"0","0","78.980801806888763"
32062,2016,11.8971061093248,0,0,"0","12.383203872565575","28.121130248789822"
32062,2005,28.9800995024876,0,0,"0","12.383203872565575","28.121130248789822"
32062,2001,31.6596931659693,0,0,"0","12.383203872565575","28.121130248789822"
32062,2020,12.4314442413163,0,0,"0","12.383203872565575","28.121130248789822"
32062,2024,17.0940170940171,0,0,"0","12.383203872565575","28.121130248789822"
32062,2009,32.3891625615764,0,0,"0","12.383203872565575","28.121130248789822"
32062,2012,9.79020979020979,0,0,"0","12.383203872565575","28.121130248789822"
32063,2020,18.4944237918216,0.151768098345728,1,"9.8359387091781461","10.8806686271475","52.940721250580417"
32063,2001,14.7883124627311,0.151768098345728,1,"9.8359387091781461","10.8806686271475","52.940721250580417"
32063,2024,20.8477508650519,0.151768098345728,1,"9.8359387091781461","10.8806686271475","52.940721250580417"
32063,2009,20.7253886010363,0.151768098345728,1,"9.8359387091781461","10.8806686271475","52.940721250580417"
32063,2012,17.6706827309237,0.151768098345728,1,"9.8359387091781461","10.8806686271475","52.940721250580417"
32063,2005,13.745704467354,0.151768098345728,1,"9.8359387091781461","10.8806686271475","52.940721250580417"
32063,2016,29.5436349079263,0.151768098345728,1,"9.8359387091781461","10.8806686271475","52.940721250580417"
32064,2009,7.30088495575221,0,0,"0","0","68.816458622283861"
32064,2016,7.27762803234501,0,0,"0","0","68.816458622283861"
32064,2020,11.6279069767442,0,0,"0","0","68.816458622283861"
32064,2012,7.74647887323944,0,0,"0","0","68.816458622283861"
32064,2005,8.31234256926952,0,0,"0","0","68.816458622283861"
32064,2001,11.9047619047619,0,0,"0","0","68.816458622283861"
32064,2024,13.961038961039,0,0,"0","0","68.816458622283861"
32065,2024,25.4901960784314,0.861326442721792,2,"16.196640468485128","23.316381568808751","42.980428417321626"
32065,2012,10.5367793240557,0.861326442721792,2,"16.196640468485128","23.316381568808751","42.980428417321626"
32065,2016,11.7777777777778,0.861326442721792,2,"16.196640468485128","23.316381568808751","42.980428417321626"
32065,2020,18.3879093198992,0.861326442721792,2,"16.196640468485128","23.316381568808751","42.980428417321626"
32065,2005,12.2781065088757,0.861326442721792,2,"16.196640468485128","23.316381568808751","42.980428417321626"
32065,2009,8.55784469096672,0.861326442721792,2,"16.196640468485128","23.316381568808751","42.980428417321626"
32065,2001,15.8284023668639,0.861326442721792,2,"16.196640468485128","23.316381568808751","42.980428417321626"
32066,2009,7.78210116731517,0,0,"17.755378949408801","13.432835820895523","42.934677263035475"
32066,2016,5.32407407407407,0,0,"17.755378949408801","13.432835820895523","42.934677263035475"
32066,2012,4.69798657718121,0,0,"17.755378949408801","13.432835820895523","42.934677263035475"
32066,2005,6.11510791366906,0,0,"17.755378949408801","13.432835820895523","42.934677263035475"
32066,2001,10.4056437389771,0,0,"17.755378949408801","13.432835820895523","42.934677263035475"
32066,2020,3.9119804400978,0,0,"17.755378949408801","13.432835820895523","42.934677263035475"
32066,2024,3.7037037037037,0,0,"17.755378949408801","13.432835820895523","42.934677263035475"
32067,2005,46.3604852686308,0,0,"5.6569133677567409","8.8697647733792309","48.353413654618471"
32067,2012,13.9101861993428,0,0,"5.6569133677567409","8.8697647733792309","48.353413654618471"
32067,2009,51.5,0,0,"5.6569133677567409","8.8697647733792309","48.353413654618471"
32067,2016,21.7273954116059,0,0,"5.6569133677567409","8.8697647733792309","48.353413654618471"
32067,2020,21.8406593406593,0,0,"5.6569133677567409","8.8697647733792309","48.353413654618471"
32067,2024,24.7765006385696,0,0,"5.6569133677567409","8.8697647733792309","48.353413654618471"
32067,2001,35.0050150451354,0,0,"5.6569133677567409","8.8697647733792309","48.353413654618471"
32068,2001,22.1279876638396,0,0,"12.929504391753516","15.701087698539116","35.620989396077"
32068,2012,14.4712430426716,0,0,"12.929504391753516","15.701087698539116","35.620989396077"
32068,2024,27.5058275058275,0,0,"12.929504391753516","15.701087698539116","35.620989396077"
32068,2009,33.3601933924255,0,0,"12.929504391753516","15.701087698539116","35.620989396077"
32068,2005,17.6018447348194,0,0,"12.929504391753516","15.701087698539116","35.620989396077"
32068,2016,15.9162303664921,0,0,"12.929504391753516","15.701087698539116","35.620989396077"
32068,2020,19.1037735849057,0,0,"12.929504391753516","15.701087698539116","35.620989396077"
32069,2005,16.9209809264305,1.61479741632413,11,"23.195784737434135","17.423479959741876","52.732224261440997"
32069,2012,17.841814837523,1.61479741632413,11,"23.195784737434135","17.423479959741876","52.732224261440997"
32069,2024,31.8937939859245,1.61479741632413,11,"23.195784737434135","17.423479959741876","52.732224261440997"
32069,2020,26.3552676440505,1.61479741632413,11,"23.195784737434135","17.423479959741876","52.732224261440997"
32069,2001,24.7308699447192,1.61479741632413,11,"23.195784737434135","17.423479959741876","52.732224261440997"
32069,2009,13.7912673056443,1.61479741632413,11,"23.195784737434135","17.423479959741876","52.732224261440997"
32069,2016,23.8522954091816,1.61479741632413,11,"23.195784737434135","17.423479959741876","52.732224261440997"
32070,2012,12.4324324324324,0.509424350483953,2,"10.618717258955119","8.7356647317004104","51.182217188163669"
32070,2009,21.1538461538462,0.509424350483953,2,"10.618717258955119","8.7356647317004104","51.182217188163669"
32070,2016,20.9580838323353,0.509424350483953,2,"10.618717258955119","8.7356647317004104","51.182217188163669"
32070,2020,17.2131147540984,0.509424350483953,2,"10.618717258955119","8.7356647317004104","51.182217188163669"
32070,2001,15.6794425087108,0.509424350483953,2,"10.618717258955119","8.7356647317004104","51.182217188163669"
32070,2005,24.8598130841122,0.509424350483953,2,"10.618717258955119","8.7356647317004104","51.182217188163669"
32070,2024,14.38127090301,0.509424350483953,2,"10.618717258955119","8.7356647317004104","51.182217188163669"
32071,2016,15.7,0,0,"4.6423790399694012","15.820424555364315","33.53413654618474"
32071,2009,11.8146718146718,0,0,"4.6423790399694012","15.820424555364315","33.53413654618474"
32071,2005,10.9117013639627,0,0,"4.6423790399694012","15.820424555364315","33.53413654618474"
32071,2024,21.6520650813517,0,0,"4.6423790399694012","15.820424555364315","33.53413654618474"
32071,2012,11.8446601941748,0,0,"4.6423790399694012","15.820424555364315","33.53413654618474"
32071,2020,16.4285714285714,0,0,"4.6423790399694012","15.820424555364315","33.53413654618474"
32071,2001,18.0114099429503,0,0,"4.6423790399694012","15.820424555364315","33.53413654618474"
32072,2016,25.2355591970504,2.92141396435875,10,"19.735045069653097","17.467904944004371","44.577984157334058"
32072,2005,14.7294589178357,2.92141396435875,10,"19.735045069653097","17.467904944004371","44.577984157334058"
32072,2020,24.1493383742911,2.92141396435875,10,"19.735045069653097","17.467904944004371","44.577984157334058"
32072,2009,14.4096064042695,2.92141396435875,10,"19.735045069653097","17.467904944004371","44.577984157334058"
32072,2012,16.971916971917,2.92141396435875,10,"19.735045069653097","17.467904944004371","44.577984157334058"
32072,2001,23.3259749816041,2.92141396435875,10,"19.735045069653097","17.467904944004371","44.577984157334058"
32072,2024,27.4832962138085,2.92141396435875,10,"19.735045069653097","17.467904944004371","44.577984157334058"
32073,2001,16.4439876670092,3.14394790029194,14,"31.240376390076985","24.756201881950386","21.043627031650985"
32073,2016,15.7175398633257,3.14394790029194,14,"31.240376390076985","24.756201881950386","21.043627031650985"
32073,2009,7.67263427109974,3.14394790029194,14,"31.240376390076985","24.756201881950386","21.043627031650985"
32073,2024,17.0212765957447,3.14394790029194,14,"31.240376390076985","24.756201881950386","21.043627031650985"
32073,2012,8.47457627118644,3.14394790029194,14,"31.240376390076985","24.756201881950386","21.043627031650985"
32073,2020,13.2051282051282,3.14394790029194,14,"31.240376390076985","24.756201881950386","21.043627031650985"
32073,2005,7.59493670886076,3.14394790029194,14,"31.240376390076985","24.756201881950386","21.043627031650985"
32074,2005,8.91783567134269,0,0,"1.2913129853711396","5.3007043525374753","69.478056709409429"
32074,2001,14.7089947089947,0,0,"1.2913129853711396","5.3007043525374753","69.478056709409429"
32074,2016,12.1481481481481,0,0,"1.2913129853711396","5.3007043525374753","69.478056709409429"
32074,2009,10.4210526315789,0,0,"1.2913129853711396","5.3007043525374753","69.478056709409429"
32074,2020,12.3152709359606,0,0,"1.2913129853711396","5.3007043525374753","69.478056709409429"
32074,2012,7.125,0,0,"1.2913129853711396","5.3007043525374753","69.478056709409429"
32074,2024,17.4041297935103,0,0,"1.2913129853711396","5.3007043525374753","69.478056709409429"
32075,2001,19.0576356752209,0.949893137022085,4,"21.835531855178221","18.004490597810832","39.85405557114791"
32075,2020,17.2495755517827,0.949893137022085,4,"21.835531855178221","18.004490597810832","39.85405557114791"
32075,2012,12.5421190565331,0.949893137022085,4,"21.835531855178221","18.004490597810832","39.85405557114791"
32075,2005,15.3582317073171,0.949893137022085,4,"21.835531855178221","18.004490597810832","39.85405557114791"
32075,2009,12.2355430183357,0.949893137022085,4,"21.835531855178221","18.004490597810832","39.85405557114791"
32075,2024,19.8660064083892,0.949893137022085,4,"21.835531855178221","18.004490597810832","39.85405557114791"
32075,2016,13.5919165580183,0.949893137022085,4,"21.835531855178221","18.004490597810832","39.85405557114791"
32076,2024,19.5494186046512,0,0,"4.8814050334962893","8.3613977910555839","46.492848089806266"
32076,2016,15.4639175257732,0,0,"4.8814050334962893","8.3613977910555839","46.492848089806266"
32076,2012,9.98796630565584,0,0,"4.8814050334962893","8.3613977910555839","46.492848089806266"
32076,2005,18.716049382716,0,0,"4.8814050334962893","8.3613977910555839","46.492848089806266"
32076,2001,22.7553444180523,0,0,"4.8814050334962893","8.3613977910555839","46.492848089806266"
32076,2020,13.3533383345836,0,0,"4.8814050334962893","8.3613977910555839","46.492848089806266"
32076,2009,12.3695976154993,0,0,"4.8814050334962893","8.3613977910555839","46.492848089806266"
32077,2005,13.6869118905047,0.342935528120713,1,"17.439082656473957","12.47013855709508","34.559643255295427"
32077,2001,16.3793103448276,0.342935528120713,1,"17.439082656473957","12.47013855709508","34.559643255295427"
32077,2024,23.371104815864,0.342935528120713,1,"17.439082656473957","12.47013855709508","34.559643255295427"
32077,2009,13.6888888888889,0.342935528120713,1,"17.439082656473957","12.47013855709508","34.559643255295427"
32077,2012,9.70982142857143,0.342935528120713,1,"17.439082656473957","12.47013855709508","34.559643255295427"
32077,2016,15.5826558265583,0.342935528120713,1,"17.439082656473957","12.47013855709508","34.559643255295427"
32077,2020,20.4783258594918,0.342935528120713,1,"17.439082656473957","12.47013855709508","34.559643255295427"
32078,2012,8.86214442013129,0,0,"0.50213406979663577","0.37660055234747675","40.622646246547831"
32078,2005,12.0164609053498,0,0,"0.50213406979663577","0.37660055234747675","40.622646246547831"
32078,2016,11.231884057971,0,0,"0.50213406979663577","0.37660055234747675","40.622646246547831"
32078,2001,12.9827444535744,0,0,"0.50213406979663577","0.37660055234747675","40.622646246547831"
32078,2020,13.0985915492958,0,0,"0.50213406979663577","0.37660055234747675","40.622646246547831"
32078,2009,10.2321582115219,0,0,"0.50213406979663577","0.37660055234747675","40.622646246547831"
32078,2024,20.4330175913396,0,0,"0.50213406979663577","0.37660055234747675","40.622646246547831"
32079,2001,17.6695319961796,0,0,"6.9665939231156617","6.8994460298808127","15.41044149739802"
32079,2012,11.4285714285714,0,0,"6.9665939231156617","6.8994460298808127","15.41044149739802"
32079,2005,16.7412712623098,0,0,"6.9665939231156617","6.8994460298808127","15.41044149739802"
32079,2009,18.0650684931507,0,0,"6.9665939231156617","6.8994460298808127","15.41044149739802"
32079,2020,17.5030599755202,0,0,"6.9665939231156617","6.8994460298808127","15.41044149739802"
32079,2024,22.6495726495727,0,0,"6.9665939231156617","6.8994460298808127","15.41044149739802"
32079,2016,14.773980154355,0,0,"6.9665939231156617","6.8994460298808127","15.41044149739802"
32080,2020,18.5714285714286,0,0,"5.2659669098025264","4.2874933285892194","44.600604874577485"
32080,2016,8.75,0,0,"5.2659669098025264","4.2874933285892194","44.600604874577485"
32080,2009,7.01754385964912,0,0,"5.2659669098025264","4.2874933285892194","44.600604874577485"
32080,2001,6.94789081885856,0,0,"5.2659669098025264","4.2874933285892194","44.600604874577485"
32080,2024,34.6491228070175,0,0,"5.2659669098025264","4.2874933285892194","44.600604874577485"
32080,2005,11.3350125944584,0,0,"5.2659669098025264","4.2874933285892194","44.600604874577485"
32080,2012,7.66423357664234,0,0,"5.2659669098025264","4.2874933285892194","44.600604874577485"
32081,2005,15.0857142857143,0.2465483234714,1,"0","0.53093586294775585","55.981877389211391"
32081,2012,15.9027777777778,0.2465483234714,1,"0","0.53093586294775585","55.981877389211391"
32081,2009,13.5754189944134,0.2465483234714,1,"0","0.53093586294775585","55.981877389211391"
32081,2001,19.0961171228517,0.2465483234714,1,"0","0.53093586294775585","55.981877389211391"
32081,2024,19.3107932379714,0.2465483234714,1,"0","0.53093586294775585","55.981877389211391"
32081,2020,14,0.2465483234714,1,"0","0.53093586294775585","55.981877389211391"
32081,2016,14.9539333805811,0.2465483234714,1,"0","0.53093586294775585","55.981877389211391"
32082,2024,31.7258883248731,0.574217628481194,2,"0.93421564811210589","11.623199688594783","23.876994939665241"
32082,2009,13.077593722755,0.574217628481194,2,"0.93421564811210589","11.623199688594783","23.876994939665241"
32082,2016,12.2572815533981,0.574217628481194,2,"0.93421564811210589","11.623199688594783","23.876994939665241"
32082,2012,9.21908893709328,0.574217628481194,2,"0.93421564811210589","11.623199688594783","23.876994939665241"
32082,2005,11.1016225448335,0.574217628481194,2,"0.93421564811210589","11.623199688594783","23.876994939665241"
32082,2020,21.3091922005571,0.574217628481194,2,"0.93421564811210589","11.623199688594783","23.876994939665241"
32082,2001,11.5640599001664,0.574217628481194,2,"0.93421564811210589","11.623199688594783","23.876994939665241"
32083,2016,10.3942652329749,0.509229789942712,4,"19.835426591598093","15.127142238445831","26.962816308853554"
32083,2020,14.1472868217054,0.509229789942712,4,"19.835426591598093","15.127142238445831","26.962816308853554"
32083,2024,20.2312138728324,0.509229789942712,4,"19.835426591598093","15.127142238445831","26.962816308853554"
32083,2009,6.98324022346369,0.509229789942712,4,"19.835426591598093","15.127142238445831","26.962816308853554"
32083,2005,10.4725415070243,0.509229789942712,4,"19.835426591598093","15.127142238445831","26.962816308853554"
32083,2012,8.76897133220911,0.509229789942712,4,"19.835426591598093","15.127142238445831","26.962816308853554"
32083,2001,13.2689987937274,0.509229789942712,4,"19.835426591598093","15.127142238445831","26.962816308853554"
32084,2024,53.6231884057971,0.469704086425552,2,"8.1794195250659634","1.4700339238597813","35.318507350169618"
32084,2020,45.6556082148499,0.469704086425552,2,"8.1794195250659634","1.4700339238597813","35.318507350169618"
32084,2005,9.59051724137931,0.469704086425552,2,"8.1794195250659634","1.4700339238597813","35.318507350169618"
32084,2016,17.7814029363785,0.469704086425552,2,"8.1794195250659634","1.4700339238597813","35.318507350169618"
32084,2009,25.6627783669141,0.469704086425552,2,"8.1794195250659634","1.4700339238597813","35.318507350169618"
32084,2012,14.468085106383,0.469704086425552,2,"8.1794195250659634","1.4700339238597813","35.318507350169618"
32084,2001,20.7013574660633,0.469704086425552,2,"8.1794195250659634","1.4700339238597813","35.318507350169618"
32085,2024,30.4269662921348,1.12170499158721,8,"7.9264934154524056","7.9965950628411191","70.096640128185868"
32085,2009,17.6324719394414,1.12170499158721,8,"7.9264934154524056","7.9965950628411191","70.096640128185868"
32085,2005,17.3479561316052,1.12170499158721,8,"7.9264934154524056","7.9965950628411191","70.096640128185868"
32085,2020,32.1846449751563,1.12170499158721,8,"7.9264934154524056","7.9965950628411191","70.096640128185868"
32085,2016,23.6446670595168,1.12170499158721,8,"7.9264934154524056","7.9965950628411191","70.096640128185868"
32085,2001,21.4905484970561,1.12170499158721,8,"7.9264934154524056","7.9965950628411191","70.096640128185868"
32085,2012,18.1324647122693,1.12170499158721,8,"7.9264934154524056","7.9965950628411191","70.096640128185868"
32086,2001,14.9365899483326,0.684775165487332,6,"12.879551820728292","12.268907563025209","42.896358543417371"
32086,2009,15.881809787627,0.684775165487332,6,"12.879551820728292","12.268907563025209","42.896358543417371"
32086,2020,28.2575757575758,0.684775165487332,6,"12.879551820728292","12.268907563025209","42.896358543417371"
32086,2016,27.2332506203474,0.684775165487332,6,"12.879551820728292","12.268907563025209","42.896358543417371"
32086,2024,26.8965517241379,0.684775165487332,6,"12.879551820728292","12.268907563025209","42.896358543417371"
32086,2005,13.4249003101462,0.684775165487332,6,"12.879551820728292","12.268907563025209","42.896358543417371"
32086,2012,21.6153399186519,0.684775165487332,6,"12.879551820728292","12.268907563025209","42.896358543417371"
32087,2012,12.8061581525542,0.788022064617809,3,"30.598006644518279","36.82724252491694","7.176079734219269"
32087,2005,13.7064534551685,0.788022064617809,3,"30.598006644518279","36.82724252491694","7.176079734219269"
32087,2024,22.0637583892617,0.788022064617809,3,"30.598006644518279","36.82724252491694","7.176079734219269"
32087,2020,14.6274149034039,0.788022064617809,3,"30.598006644518279","36.82724252491694","7.176079734219269"
32087,2001,16.0388821385176,0.788022064617809,3,"30.598006644518279","36.82724252491694","7.176079734219269"
32087,2009,12.2150789012274,0.788022064617809,3,"30.598006644518279","36.82724252491694","7.176079734219269"
32087,2016,13.7931034482759,0.788022064617809,3,"30.598006644518279","36.82724252491694","7.176079734219269"
32088,2020,14.3364928909953,5.01526384648932,23,"25.275419902474262","19.288423333935345","38.044067184395885"
32088,2012,9.98990918264379,5.01526384648932,23,"25.275419902474262","19.288423333935345","38.044067184395885"
32088,2016,15.3276955602537,5.01526384648932,23,"25.275419902474262","19.288423333935345","38.044067184395885"
32088,2009,8.07692307692308,5.01526384648932,23,"25.275419902474262","19.288423333935345","38.044067184395885"
32088,2005,7.04761904761905,5.01526384648932,23,"25.275419902474262","19.288423333935345","38.044067184395885"
32088,2024,18.6199342825849,5.01526384648932,23,"25.275419902474262","19.288423333935345","38.044067184395885"
32088,2001,12.2107969151671,5.01526384648932,23,"25.275419902474262","19.288423333935345","38.044067184395885"
32089,2005,12.3376623376623,0.276243093922652,1,"8.7722388585520523","7.4158886735952088","48.370618284305088"
32089,2012,11.2078346028292,0.276243093922652,1,"8.7722388585520523","7.4158886735952088","48.370618284305088"
32089,2009,15.4109589041096,0.276243093922652,1,"8.7722388585520523","7.4158886735952088","48.370618284305088"
32089,2016,13.78896882494,0.276243093922652,1,"8.7722388585520523","7.4158886735952088","48.370618284305088"
32089,2001,11.6654438738078,0.276243093922652,1,"8.7722388585520523","7.4158886735952088","48.370618284305088"
32089,2024,28.1616688396349,0.276243093922652,1,"8.7722388585520523","7.4158886735952088","48.370618284305088"
32089,2020,34.0548340548341,0.276243093922652,1,"8.7722388585520523","7.4158886735952088","48.370618284305088"
32090,2009,66.7146974063401,0,0,"7.2332730560578665E-2","0.21699819168173595","72.097649186256774"
32090,2012,11.0183639398998,0,0,"7.2332730560578665E-2","0.21699819168173595","72.097649186256774"
32090,2020,37.3239436619718,0,0,"7.2332730560578665E-2","0.21699819168173595","72.097649186256774"
32090,2005,66.1951909476662,0,0,"7.2332730560578665E-2","0.21699819168173595","72.097649186256774"
32090,2001,68.7782805429864,0,0,"7.2332730560578665E-2","0.21699819168173595","72.097649186256774"
32090,2024,59.5864661654135,0,0,"7.2332730560578665E-2","0.21699819168173595","72.097649186256774"
32090,2016,55.6190476190476,0,0,"7.2332730560578665E-2","0.21699819168173595","72.097649186256774"
32091,2024,16.829052258636,0.161812297734628,1,"0.52045944005743006","7.5735821966977745","49.973079684134959"
32091,2009,10.1273499090358,0.161812297734628,1,"0.52045944005743006","7.5735821966977745","49.973079684134959"
32091,2012,7.24014336917563,0.161812297734628,1,"0.52045944005743006","7.5735821966977745","49.973079684134959"
32091,2005,10.4389086595492,0.161812297734628,1,"0.52045944005743006","7.5735821966977745","49.973079684134959"
32091,2020,15.5381944444444,0.161812297734628,1,"0.52045944005743006","7.5735821966977745","49.973079684134959"
32091,2001,14.6158650843223,0.161812297734628,1,"0.52045944005743006","7.5735821966977745","49.973079684134959"
32091,2016,9.43820224719101,0.161812297734628,1,"0.52045944005743006","7.5735821966977745","49.973079684134959"
32092,2001,18.9189189189189,0.397298371076679,1,"3.4285714285714288","19.740259740259742","30.077922077922075"
32092,2009,32.244008714597,0.397298371076679,1,"3.4285714285714288","19.740259740259742","30.077922077922075"
32092,2020,28.2685512367491,0.397298371076679,1,"3.4285714285714288","19.740259740259742","30.077922077922075"
32092,2012,16.4705882352941,0.397298371076679,1,"3.4285714285714288","19.740259740259742","30.077922077922075"
32092,2024,26.7267267267267,0.397298371076679,1,"3.4285714285714288","19.740259740259742","30.077922077922075"
32092,2016,25.2279635258359,0.397298371076679,1,"3.4285714285714288","19.740259740259742","30.077922077922075"
32092,2005,21.0526315789474,0.397298371076679,1,"3.4285714285714288","19.740259740259742","30.077922077922075"
