cod_ine,year,cod_provincia,provincia,cod_municipio,municipio,censo,votos_totais,abstencions,votos_nulos,votos_brancos,votos_candidaturas,votos_validos,turnout_pct,adcg,age_eu_anova,aidg,autonomo,bng,BNG-NOS (BNG-NOS CANDIDATURA GALEGA),c21,cc_cidadans,cdl,cds,Censo,contigo,cs,cxg,dec,dn,do_ourense,dpg,eb,ecg,edeg,en_marea,equo,eu_iu,fe_jons,fpg,ganemos,gu,hartos,idega,mas_g,mg,nos_up,p_lib,pacma,payj,pctg,ph,pirata_gal,podemos_av,podemos_eu_anova,pp,psoe,pt,pum_j,pyc,recortes_cero,recortes_esco,sain,scd,sdd,sumar,tega,uce,ucl,unidos_si,union_corunesa,upyd,via_nova,vox,adcg_pct,age_eu_anova_pct,aidg_pct,autonomo_pct,bng_pct,BNG-NOS (BNG-NOS CANDIDATURA GALEGA)_pct,c21_pct,cc_cidadans_pct,cdl_pct,cds_pct,Censo_pct,contigo_pct,cs_pct,cxg_pct,dec_pct,dn_pct,do_ourense_pct,dpg_pct,eb_pct,ecg_pct,edeg_pct,en_marea_pct,equo_pct,eu_iu_pct,fe_jons_pct,fpg_pct,ganemos_pct,gu_pct,hartos_pct,idega_pct,mas_g_pct,mg_pct,nos_up_pct,p_lib_pct,pacma_pct,payj_pct,pctg_pct,ph_pct,pirata_gal_pct,podemos_av_pct,podemos_eu_anova_pct,pp_pct,psoe_pct,pt_pct,pum_j_pct,pyc_pct,recortes_cero_pct,recortes_esco_pct,sain_pct,scd_pct,sdd_pct,sumar_pct,tega_pct,uce_pct,ucl_pct,unidos_si_pct,union_corunesa_pct,upyd_pct,via_nova_pct,vox_pct
27001,2001,27,Lugo,1,Abadín,3062,1724,1338,7,16,1701,1717,56.30306988896147,NA,NA,NA,3,398,NA,NA,NA,NA,NA,NA,NA,NA,NA,NA,NA,NA,2,NA,NA,1,NA,NA,2,NA,5,NA,NA,NA,NA,NA,NA,NA,NA,NA,NA,NA,1,NA,NA,NA,1087,202,NA,NA,NA,NA,NA,NA,NA,0,NA,NA,NA,NA,NA,NA,NA,NA,NA,NA,NA,NA,0.17472335468841002,23.179965055329063,NA,NA,NA,NA,NA,NA,NA,NA,NA,NA,NA,NA,0.11648223645894001,NA,NA,0.05824111822947001,NA,NA,0.11648223645894001,NA,0.29120559114735,NA,NA,NA,NA,NA,NA,NA,NA,NA,NA,NA,0.05824111822947001,NA,NA,NA,63.30809551543389,11.76470588235294,NA,NA,NA,NA,NA,NA,NA,0,NA,NA,NA,NA,NA,NA,NA,NA,NA
27001,2005,27,Lugo,1,Abadín,2876,1713,1163,9,10,1694,1704,59.56189151599444,NA,NA,NA,1,221,NA,NA,NA,NA,2,NA,NA,NA,NA,NA,NA,NA,NA,NA,NA,NA,NA,NA,4,3,1,NA,NA,NA,NA,NA,NA,4,NA,NA,NA,NA,6,NA,NA,NA,1086,366,NA,NA,NA,NA,NA,NA,NA,NA,NA,NA,NA,NA,NA,NA,NA,NA,NA,NA,NA,NA,0.05868544600938967,12.969483568075118,NA,NA,NA,NA,0.11737089201877934,NA,NA,NA,NA,NA,NA,NA,NA,NA,NA,NA,NA,NA,0.2347417840375587,0.17605633802816903,0.05868544600938967,NA,NA,NA,NA,NA,NA,0.2347417840375587,NA,NA,NA,NA,0.35211267605633806,NA,NA,NA,63.732394366197184,21.47887323943662,NA,NA,NA,NA,NA,NA,NA,NA,NA,NA,NA,NA,NA,NA,NA,NA,NA
27001,2009,27,Lugo,1,Abadín,2669,1601,1068,19,34,1548,1582,59.98501311352567,NA,NA,NA,NA,175,NA,NA,NA,NA,NA,NA,NA,NA,NA,NA,NA,NA,NA,NA,NA,NA,NA,NA,4,0,0,NA,0,NA,NA,1,NA,0,NA,NA,NA,NA,0,NA,NA,NA,993,362,NA,1,NA,NA,NA,NA,NA,NA,NA,2,NA,NA,NA,NA,10,NA,NA,NA,NA,NA,NA,11.061946902654867,NA,NA,NA,NA,NA,NA,NA,NA,NA,NA,NA,NA,NA,NA,NA,NA,NA,NA,0.2528445006321113,0,0,NA,0,NA,NA,0.06321112515802782,NA,0,NA,NA,NA,NA,0,NA,NA,NA,62.768647281921616,22.88242730720607,NA,0.06321112515802782,NA,NA,NA,NA,NA,NA,NA,0.12642225031605564,NA,NA,NA,NA,0.6321112515802781,NA,NA
27001,2012,27,Lugo,1,Abadín,2542,1456,1086,25,28,1403,1431,57.27773406766325,0,74,NA,NA,119,NA,1,NA,1,NA,NA,NA,NA,3,0,NA,0,NA,6,NA,NA,NA,NA,NA,0,NA,NA,NA,2,NA,NA,NA,NA,NA,2,NA,0,0,0,NA,NA,1003,177,5,0,1,NA,NA,0,1,0,NA,NA,0,NA,NA,0,8,NA,NA,0,5.17120894479385,NA,NA,8.315863032844165,NA,0.06988120195667365,NA,0.06988120195667365,NA,NA,NA,NA,0.20964360587002098,0,NA,0,NA,0.41928721174004197,NA,NA,NA,NA,NA,0,NA,NA,NA,0.1397624039133473,NA,NA,NA,NA,NA,0.1397624039133473,NA,0,0,0,NA,NA,70.09084556254368,12.368972746331238,0.3494060097833683,0,0.06988120195667365,NA,NA,0,0.06988120195667365,0,NA,NA,0,NA,NA,0,0.5590496156533892,NA,NA
27001,2016,27,Lugo,1,Abadín,2351,1234,1117,12,11,1211,1222,52.48830284985113,0,NA,0,NA,NA,58,0,0,NA,NA,NA,NA,21,1,NA,NA,0,NA,0,NA,NA,117,NA,NA,NA,NA,2,NA,NA,NA,NA,NA,NA,0,7,7,0,NA,NA,NA,NA,882,115,NA,NA,NA,1,NA,NA,NA,NA,NA,NA,NA,NA,0,NA,NA,0,NA,0,NA,0,NA,NA,4.746317512274959,0,0,NA,NA,NA,NA,1.718494271685761,0.08183306055646482,NA,NA,0,NA,0,NA,NA,9.574468085106384,NA,NA,NA,NA,0.16366612111292964,NA,NA,NA,NA,NA,NA,0,0.5728314238952537,0.5728314238952537,0,NA,NA,NA,NA,72.17675941080196,9.410801963993453,NA,NA,NA,0.08183306055646482,NA,NA,NA,NA,NA,NA,NA,NA,0,NA,NA,0,NA
27001,2020,27,Lugo,1,Abadín,2148,1124,1024,20,15,1089,1104,52.327746741154556,NA,NA,NA,NA,140,NA,0,NA,NA,NA,2148,NA,3,NA,NA,NA,NA,NA,NA,NA,NA,NA,0,NA,NA,NA,NA,NA,NA,NA,NA,1,NA,NA,0,NA,0,NA,NA,NA,16,765,131,NA,0,NA,NA,0,NA,NA,NA,NA,NA,NA,NA,NA,NA,NA,NA,33,NA,NA,NA,NA,12.681159420289855,NA,0,NA,NA,NA,194.56521739130434,NA,0.2717391304347826,NA,NA,NA,NA,NA,NA,NA,NA,NA,0,NA,NA,NA,NA,NA,NA,NA,NA,0.09057971014492754,NA,NA,0,NA,0,NA,NA,NA,1.4492753623188406,69.29347826086956,11.865942028985508,NA,0,NA,NA,0,NA,NA,NA,NA,NA,NA,NA,NA,NA,NA,NA,2.989130434782609
27001,2024,27,Lugo,1,Abadín,2011,1182,829,8,17,1157,1174,58.77672799602188,NA,NA,NA,NA,218,NA,NA,NA,NA,NA,2011,NA,NA,NA,NA,NA,NA,NA,1,1,NA,NA,NA,NA,NA,NA,NA,NA,NA,NA,NA,NA,NA,NA,2,NA,NA,NA,NA,0,NA,748,147,NA,1,NA,NA,NA,NA,NA,NA,6,NA,NA,NA,NA,NA,NA,NA,33,NA,NA,NA,NA,18.56899488926746,NA,NA,NA,NA,NA,171.2947189097104,NA,NA,NA,NA,NA,NA,NA,0.08517887563884156,0.08517887563884156,NA,NA,NA,NA,NA,NA,NA,NA,NA,NA,NA,NA,NA,NA,0.17035775127768313,NA,NA,NA,NA,0,NA,63.7137989778535,12.52129471890971,NA,0.08517887563884156,NA,NA,NA,NA,NA,NA,0.5110732538330494,NA,NA,NA,NA,NA,NA,NA,2.810902896081772
27002,2001,27,Lugo,2,Alfoz,2131,1620,511,9,17,1594,1611,76.02064758329423,NA,NA,NA,5,208,NA,NA,NA,NA,NA,NA,NA,NA,NA,NA,NA,NA,1,NA,NA,1,NA,NA,1,NA,3,NA,NA,NA,NA,NA,NA,NA,NA,NA,NA,NA,1,NA,NA,NA,1016,358,NA,NA,NA,NA,NA,NA,NA,0,NA,NA,NA,NA,NA,NA,NA,NA,NA,NA,NA,NA,0.31036623215394166,12.911235257603973,NA,NA,NA,NA,NA,NA,NA,NA,NA,NA,NA,NA,0.06207324643078833,NA,NA,0.06207324643078833,NA,NA,0.06207324643078833,NA,0.186219739292365,NA,NA,NA,NA,NA,NA,NA,NA,NA,NA,NA,0.06207324643078833,NA,NA,NA,63.066418373680946,22.22222222222222,NA,NA,NA,NA,NA,NA,NA,0,NA,NA,NA,NA,NA,NA,NA,NA,NA
27002,2005,27,Lugo,2,Alfoz,2012,1573,439,15,6,1552,1558,78.18091451292246,NA,NA,NA,2,179,NA,NA,NA,NA,0,NA,NA,NA,NA,NA,NA,NA,NA,NA,NA,NA,NA,NA,1,3,3,NA,NA,NA,NA,NA,NA,0,NA,NA,NA,NA,0,NA,NA,NA,862,502,NA,NA,NA,NA,NA,NA,NA,NA,NA,NA,NA,NA,NA,NA,NA,NA,NA,NA,NA,NA,0.12836970474967907,11.489088575096277,NA,NA,NA,NA,0,NA,NA,NA,NA,NA,NA,NA,NA,NA,NA,NA,NA,NA,0.06418485237483953,0.19255455712451863,0.19255455712451863,NA,NA,NA,NA,NA,NA,0,NA,NA,NA,NA,0,NA,NA,NA,55.327342747111686,32.22079589216945,NA,NA,NA,NA,NA,NA,NA,NA,NA,NA,NA,NA,NA,NA,NA,NA,NA
27002,2009,27,Lugo,2,Alfoz,1889,1474,415,22,17,1435,1452,78.0307040762308,NA,NA,NA,NA,196,NA,NA,NA,NA,NA,NA,NA,NA,NA,NA,NA,NA,NA,NA,NA,NA,NA,NA,2,0,1,NA,0,NA,NA,1,NA,3,NA,NA,NA,NA,0,NA,NA,NA,782,441,NA,4,NA,NA,NA,NA,NA,NA,NA,1,NA,NA,NA,NA,4,NA,NA,NA,NA,NA,NA,13.498622589531681,NA,NA,NA,NA,NA,NA,NA,NA,NA,NA,NA,NA,NA,NA,NA,NA,NA,NA,0.13774104683195593,0,0.06887052341597796,NA,0,NA,NA,0.06887052341597796,NA,0.2066115702479339,NA,NA,NA,NA,0,NA,NA,NA,53.85674931129476,30.37190082644628,NA,0.27548209366391185,NA,NA,NA,NA,NA,NA,NA,0.06887052341597796,NA,NA,NA,NA,0.27548209366391185,NA,NA
27002,2012,27,Lugo,2,Alfoz,1778,1292,486,30,20,1242,1262,72.66591676040494,0,79,NA,NA,69,NA,1,NA,1,NA,NA,NA,NA,99,0,NA,0,NA,9,NA,NA,NA,NA,NA,0,NA,NA,NA,2,NA,NA,NA,NA,NA,2,NA,0,0,0,NA,NA,660,306,1,1,1,NA,NA,0,6,0,NA,NA,2,NA,NA,0,3,NA,NA,0,6.259904912836767,NA,NA,5.467511885895404,NA,0.07923930269413629,NA,0.07923930269413629,NA,NA,NA,NA,7.844690966719494,0,NA,0,NA,0.7131537242472267,NA,NA,NA,NA,NA,0,NA,NA,NA,0.15847860538827258,NA,NA,NA,NA,NA,0.15847860538827258,NA,0,0,0,NA,NA,52.29793977812995,24.247226624405705,0.07923930269413629,0.07923930269413629,0.07923930269413629,NA,NA,0,0.4754358161648178,0,NA,NA,0.15847860538827258,NA,NA,0,0.2377179080824089,NA,NA
27002,2016,27,Lugo,2,Alfoz,1631,1135,496,15,6,1114,1120,69.58920907418762,0,NA,0,NA,NA,56,0,0,NA,NA,NA,NA,12,2,NA,NA,0,NA,0,NA,NA,113,NA,NA,NA,NA,3,NA,NA,NA,NA,NA,NA,0,8,0,0,NA,NA,NA,NA,596,323,NA,NA,NA,1,NA,NA,NA,NA,NA,NA,NA,NA,0,NA,NA,0,NA,0,NA,0,NA,NA,5,0,0,NA,NA,NA,NA,1.0714285714285714,0.17857142857142858,NA,NA,0,NA,0,NA,NA,10.089285714285715,NA,NA,NA,NA,0.26785714285714285,NA,NA,NA,NA,NA,NA,0,0.7142857142857143,0,0,NA,NA,NA,NA,53.214285714285715,28.83928571428571,NA,NA,NA,0.08928571428571429,NA,NA,NA,NA,NA,NA,NA,NA,0,NA,NA,0,NA
27002,2020,27,Lugo,2,Alfoz,1515,885,630,19,9,857,866,58.415841584158414,NA,NA,NA,NA,175,NA,0,NA,NA,NA,1515,NA,1,NA,NA,NA,NA,NA,NA,NA,NA,NA,0,NA,NA,NA,NA,NA,NA,NA,NA,4,NA,NA,0,NA,0,NA,NA,NA,9,448,204,NA,2,NA,NA,2,NA,NA,NA,NA,NA,NA,NA,NA,NA,NA,NA,12,NA,NA,NA,NA,20.207852193995382,NA,0,NA,NA,NA,174.94226327944574,NA,0.11547344110854503,NA,NA,NA,NA,NA,NA,NA,NA,NA,0,NA,NA,NA,NA,NA,NA,NA,NA,0.4618937644341801,NA,NA,0,NA,0,NA,NA,NA,1.0392609699769053,51.73210161662818,23.556581986143186,NA,0.23094688221709006,NA,NA,0.23094688221709006,NA,NA,NA,NA,NA,NA,NA,NA,NA,NA,NA,1.3856812933025404
27002,2024,27,Lugo,2,Alfoz,1409,1045,364,25,7,1013,1020,74.16607523066004,NA,NA,NA,NA,224,NA,NA,NA,NA,NA,1409,NA,NA,NA,NA,NA,NA,NA,1,2,NA,NA,NA,NA,NA,NA,NA,NA,NA,NA,NA,NA,NA,NA,1,NA,NA,NA,NA,0,NA,513,250,NA,2,NA,NA,NA,NA,NA,NA,4,NA,NA,NA,NA,NA,NA,NA,16,NA,NA,NA,NA,21.96078431372549,NA,NA,NA,NA,NA,138.13725490196077,NA,NA,NA,NA,NA,NA,NA,0.09803921568627451,0.19607843137254902,NA,NA,NA,NA,NA,NA,NA,NA,NA,NA,NA,NA,NA,NA,0.09803921568627451,NA,NA,NA,NA,0,NA,50.294117647058826,24.509803921568626,NA,0.19607843137254902,NA,NA,NA,NA,NA,NA,0.39215686274509803,NA,NA,NA,NA,NA,NA,NA,1.5686274509803921
27003,2001,27,Lugo,3,Antas de Ulla,2417,1638,779,8,10,1620,1630,67.76996276375672,NA,NA,NA,4,259,NA,NA,NA,NA,NA,NA,NA,NA,NA,NA,NA,NA,33,NA,NA,0,NA,NA,3,NA,9,NA,NA,NA,NA,NA,NA,NA,NA,NA,NA,NA,3,NA,NA,NA,1098,211,NA,NA,NA,NA,NA,NA,NA,0,NA,NA,NA,NA,NA,NA,NA,NA,NA,NA,NA,NA,0.245398773006135,15.889570552147239,NA,NA,NA,NA,NA,NA,NA,NA,NA,NA,NA,NA,2.024539877300614,NA,NA,0,NA,NA,0.18404907975460122,NA,0.5521472392638037,NA,NA,NA,NA,NA,NA,NA,NA,NA,NA,NA,0.18404907975460122,NA,NA,NA,67.36196319018404,12.94478527607362,NA,NA,NA,NA,NA,NA,NA,0,NA,NA,NA,NA,NA,NA,NA,NA,NA
27003,2005,27,Lugo,3,Antas de Ulla,2305,1647,658,16,9,1622,1631,71.45336225596529,NA,NA,NA,1,253,NA,NA,NA,NA,3,NA,NA,NA,NA,NA,NA,NA,NA,NA,NA,NA,NA,NA,0,0,2,NA,NA,NA,NA,NA,NA,2,NA,NA,NA,NA,2,NA,NA,NA,994,365,NA,NA,NA,NA,NA,NA,NA,NA,NA,NA,NA,NA,NA,NA,NA,NA,NA,NA,NA,NA,0.06131207847946045,15.511955855303494,NA,NA,NA,NA,0.18393623543838136,NA,NA,NA,NA,NA,NA,NA,NA,NA,NA,NA,NA,NA,0,0,0.1226241569589209,NA,NA,NA,NA,NA,NA,0.1226241569589209,NA,NA,NA,NA,0.1226241569589209,NA,NA,NA,60.94420600858369,22.378908645003065,NA,NA,NA,NA,NA,NA,NA,NA,NA,NA,NA,NA,NA,NA,NA,NA,NA
27003,2009,27,Lugo,3,Antas de Ulla,2157,1607,550,16,10,1581,1591,74.50162262401484,NA,NA,NA,NA,298,NA,NA,NA,NA,NA,NA,NA,NA,NA,NA,NA,NA,NA,NA,NA,NA,NA,NA,2,1,2,NA,1,NA,NA,0,NA,0,NA,NA,NA,NA,1,NA,NA,NA,905,367,NA,0,NA,NA,NA,NA,NA,NA,NA,2,NA,NA,NA,NA,2,NA,NA,NA,NA,NA,NA,18.730358265241986,NA,NA,NA,NA,NA,NA,NA,NA,NA,NA,NA,NA,NA,NA,NA,NA,NA,NA,0.1257071024512885,0.06285355122564425,0.1257071024512885,NA,0.06285355122564425,NA,NA,0,NA,0,NA,NA,NA,NA,0.06285355122564425,NA,NA,NA,56.882463859208045,23.067253299811437,NA,0,NA,NA,NA,NA,NA,NA,NA,0.1257071024512885,NA,NA,NA,NA,0.1257071024512885,NA,NA
27003,2012,27,Lugo,3,Antas de Ulla,2016,1399,617,26,25,1348,1373,69.39484126984127,0,115,NA,NA,57,NA,0,NA,0,NA,NA,NA,NA,9,0,NA,0,NA,0,NA,NA,NA,NA,NA,0,NA,NA,NA,1,NA,NA,NA,NA,NA,8,NA,0,0,0,NA,NA,882,265,1,0,0,NA,NA,0,4,0,NA,NA,0,NA,NA,0,6,NA,NA,0,8.375819373634377,NA,NA,4.151493080844865,NA,0,NA,0,NA,NA,NA,NA,0.6554989075018208,0,NA,0,NA,0,NA,NA,NA,NA,NA,0,NA,NA,NA,0.07283321194464676,NA,NA,NA,NA,NA,0.5826656955571741,NA,0,0,0,NA,NA,64.23889293517844,19.30080116533139,0.07283321194464676,0,0,NA,NA,0,0.29133284777858703,0,NA,NA,0,NA,NA,0,0.43699927166788055,NA,NA
27003,2016,27,Lugo,3,Antas de Ulla,1861,1307,554,13,9,1285,1294,70.23105857066093,0,NA,0,NA,NA,56,2,0,NA,NA,NA,NA,28,3,NA,NA,0,NA,0,NA,NA,139,NA,NA,NA,NA,5,NA,NA,NA,NA,NA,NA,0,7,5,0,NA,NA,NA,NA,800,239,NA,NA,NA,1,NA,NA,NA,NA,NA,NA,NA,NA,0,NA,NA,0,NA,0,NA,0,NA,NA,4.327666151468315,0.1545595054095827,0,NA,NA,NA,NA,2.1638330757341575,0.23183925811437403,NA,NA,0,NA,0,NA,NA,10.741885625965997,NA,NA,NA,NA,0.38639876352395675,NA,NA,NA,NA,NA,NA,0,0.5409582689335394,0.38639876352395675,0,NA,NA,NA,NA,61.82380216383307,18.46986089644513,NA,NA,NA,0.07727975270479134,NA,NA,NA,NA,NA,NA,NA,NA,0,NA,NA,0,NA
27003,2020,27,Lugo,3,Antas de Ulla,1727,1103,624,19,9,1075,1084,63.86797915460336,NA,NA,NA,NA,165,NA,1,NA,NA,NA,1727,NA,1,NA,NA,NA,NA,NA,NA,NA,NA,NA,2,NA,NA,NA,NA,NA,NA,NA,NA,1,NA,NA,4,NA,0,NA,NA,NA,19,714,148,NA,0,NA,NA,0,NA,NA,NA,NA,NA,NA,NA,NA,NA,NA,NA,20,NA,NA,NA,NA,15.22140221402214,NA,0.09225092250922509,NA,NA,NA,159.31734317343174,NA,0.09225092250922509,NA,NA,NA,NA,NA,NA,NA,NA,NA,0.18450184501845018,NA,NA,NA,NA,NA,NA,NA,NA,0.09225092250922509,NA,NA,0.36900369003690037,NA,0,NA,NA,NA,1.7527675276752765,65.86715867158671,13.653136531365314,NA,0,NA,NA,0,NA,NA,NA,NA,NA,NA,NA,NA,NA,NA,NA,1.8450184501845017
27003,2024,27,Lugo,3,Antas de Ulla,1621,1208,413,18,9,1181,1190,74.52190006169032,NA,NA,NA,NA,126,NA,NA,NA,NA,NA,1621,NA,NA,NA,NA,NA,NA,NA,1,6,NA,NA,NA,NA,NA,NA,NA,NA,NA,NA,NA,NA,NA,NA,3,NA,NA,NA,NA,2,NA,684,267,NA,0,NA,NA,NA,NA,NA,NA,86,NA,NA,NA,NA,NA,NA,NA,6,NA,NA,NA,NA,10.588235294117647,NA,NA,NA,NA,NA,136.21848739495798,NA,NA,NA,NA,NA,NA,NA,0.08403361344537816,0.5042016806722689,NA,NA,NA,NA,NA,NA,NA,NA,NA,NA,NA,NA,NA,NA,0.25210084033613445,NA,NA,NA,NA,0.16806722689075632,NA,57.47899159663865,22.43697478991597,NA,0,NA,NA,NA,NA,NA,NA,7.226890756302522,NA,NA,NA,NA,NA,NA,NA,0.5042016806722689
27004,2001,27,Lugo,4,Baleira,1665,1227,438,9,6,1212,1218,73.69369369369369,NA,NA,NA,1,192,NA,NA,NA,NA,NA,NA,NA,NA,NA,NA,NA,NA,2,NA,NA,0,NA,NA,0,NA,3,NA,NA,NA,NA,NA,NA,NA,NA,NA,NA,NA,1,NA,NA,NA,791,222,NA,NA,NA,NA,NA,NA,NA,0,NA,NA,NA,NA,NA,NA,NA,NA,NA,NA,NA,NA,0.08210180623973727,15.763546798029557,NA,NA,NA,NA,NA,NA,NA,NA,NA,NA,NA,NA,0.16420361247947454,NA,NA,0,NA,NA,0,NA,0.24630541871921183,NA,NA,NA,NA,NA,NA,NA,NA,NA,NA,NA,0.08210180623973727,NA,NA,NA,64.9425287356322,18.226600985221676,NA,NA,NA,NA,NA,NA,NA,0,NA,NA,NA,NA,NA,NA,NA,NA,NA
27004,2005,27,Lugo,4,Baleira,1567,1276,291,6,2,1268,1270,81.42948308870453,NA,NA,NA,2,86,NA,NA,NA,NA,0,NA,NA,NA,NA,NA,NA,NA,NA,NA,NA,NA,NA,NA,1,0,0,NA,NA,NA,NA,NA,NA,1,NA,NA,NA,NA,0,NA,NA,NA,776,402,NA,NA,NA,NA,NA,NA,NA,NA,NA,NA,NA,NA,NA,NA,NA,NA,NA,NA,NA,NA,0.15748031496062992,6.771653543307086,NA,NA,NA,NA,0,NA,NA,NA,NA,NA,NA,NA,NA,NA,NA,NA,NA,NA,0.07874015748031496,0,0,NA,NA,NA,NA,NA,NA,0.07874015748031496,NA,NA,NA,NA,0,NA,NA,NA,61.102362204724415,31.65354330708661,NA,NA,NA,NA,NA,NA,NA,NA,NA,NA,NA,NA,NA,NA,NA,NA,NA
27004,2009,27,Lugo,4,Baleira,1441,1183,258,11,9,1163,1172,82.09576682859125,NA,NA,NA,NA,94,NA,NA,NA,NA,NA,NA,NA,NA,NA,NA,NA,NA,NA,NA,NA,NA,NA,NA,0,0,0,NA,0,NA,NA,0,NA,2,NA,NA,NA,NA,0,NA,NA,NA,698,366,NA,1,NA,NA,NA,NA,NA,NA,NA,1,NA,NA,NA,NA,1,NA,NA,NA,NA,NA,NA,8.020477815699659,NA,NA,NA,NA,NA,NA,NA,NA,NA,NA,NA,NA,NA,NA,NA,NA,NA,NA,0,0,0,NA,0,NA,NA,0,NA,0.17064846416382254,NA,NA,NA,NA,0,NA,NA,NA,59.55631399317406,31.22866894197952,NA,0.08532423208191127,NA,NA,NA,NA,NA,NA,NA,0.08532423208191127,NA,NA,NA,NA,0.08532423208191127,NA,NA
27004,2012,27,Lugo,4,Baleira,1333,872,461,25,17,830,847,65.41635408852213,0,29,NA,NA,40,NA,2,NA,1,NA,NA,NA,NA,1,0,NA,0,NA,1,NA,NA,NA,NA,NA,1,NA,NA,NA,1,NA,NA,NA,NA,NA,1,NA,0,0,0,NA,NA,531,217,1,1,0,NA,NA,0,2,0,NA,NA,0,NA,NA,0,1,NA,NA,0,3.4238488783943333,NA,NA,4.7225501770956315,NA,0.23612750885478156,NA,0.11806375442739078,NA,NA,NA,NA,0.11806375442739078,0,NA,0,NA,0.11806375442739078,NA,NA,NA,NA,NA,0.11806375442739078,NA,NA,NA,0.11806375442739078,NA,NA,NA,NA,NA,0.11806375442739078,NA,0,0,0,NA,NA,62.69185360094451,25.6198347107438,0.11806375442739078,0.11806375442739078,0,NA,NA,0,0.23612750885478156,0,NA,NA,0,NA,NA,0,0.11806375442739078,NA,NA
27004,2016,27,Lugo,4,Baleira,1214,765,449,4,6,755,761,63.01482701812191,0,NA,0,NA,NA,39,1,0,NA,NA,NA,NA,16,0,NA,NA,0,NA,0,NA,NA,58,NA,NA,NA,NA,0,NA,NA,NA,NA,NA,NA,0,3,0,0,NA,NA,NA,NA,488,150,NA,NA,NA,0,NA,NA,NA,NA,NA,NA,NA,NA,0,NA,NA,0,NA,0,NA,0,NA,NA,5.124835742444152,0.1314060446780552,0,NA,NA,NA,NA,2.102496714848883,0,NA,NA,0,NA,0,NA,NA,7.6215505913272015,NA,NA,NA,NA,0,NA,NA,NA,NA,NA,NA,0,0.39421813403416556,0,0,NA,NA,NA,NA,64.12614980289094,19.71090670170828,NA,NA,NA,0,NA,NA,NA,NA,NA,NA,NA,NA,0,NA,NA,0,NA
27004,2020,27,Lugo,4,Baleira,1128,625,503,9,2,614,616,55.40780141843972,NA,NA,NA,NA,72,NA,0,NA,NA,NA,1128,NA,0,NA,NA,NA,NA,NA,NA,NA,NA,NA,0,NA,NA,NA,NA,NA,NA,NA,NA,0,NA,NA,0,NA,0,NA,NA,NA,6,409,110,NA,0,NA,NA,0,NA,NA,NA,NA,NA,NA,NA,NA,NA,NA,NA,17,NA,NA,NA,NA,11.688311688311687,NA,0,NA,NA,NA,183.11688311688312,NA,0,NA,NA,NA,NA,NA,NA,NA,NA,NA,0,NA,NA,NA,NA,NA,NA,NA,NA,0,NA,NA,0,NA,0,NA,NA,NA,0.974025974025974,66.3961038961039,17.857142857142858,NA,0,NA,NA,0,NA,NA,NA,NA,NA,NA,NA,NA,NA,NA,NA,2.75974025974026
27004,2024,27,Lugo,4,Baleira,1035,698,337,6,2,690,692,67.43961352657006,NA,NA,NA,NA,117,NA,NA,NA,NA,NA,1035,NA,NA,NA,NA,NA,NA,NA,0,2,NA,NA,NA,NA,NA,NA,NA,NA,NA,NA,NA,NA,NA,NA,0,NA,NA,NA,NA,0,NA,424,137,NA,2,NA,NA,NA,NA,NA,NA,0,NA,NA,NA,NA,NA,NA,NA,8,NA,NA,NA,NA,16.907514450867055,NA,NA,NA,NA,NA,149.5664739884393,NA,NA,NA,NA,NA,NA,NA,0,0.2890173410404624,NA,NA,NA,NA,NA,NA,NA,NA,NA,NA,NA,NA,NA,NA,0,NA,NA,NA,NA,0,NA,61.27167630057804,19.797687861271676,NA,0.2890173410404624,NA,NA,NA,NA,NA,NA,0,NA,NA,NA,NA,NA,NA,NA,1.1560693641618496
27005,2001,27,Lugo,5,Barreiros,3035,2266,769,12,20,2234,2254,74.66227347611203,NA,NA,NA,4,591,NA,NA,NA,NA,NA,NA,NA,NA,NA,NA,NA,NA,4,NA,NA,2,NA,NA,6,NA,4,NA,NA,NA,NA,NA,NA,NA,NA,NA,NA,NA,6,NA,NA,NA,1278,339,NA,NA,NA,NA,NA,NA,NA,0,NA,NA,NA,NA,NA,NA,NA,NA,NA,NA,NA,NA,0.1774622892635315,26.22005323868678,NA,NA,NA,NA,NA,NA,NA,NA,NA,NA,NA,NA,0.1774622892635315,NA,NA,0.08873114463176575,NA,NA,0.26619343389529726,NA,0.1774622892635315,NA,NA,NA,NA,NA,NA,NA,NA,NA,NA,NA,0.26619343389529726,NA,NA,NA,56.69920141969832,15.039929015084294,NA,NA,NA,NA,NA,NA,NA,0,NA,NA,NA,NA,NA,NA,NA,NA,NA
27005,2005,27,Lugo,5,Barreiros,2930,2160,770,15,13,2132,2145,73.72013651877133,NA,NA,NA,6,600,NA,NA,NA,NA,1,NA,NA,NA,NA,NA,NA,NA,NA,NA,NA,NA,NA,NA,5,1,4,NA,NA,NA,NA,NA,NA,2,NA,NA,NA,NA,2,NA,NA,NA,1076,435,NA,NA,NA,NA,NA,NA,NA,NA,NA,NA,NA,NA,NA,NA,NA,NA,NA,NA,NA,NA,0.27972027972027974,27.972027972027973,NA,NA,NA,NA,0.046620046620046623,NA,NA,NA,NA,NA,NA,NA,NA,NA,NA,NA,NA,NA,0.2331002331002331,0.046620046620046623,0.1864801864801865,NA,NA,NA,NA,NA,NA,0.09324009324009325,NA,NA,NA,NA,0.09324009324009325,NA,NA,NA,50.163170163170165,20.27972027972028,NA,NA,NA,NA,NA,NA,NA,NA,NA,NA,NA,NA,NA,NA,NA,NA,NA
27005,2009,27,Lugo,5,Barreiros,2854,2187,667,16,29,2142,2171,76.62929222144359,NA,NA,NA,NA,409,NA,NA,NA,NA,NA,NA,NA,NA,NA,NA,NA,NA,NA,NA,NA,NA,NA,NA,4,1,3,NA,6,NA,NA,2,NA,7,NA,NA,NA,NA,2,NA,NA,NA,1221,467,NA,5,NA,NA,NA,NA,NA,NA,NA,3,NA,NA,NA,NA,12,NA,NA,NA,NA,NA,NA,18.83924458774758,NA,NA,NA,NA,NA,NA,NA,NA,NA,NA,NA,NA,NA,NA,NA,NA,NA,NA,0.18424689083371718,0.046061722708429294,0.1381851681252879,NA,0.2763703362505758,NA,NA,0.09212344541685859,NA,0.32243205895900506,NA,NA,NA,NA,0.09212344541685859,NA,NA,NA,56.24136342699217,21.51082450483648,NA,0.23030861354214646,NA,NA,NA,NA,NA,NA,NA,0.1381851681252879,NA,NA,NA,NA,0.5527406725011516,NA,NA
27005,2012,27,Lugo,5,Barreiros,2733,1839,894,37,43,1759,1802,67.2886937431394,0,128,NA,NA,289,NA,1,NA,1,NA,NA,NA,NA,9,0,NA,0,NA,15,NA,NA,NA,NA,NA,2,NA,NA,NA,5,NA,NA,NA,NA,NA,13,NA,0,0,0,NA,NA,968,306,3,3,0,NA,NA,0,6,0,NA,NA,1,NA,NA,0,9,NA,NA,0,7.103218645948946,NA,NA,16.037735849056602,NA,0.05549389567147614,NA,0.05549389567147614,NA,NA,NA,NA,0.4994450610432853,0,NA,0,NA,0.8324084350721421,NA,NA,NA,NA,NA,0.11098779134295228,NA,NA,NA,0.27746947835738067,NA,NA,NA,NA,NA,0.7214206437291898,NA,0,0,0,NA,NA,53.718091009988896,16.9811320754717,0.1664816870144284,0.1664816870144284,0,NA,NA,0,0.3329633740288568,0,NA,NA,0.05549389567147614,NA,NA,0,0.4994450610432853,NA,NA
27005,2016,27,Lugo,5,Barreiros,2595,1736,859,21,18,1697,1715,66.89788053949903,0,NA,0,NA,NA,317,0,0,NA,NA,NA,NA,45,1,NA,NA,0,NA,0,NA,NA,197,NA,NA,NA,NA,0,NA,NA,NA,NA,NA,NA,0,9,3,0,NA,NA,NA,NA,926,197,NA,NA,NA,2,NA,NA,NA,NA,NA,NA,NA,NA,0,NA,NA,0,NA,0,NA,0,NA,NA,18.483965014577258,0,0,NA,NA,NA,NA,2.623906705539359,0.05830903790087463,NA,NA,0,NA,0,NA,NA,11.486880466472304,NA,NA,NA,NA,0,NA,NA,NA,NA,NA,NA,0,0.5247813411078718,0.1749271137026239,0,NA,NA,NA,NA,53.99416909620991,11.486880466472304,NA,NA,NA,0.11661807580174927,NA,NA,NA,NA,NA,NA,NA,NA,0,NA,NA,0,NA
27005,2020,27,Lugo,5,Barreiros,2544,1503,1041,23,13,1467,1480,59.08018867924528,NA,NA,NA,NA,494,NA,0,NA,NA,NA,2544,NA,2,NA,NA,NA,NA,NA,NA,NA,NA,NA,0,NA,NA,NA,NA,NA,NA,NA,NA,3,NA,NA,5,NA,2,NA,NA,NA,25,777,131,NA,1,NA,NA,0,NA,NA,NA,NA,NA,NA,NA,NA,NA,NA,NA,27,NA,NA,NA,NA,33.37837837837838,NA,0,NA,NA,NA,171.8918918918919,NA,0.13513513513513514,NA,NA,NA,NA,NA,NA,NA,NA,NA,0,NA,NA,NA,NA,NA,NA,NA,NA,0.20270270270270271,NA,NA,0.33783783783783783,NA,0.13513513513513514,NA,NA,NA,1.6891891891891893,52.5,8.85135135135135,NA,0.06756756756756757,NA,NA,0,NA,NA,NA,NA,NA,NA,NA,NA,NA,NA,NA,1.8243243243243243
27005,2024,27,Lugo,5,Barreiros,2575,1833,742,16,23,1794,1817,71.18446601941748,NA,NA,NA,NA,599,NA,NA,NA,NA,NA,2575,NA,NA,NA,NA,NA,NA,NA,3,2,NA,NA,NA,NA,NA,NA,NA,NA,NA,NA,NA,NA,NA,NA,8,NA,NA,NA,NA,3,NA,933,204,NA,1,NA,NA,NA,NA,NA,NA,10,NA,NA,NA,NA,NA,NA,NA,31,NA,NA,NA,NA,32.9664281783159,NA,NA,NA,NA,NA,141.71711612548157,NA,NA,NA,NA,NA,NA,NA,0.1651073197578426,0.1100715465052284,NA,NA,NA,NA,NA,NA,NA,NA,NA,NA,NA,NA,NA,NA,0.4402861860209136,NA,NA,NA,NA,0.1651073197578426,NA,51.348376444689045,11.227297743533295,NA,0.0550357732526142,NA,NA,NA,NA,NA,NA,0.5503577325261421,NA,NA,NA,NA,NA,NA,NA,1.7061089708310402
27006,2001,27,Lugo,6,Becerreá,3333,2006,1327,20,8,1978,1986,60.186018601860184,NA,NA,NA,2,473,NA,NA,NA,NA,NA,NA,NA,NA,NA,NA,NA,NA,2,NA,NA,5,NA,NA,7,NA,4,NA,NA,NA,NA,NA,NA,NA,NA,NA,NA,NA,3,NA,NA,NA,1005,477,NA,NA,NA,NA,NA,NA,NA,0,NA,NA,NA,NA,NA,NA,NA,NA,NA,NA,NA,NA,0.10070493454179255,23.816717019133936,NA,NA,NA,NA,NA,NA,NA,NA,NA,NA,NA,NA,0.10070493454179255,NA,NA,0.25176233635448136,NA,NA,0.35246727089627394,NA,0.2014098690835851,NA,NA,NA,NA,NA,NA,NA,NA,NA,NA,NA,0.1510574018126888,NA,NA,NA,50.60422960725075,24.018126888217523,NA,NA,NA,NA,NA,NA,NA,0,NA,NA,NA,NA,NA,NA,NA,NA,NA
27006,2005,27,Lugo,6,Becerreá,2993,2035,958,4,20,2011,2031,67.9919812896759,NA,NA,NA,1,387,NA,NA,NA,NA,2,NA,NA,NA,NA,NA,NA,NA,NA,NA,NA,NA,NA,NA,3,2,1,NA,NA,NA,NA,NA,NA,4,NA,NA,NA,NA,2,NA,NA,NA,906,703,NA,NA,NA,NA,NA,NA,NA,NA,NA,NA,NA,NA,NA,NA,NA,NA,NA,NA,NA,NA,0.04923682914820286,19.054652880354507,NA,NA,NA,NA,0.09847365829640572,NA,NA,NA,NA,NA,NA,NA,NA,NA,NA,NA,NA,NA,0.14771048744460857,0.09847365829640572,0.04923682914820286,NA,NA,NA,NA,NA,NA,0.19694731659281145,NA,NA,NA,NA,0.09847365829640572,NA,NA,NA,44.608567208271786,34.61349089118661,NA,NA,NA,NA,NA,NA,NA,NA,NA,NA,NA,NA,NA,NA,NA,NA,NA
27006,2009,27,Lugo,6,Becerreá,2909,2098,811,20,20,2058,2078,72.12100378136816,NA,NA,NA,NA,227,NA,NA,NA,NA,NA,NA,NA,NA,NA,NA,NA,NA,NA,NA,NA,NA,NA,NA,7,0,3,NA,1,NA,NA,0,NA,4,NA,NA,NA,NA,0,NA,NA,NA,1010,769,NA,3,NA,NA,NA,NA,NA,NA,NA,22,NA,NA,NA,NA,12,NA,NA,NA,NA,NA,NA,10.923965351299326,NA,NA,NA,NA,NA,NA,NA,NA,NA,NA,NA,NA,NA,NA,NA,NA,NA,NA,0.3368623676612127,0,0.14436958614051973,NA,0.04812319538017325,NA,NA,0,NA,0.192492781520693,NA,NA,NA,NA,0,NA,NA,NA,48.604427333974975,37.00673724735322,NA,0.14436958614051973,NA,NA,NA,NA,NA,NA,NA,1.0587102983638113,NA,NA,NA,NA,0.5774783445620789,NA,NA
27006,2012,27,Lugo,6,Becerreá,2751,1795,956,44,30,1721,1751,65.24900036350418,0,145,NA,NA,111,NA,0,NA,4,NA,NA,NA,NA,5,0,NA,0,NA,8,NA,NA,NA,NA,NA,1,NA,NA,NA,2,NA,NA,NA,NA,NA,2,NA,0,0,0,NA,NA,853,577,0,1,0,NA,NA,0,3,0,NA,NA,2,NA,NA,0,7,NA,NA,0,8.280982295830954,NA,NA,6.33923472301542,NA,0,NA,0.2284408909194746,NA,NA,NA,NA,0.2855511136493432,0,NA,0,NA,0.4568817818389492,NA,NA,NA,NA,NA,0.05711022272986865,NA,NA,NA,0.1142204454597373,NA,NA,NA,NA,NA,0.1142204454597373,NA,0,0,0,NA,NA,48.71501998857796,32.952598515134206,0,0.05711022272986865,0,NA,NA,0,0.17133066818960593,0,NA,NA,0.1142204454597373,NA,NA,0,0.3997715591090805,NA,NA
27006,2016,27,Lugo,6,Becerreá,2549,1576,973,16,12,1548,1560,61.828167908983914,0,NA,0,NA,NA,65,0,0,NA,NA,NA,NA,27,1,NA,NA,0,NA,0,NA,NA,233,NA,NA,NA,NA,1,NA,NA,NA,NA,NA,NA,0,13,6,0,NA,NA,NA,NA,900,301,NA,NA,NA,1,NA,NA,NA,NA,NA,NA,NA,NA,0,NA,NA,0,NA,0,NA,0,NA,NA,4.166666666666666,0,0,NA,NA,NA,NA,1.7307692307692308,0.0641025641025641,NA,NA,0,NA,0,NA,NA,14.935897435897436,NA,NA,NA,NA,0.0641025641025641,NA,NA,NA,NA,NA,NA,0,0.8333333333333334,0.38461538461538464,0,NA,NA,NA,NA,57.692307692307686,19.294871794871796,NA,NA,NA,0.0641025641025641,NA,NA,NA,NA,NA,NA,NA,NA,0,NA,NA,0,NA
27006,2020,27,Lugo,6,Becerreá,2421,1343,1078,22,11,1310,1321,55.47294506402313,NA,NA,NA,NA,215,NA,0,NA,NA,NA,2421,NA,4,NA,NA,NA,NA,NA,NA,NA,NA,NA,0,NA,NA,NA,NA,NA,NA,NA,NA,4,NA,NA,7,NA,0,NA,NA,NA,17,832,187,NA,0,NA,NA,5,NA,NA,NA,NA,NA,NA,NA,NA,NA,NA,NA,39,NA,NA,NA,NA,16.275548826646478,NA,0,NA,NA,NA,183.27024981074945,NA,0.3028009084027252,NA,NA,NA,NA,NA,NA,NA,NA,NA,0,NA,NA,NA,NA,NA,NA,NA,NA,0.3028009084027252,NA,NA,0.5299015897047691,NA,0,NA,NA,NA,1.2869038607115821,62.98258894776685,14.155942467827403,NA,0,NA,NA,0.3785011355034065,NA,NA,NA,NA,NA,NA,NA,NA,NA,NA,NA,2.9523088569265705
27006,2024,27,Lugo,6,Becerreá,2268,1625,643,13,13,1599,1612,71.64902998236332,NA,NA,NA,NA,359,NA,NA,NA,NA,NA,2268,NA,NA,NA,NA,NA,NA,NA,4,55,NA,NA,NA,NA,NA,NA,NA,NA,NA,NA,NA,NA,NA,NA,5,NA,NA,NA,NA,0,NA,926,200,NA,0,NA,NA,NA,NA,NA,NA,3,NA,NA,NA,NA,NA,NA,NA,47,NA,NA,NA,NA,22.27047146401985,NA,NA,NA,NA,NA,140.69478908188586,NA,NA,NA,NA,NA,NA,NA,0.24813895781637718,3.411910669975186,NA,NA,NA,NA,NA,NA,NA,NA,NA,NA,NA,NA,NA,NA,0.3101736972704715,NA,NA,NA,NA,0,NA,57.44416873449132,12.40694789081886,NA,0,NA,NA,NA,NA,NA,NA,0.18610421836228289,NA,NA,NA,NA,NA,NA,NA,2.915632754342432
27007,2001,27,Lugo,7,Begonte,3387,2664,723,34,32,2598,2630,78.65367581930911,NA,NA,NA,0,280,NA,NA,NA,NA,NA,NA,NA,NA,NA,NA,NA,NA,1,NA,NA,2,NA,NA,0,NA,0,NA,NA,NA,NA,NA,NA,NA,NA,NA,NA,NA,2,NA,NA,NA,1959,354,NA,NA,NA,NA,NA,NA,NA,0,NA,NA,NA,NA,NA,NA,NA,NA,NA,NA,NA,NA,0,10.646387832699618,NA,NA,NA,NA,NA,NA,NA,NA,NA,NA,NA,NA,0.03802281368821293,NA,NA,0.07604562737642585,NA,NA,0,NA,0,NA,NA,NA,NA,NA,NA,NA,NA,NA,NA,NA,0.07604562737642585,NA,NA,NA,74.48669201520912,13.460076045627375,NA,NA,NA,NA,NA,NA,NA,0,NA,NA,NA,NA,NA,NA,NA,NA,NA
27007,2005,27,Lugo,7,Begonte,3254,2591,663,21,28,2542,2570,79.62507682851874,NA,NA,NA,1,348,NA,NA,NA,NA,0,NA,NA,NA,NA,NA,NA,NA,NA,NA,NA,NA,NA,NA,3,0,0,NA,NA,NA,NA,NA,NA,0,NA,NA,NA,NA,2,NA,NA,NA,1694,494,NA,NA,NA,NA,NA,NA,NA,NA,NA,NA,NA,NA,NA,NA,NA,NA,NA,NA,NA,NA,0.038910505836575876,13.540856031128405,NA,NA,NA,NA,0,NA,NA,NA,NA,NA,NA,NA,NA,NA,NA,NA,NA,NA,0.11673151750972763,0,0,NA,NA,NA,NA,NA,NA,0,NA,NA,NA,NA,0.07782101167315175,NA,NA,NA,65.91439688715953,19.221789883268485,NA,NA,NA,NA,NA,NA,NA,NA,NA,NA,NA,NA,NA,NA,NA,NA,NA
27007,2009,27,Lugo,7,Begonte,3099,2413,686,41,26,2346,2372,77.86382704098096,NA,NA,NA,NA,294,NA,NA,NA,NA,NA,NA,NA,NA,NA,NA,NA,NA,NA,NA,NA,NA,NA,NA,6,7,1,NA,1,NA,NA,0,NA,0,NA,NA,NA,NA,0,NA,NA,NA,1404,613,NA,2,NA,NA,NA,NA,NA,NA,NA,6,NA,NA,NA,NA,12,NA,NA,NA,NA,NA,NA,12.39460370994941,NA,NA,NA,NA,NA,NA,NA,NA,NA,NA,NA,NA,NA,NA,NA,NA,NA,NA,0.25295109612141653,0.2951096121416526,0.042158516020236084,NA,0.042158516020236084,NA,NA,0,NA,0,NA,NA,NA,NA,0,NA,NA,NA,59.190556492411474,25.843170320404724,NA,0.08431703204047217,NA,NA,NA,NA,NA,NA,NA,0.25295109612141653,NA,NA,NA,NA,0.5059021922428331,NA,NA
27007,2012,27,Lugo,7,Begonte,2950,2245,705,74,48,2123,2171,76.10169491525424,0,109,NA,NA,119,NA,0,NA,1,NA,NA,NA,NA,1,0,NA,0,NA,8,NA,NA,NA,NA,NA,3,NA,NA,NA,2,NA,NA,NA,NA,NA,5,NA,0,0,0,NA,NA,1537,323,2,0,0,NA,NA,0,4,0,NA,NA,0,NA,NA,0,9,NA,NA,0,5.020727775218793,NA,NA,5.481345002303086,NA,0,NA,0.046061722708429294,NA,NA,NA,NA,0.046061722708429294,0,NA,0,NA,0.36849378166743435,NA,NA,NA,NA,NA,0.1381851681252879,NA,NA,NA,0.09212344541685859,NA,NA,NA,NA,NA,0.23030861354214646,NA,0,0,0,NA,NA,70.79686780285583,14.877936434822661,0.09212344541685859,0,0,NA,NA,0,0.18424689083371718,0,NA,NA,0,NA,NA,0,0.4145555043758637,NA,NA
27007,2016,27,Lugo,7,Begonte,2792,2075,717,36,24,2015,2039,74.31948424068769,0,NA,0,NA,NA,54,0,0,NA,NA,NA,NA,58,2,NA,NA,0,NA,0,NA,NA,220,NA,NA,NA,NA,2,NA,NA,NA,NA,NA,NA,0,29,2,0,NA,NA,NA,NA,1370,276,NA,NA,NA,2,NA,NA,NA,NA,NA,NA,NA,NA,0,NA,NA,0,NA,0,NA,0,NA,NA,2.64835703776361,0,0,NA,NA,NA,NA,2.8445316331535064,0.0980872976949485,NA,NA,0,NA,0,NA,NA,10.789602746444334,NA,NA,NA,NA,0.0980872976949485,NA,NA,NA,NA,NA,NA,0,1.4222658165767532,0.0980872976949485,0,NA,NA,NA,NA,67.18979892103972,13.536047081902893,NA,NA,NA,0.0980872976949485,NA,NA,NA,NA,NA,NA,NA,NA,0,NA,NA,0,NA
27007,2020,27,Lugo,7,Begonte,2698,1895,803,31,21,1843,1864,70.23721275018532,NA,NA,NA,NA,240,NA,0,NA,NA,NA,2698,NA,1,NA,NA,NA,NA,NA,NA,NA,NA,NA,2,NA,NA,NA,NA,NA,NA,NA,NA,1,NA,NA,2,NA,0,NA,NA,NA,24,1317,218,NA,0,NA,NA,0,NA,NA,NA,NA,NA,NA,NA,NA,NA,NA,NA,38,NA,NA,NA,NA,12.875536480686694,NA,0,NA,NA,NA,144.74248927038627,NA,0.0536480686695279,NA,NA,NA,NA,NA,NA,NA,NA,NA,0.1072961373390558,NA,NA,NA,NA,NA,NA,NA,NA,0.0536480686695279,NA,NA,0.1072961373390558,NA,0,NA,NA,NA,1.2875536480686696,70.65450643776823,11.695278969957082,NA,0,NA,NA,0,NA,NA,NA,NA,NA,NA,NA,NA,NA,NA,NA,2.03862660944206
27007,2024,27,Lugo,7,Begonte,2614,2030,584,31,18,1981,1999,77.65876052027544,NA,NA,NA,NA,369,NA,NA,NA,NA,NA,2614,NA,NA,NA,NA,NA,NA,NA,2,1,NA,NA,NA,NA,NA,NA,NA,NA,NA,NA,NA,NA,NA,NA,5,NA,NA,NA,NA,3,NA,1320,236,NA,0,NA,NA,NA,NA,NA,NA,4,NA,NA,NA,NA,NA,NA,NA,41,NA,NA,NA,NA,18.459229614807406,NA,NA,NA,NA,NA,130.76538269134568,NA,NA,NA,NA,NA,NA,NA,0.10005002501250625,0.05002501250625312,NA,NA,NA,NA,NA,NA,NA,NA,NA,NA,NA,NA,NA,NA,0.25012506253126565,NA,NA,NA,NA,0.1500750375187594,NA,66.03301650825412,11.805902951475739,NA,0,NA,NA,NA,NA,NA,NA,0.2001000500250125,NA,NA,NA,NA,NA,NA,NA,2.051025512756378
27008,2001,27,Lugo,8,Bóveda,1771,1392,379,13,11,1368,1379,78.59966120835686,NA,NA,NA,0,224,NA,NA,NA,NA,NA,NA,NA,NA,NA,NA,NA,NA,0,NA,NA,0,NA,NA,1,NA,0,NA,NA,NA,NA,NA,NA,NA,NA,NA,NA,NA,2,NA,NA,NA,884,257,NA,NA,NA,NA,NA,NA,NA,0,NA,NA,NA,NA,NA,NA,NA,NA,NA,NA,NA,NA,0,16.243654822335024,NA,NA,NA,NA,NA,NA,NA,NA,NA,NA,NA,NA,0,NA,NA,0,NA,NA,0.0725163161711385,NA,0,NA,NA,NA,NA,NA,NA,NA,NA,NA,NA,NA,0.145032632342277,NA,NA,NA,64.10442349528644,18.636693255982596,NA,NA,NA,NA,NA,NA,NA,0,NA,NA,NA,NA,NA,NA,NA,NA,NA
27008,2005,27,Lugo,8,Bóveda,1622,1299,323,8,8,1283,1291,80.08631319358817,NA,NA,NA,1,175,NA,NA,NA,NA,0,NA,NA,NA,NA,NA,NA,NA,NA,NA,NA,NA,NA,NA,1,0,2,NA,NA,NA,NA,NA,NA,0,NA,NA,NA,NA,3,NA,NA,NA,680,421,NA,NA,NA,NA,NA,NA,NA,NA,NA,NA,NA,NA,NA,NA,NA,NA,NA,NA,NA,NA,0.0774593338497289,13.555383423702555,NA,NA,NA,NA,0,NA,NA,NA,NA,NA,NA,NA,NA,NA,NA,NA,NA,NA,0.0774593338497289,0,0.1549186676994578,NA,NA,NA,NA,NA,NA,0,NA,NA,NA,NA,0.23237800154918667,NA,NA,NA,52.672347017815646,32.610379550735864,NA,NA,NA,NA,NA,NA,NA,NA,NA,NA,NA,NA,NA,NA,NA,NA,NA
27008,2009,27,Lugo,8,Bóveda,1509,1237,272,11,12,1214,1226,81.97481776010603,NA,NA,NA,NA,150,NA,NA,NA,NA,NA,NA,NA,NA,NA,NA,NA,NA,NA,NA,NA,NA,NA,NA,6,1,0,NA,1,NA,NA,0,NA,0,NA,NA,NA,NA,0,NA,NA,NA,618,436,NA,0,NA,NA,NA,NA,NA,NA,NA,2,NA,NA,NA,NA,0,NA,NA,NA,NA,NA,NA,12.234910277324634,NA,NA,NA,NA,NA,NA,NA,NA,NA,NA,NA,NA,NA,NA,NA,NA,NA,NA,0.48939641109298526,0.08156606851549755,0,NA,0.08156606851549755,NA,NA,0,NA,0,NA,NA,NA,NA,0,NA,NA,NA,50.40783034257748,35.56280587275693,NA,0,NA,NA,NA,NA,NA,NA,NA,0.1631321370309951,NA,NA,NA,NA,0,NA,NA
27008,2012,27,Lugo,8,Bóveda,1426,1099,327,23,17,1059,1076,77.0687237026648,0,78,NA,NA,82,NA,0,NA,1,NA,NA,NA,NA,1,0,NA,0,NA,4,NA,NA,NA,NA,NA,0,NA,NA,NA,1,NA,NA,NA,NA,NA,2,NA,0,0,0,NA,NA,645,240,0,0,0,NA,NA,0,2,0,NA,NA,0,NA,NA,0,3,NA,NA,0,7.24907063197026,NA,NA,7.6208178438661704,NA,0,NA,0.09293680297397769,NA,NA,NA,NA,0.09293680297397769,0,NA,0,NA,0.37174721189591076,NA,NA,NA,NA,NA,0,NA,NA,NA,0.09293680297397769,NA,NA,NA,NA,NA,0.18587360594795538,NA,0,0,0,NA,NA,59.94423791821561,22.304832713754646,0,0,0,NA,NA,0,0.18587360594795538,0,NA,NA,0,NA,NA,0,0.2788104089219331,NA,NA
27008,2016,27,Lugo,8,Bóveda,1374,1004,370,14,9,981,990,73.07132459970887,0,NA,0,NA,NA,62,1,0,NA,NA,NA,NA,9,0,NA,NA,0,NA,0,NA,NA,117,NA,NA,NA,NA,1,NA,NA,NA,NA,NA,NA,0,5,1,0,NA,NA,NA,NA,602,180,NA,NA,NA,3,NA,NA,NA,NA,NA,NA,NA,NA,0,NA,NA,0,NA,0,NA,0,NA,NA,6.262626262626263,0.10101010101010101,0,NA,NA,NA,NA,0.9090909090909091,0,NA,NA,0,NA,0,NA,NA,11.818181818181818,NA,NA,NA,NA,0.10101010101010101,NA,NA,NA,NA,NA,NA,0,0.5050505050505051,0.10101010101010101,0,NA,NA,NA,NA,60.80808080808081,18.181818181818183,NA,NA,NA,0.30303030303030304,NA,NA,NA,NA,NA,NA,NA,NA,0,NA,NA,0,NA
27008,2020,27,Lugo,8,Bóveda,1308,861,447,13,9,839,848,65.82568807339449,NA,NA,NA,NA,127,NA,0,NA,NA,NA,1308,NA,2,NA,NA,NA,NA,NA,NA,NA,NA,NA,0,NA,NA,NA,NA,NA,NA,NA,NA,0,NA,NA,1,NA,1,NA,NA,NA,15,522,153,NA,1,NA,NA,0,NA,NA,NA,NA,NA,NA,NA,NA,NA,NA,NA,17,NA,NA,NA,NA,14.976415094339623,NA,0,NA,NA,NA,154.24528301886792,NA,0.2358490566037736,NA,NA,NA,NA,NA,NA,NA,NA,NA,0,NA,NA,NA,NA,NA,NA,NA,NA,0,NA,NA,0.1179245283018868,NA,0.1179245283018868,NA,NA,NA,1.7688679245283019,61.556603773584904,18.04245283018868,NA,0.1179245283018868,NA,NA,0,NA,NA,NA,NA,NA,NA,NA,NA,NA,NA,NA,2.0047169811320753
27008,2024,27,Lugo,8,Bóveda,1271,915,356,14,6,895,901,71.99055861526357,NA,NA,NA,NA,212,NA,NA,NA,NA,NA,1271,NA,NA,NA,NA,NA,NA,NA,2,0,NA,NA,NA,NA,NA,NA,NA,NA,NA,NA,NA,NA,NA,NA,0,NA,NA,NA,NA,2,NA,508,148,NA,0,NA,NA,NA,NA,NA,NA,2,NA,NA,NA,NA,NA,NA,NA,21,NA,NA,NA,NA,23.52941176470588,NA,NA,NA,NA,NA,141.06548279689235,NA,NA,NA,NA,NA,NA,NA,0.22197558268590456,0,NA,NA,NA,NA,NA,NA,NA,NA,NA,NA,NA,NA,NA,NA,0,NA,NA,NA,NA,0.22197558268590456,NA,56.38179800221975,16.426193118756938,NA,0,NA,NA,NA,NA,NA,NA,0.22197558268590456,NA,NA,NA,NA,NA,NA,NA,2.3307436182019976
27009,2001,27,Lugo,9,Carballedo,2813,2129,684,16,12,2101,2113,75.68432278706008,NA,NA,NA,1,405,NA,NA,NA,NA,NA,NA,NA,NA,NA,NA,NA,NA,8,NA,NA,2,NA,NA,2,NA,11,NA,NA,NA,NA,NA,NA,NA,NA,NA,NA,NA,2,NA,NA,NA,1393,277,NA,NA,NA,NA,NA,NA,NA,0,NA,NA,NA,NA,NA,NA,NA,NA,NA,NA,NA,NA,0.047326076668244205,19.167061050638903,NA,NA,NA,NA,NA,NA,NA,NA,NA,NA,NA,NA,0.37860861334595364,NA,NA,0.09465215333648841,NA,NA,0.09465215333648841,NA,0.5205868433506862,NA,NA,NA,NA,NA,NA,NA,NA,NA,NA,NA,0.09465215333648841,NA,NA,NA,65.92522479886418,13.109323237103643,NA,NA,NA,NA,NA,NA,NA,0,NA,NA,NA,NA,NA,NA,NA,NA,NA
27009,2005,27,Lugo,9,Carballedo,2718,2117,601,11,24,2082,2106,77.88815305371597,NA,NA,NA,0,234,NA,NA,NA,NA,1,NA,NA,NA,NA,NA,NA,NA,NA,NA,NA,NA,NA,NA,0,1,6,NA,NA,NA,NA,NA,NA,0,NA,NA,NA,NA,2,NA,NA,NA,1344,494,NA,NA,NA,NA,NA,NA,NA,NA,NA,NA,NA,NA,NA,NA,NA,NA,NA,NA,NA,NA,0,11.11111111111111,NA,NA,NA,NA,0.04748338081671415,NA,NA,NA,NA,NA,NA,NA,NA,NA,NA,NA,NA,NA,0,0.04748338081671415,0.2849002849002849,NA,NA,NA,NA,NA,NA,0,NA,NA,NA,NA,0.0949667616334283,NA,NA,NA,63.817663817663814,23.456790123456788,NA,NA,NA,NA,NA,NA,NA,NA,NA,NA,NA,NA,NA,NA,NA,NA,NA
27009,2009,27,Lugo,9,Carballedo,2521,2030,491,16,16,1998,2014,80.52360174533915,NA,NA,NA,NA,326,NA,NA,NA,NA,NA,NA,NA,NA,NA,NA,NA,NA,NA,NA,NA,NA,NA,NA,2,3,4,NA,0,NA,NA,0,NA,1,NA,NA,NA,NA,1,NA,NA,NA,1199,447,NA,5,NA,NA,NA,NA,NA,NA,NA,7,NA,NA,NA,NA,3,NA,NA,NA,NA,NA,NA,16.186693147964252,NA,NA,NA,NA,NA,NA,NA,NA,NA,NA,NA,NA,NA,NA,NA,NA,NA,NA,0.09930486593843098,0.14895729890764647,0.19860973187686196,NA,0,NA,NA,0,NA,0.04965243296921549,NA,NA,NA,NA,0.04965243296921549,NA,NA,NA,59.53326713008937,22.194637537239327,NA,0.24826216484607747,NA,NA,NA,NA,NA,NA,NA,0.3475670307845084,NA,NA,NA,NA,0.14895729890764647,NA,NA
27009,2012,27,Lugo,9,Carballedo,2293,1659,634,23,23,1613,1636,72.35063235935456,0,115,NA,NA,97,NA,0,NA,0,NA,NA,NA,NA,7,0,NA,0,NA,11,NA,NA,NA,NA,NA,0,NA,NA,NA,4,NA,NA,NA,NA,NA,7,NA,0,0,0,NA,NA,1082,278,1,0,0,NA,NA,0,4,0,NA,NA,2,NA,NA,0,5,NA,NA,0,7.029339853300734,NA,NA,5.929095354523228,NA,0,NA,0,NA,NA,NA,NA,0.4278728606356968,0,NA,0,NA,0.6723716381418092,NA,NA,NA,NA,NA,0,NA,NA,NA,0.24449877750611246,NA,NA,NA,NA,NA,0.4278728606356968,NA,0,0,0,NA,NA,66.13691931540342,16.99266503667482,0.061124694376528114,0,0,NA,NA,0,0.24449877750611246,0,NA,NA,0.12224938875305623,NA,NA,0,0.3056234718826406,NA,NA
27009,2016,27,Lugo,9,Carballedo,2096,1619,477,20,11,1588,1599,77.24236641221374,0,NA,0,NA,NA,74,1,0,NA,NA,NA,NA,27,1,NA,NA,0,NA,0,NA,NA,122,NA,NA,NA,NA,2,NA,NA,NA,NA,NA,NA,0,2,1,0,NA,NA,NA,NA,1145,212,NA,NA,NA,1,NA,NA,NA,NA,NA,NA,NA,NA,0,NA,NA,0,NA,0,NA,0,NA,NA,4.627892432770482,0.06253908692933083,0,NA,NA,NA,NA,1.6885553470919326,0.06253908692933083,NA,NA,0,NA,0,NA,NA,7.629768605378362,NA,NA,NA,NA,0.12507817385866166,NA,NA,NA,NA,NA,NA,0,0.12507817385866166,0.06253908692933083,0,NA,NA,NA,NA,71.6072545340838,13.258286429018137,NA,NA,NA,0.06253908692933083,NA,NA,NA,NA,NA,NA,NA,NA,0,NA,NA,0,NA
27009,2020,27,Lugo,9,Carballedo,1975,1447,528,11,12,1424,1436,73.26582278481013,NA,NA,NA,NA,184,NA,1,NA,NA,NA,1974,NA,1,NA,NA,NA,NA,NA,NA,NA,NA,NA,0,NA,NA,NA,NA,NA,NA,NA,NA,1,NA,NA,2,NA,0,NA,NA,NA,10,1056,153,NA,0,NA,NA,0,NA,NA,NA,NA,NA,NA,NA,NA,NA,NA,NA,16,NA,NA,NA,NA,12.813370473537605,NA,0.06963788300835655,NA,NA,NA,137.4651810584958,NA,0.06963788300835655,NA,NA,NA,NA,NA,NA,NA,NA,NA,0,NA,NA,NA,NA,NA,NA,NA,NA,0.06963788300835655,NA,NA,0.1392757660167131,NA,0,NA,NA,NA,0.6963788300835655,73.53760445682451,10.654596100278551,NA,0,NA,NA,0,NA,NA,NA,NA,NA,NA,NA,NA,NA,NA,NA,1.1142061281337048
27009,2024,27,Lugo,9,Carballedo,1895,1485,410,16,9,1460,1469,78.3641160949868,NA,NA,NA,NA,271,NA,NA,NA,NA,NA,1895,NA,NA,NA,NA,NA,NA,NA,3,4,NA,NA,NA,NA,NA,NA,NA,NA,NA,NA,NA,NA,NA,NA,2,NA,NA,NA,NA,1,NA,1004,150,NA,1,NA,NA,NA,NA,NA,NA,5,NA,NA,NA,NA,NA,NA,NA,19,NA,NA,NA,NA,18.447923757658273,NA,NA,NA,NA,NA,128.999319264806,NA,NA,NA,NA,NA,NA,NA,0.2042205582028591,0.2722940776038121,NA,NA,NA,NA,NA,NA,NA,NA,NA,NA,NA,NA,NA,NA,0.13614703880190604,NA,NA,NA,NA,0.06807351940095302,NA,68.34581347855683,10.211027910142954,NA,0.06807351940095302,NA,NA,NA,NA,NA,NA,0.3403675970047651,NA,NA,NA,NA,NA,NA,NA,1.2933968686181077
27010,2001,27,Lugo,10,Castro de Rei,5262,3546,1716,23,54,3469,3523,67.38882554161916,NA,NA,NA,10,805,NA,NA,NA,NA,NA,NA,NA,NA,NA,NA,NA,NA,7,NA,NA,2,NA,NA,9,NA,7,NA,NA,NA,NA,NA,NA,NA,NA,NA,NA,NA,7,NA,NA,NA,2166,456,NA,NA,NA,NA,NA,NA,NA,0,NA,NA,NA,NA,NA,NA,NA,NA,NA,NA,NA,NA,0.2838489923360772,22.849843883054216,NA,NA,NA,NA,NA,NA,NA,NA,NA,NA,NA,NA,0.19869429463525404,NA,NA,0.05676979846721544,NA,NA,0.2554640931024695,NA,0.19869429463525404,NA,NA,NA,NA,NA,NA,NA,NA,NA,NA,NA,0.19869429463525404,NA,NA,NA,61.481691739994325,12.94351405052512,NA,NA,NA,NA,NA,NA,NA,0,NA,NA,NA,NA,NA,NA,NA,NA,NA
27010,2005,27,Lugo,10,Castro de Rei,5082,3646,1436,22,42,3582,3624,71.74340810704447,NA,NA,NA,5,540,NA,NA,NA,NA,5,NA,NA,NA,NA,NA,NA,NA,NA,NA,NA,NA,NA,NA,4,1,4,NA,NA,NA,NA,NA,NA,6,NA,NA,NA,NA,0,NA,NA,NA,2047,970,NA,NA,NA,NA,NA,NA,NA,NA,NA,NA,NA,NA,NA,NA,NA,NA,NA,NA,NA,NA,0.13796909492273732,14.90066225165563,NA,NA,NA,NA,0.13796909492273732,NA,NA,NA,NA,NA,NA,NA,NA,NA,NA,NA,NA,NA,0.11037527593818984,0.02759381898454746,0.11037527593818984,NA,NA,NA,NA,NA,NA,0.16556291390728478,NA,NA,NA,NA,0,NA,NA,NA,56.48454746136865,26.766004415011036,NA,NA,NA,NA,NA,NA,NA,NA,NA,NA,NA,NA,NA,NA,NA,NA,NA
27010,2009,27,Lugo,10,Castro de Rei,4908,3545,1363,47,75,3423,3498,72.22901385493073,NA,NA,NA,NA,482,NA,NA,NA,NA,NA,NA,NA,NA,NA,NA,NA,NA,NA,NA,NA,NA,NA,NA,19,1,6,NA,11,NA,NA,4,NA,6,NA,NA,NA,NA,1,NA,NA,NA,1705,1096,NA,4,NA,NA,NA,NA,NA,NA,NA,66,NA,NA,NA,NA,22,NA,NA,NA,NA,NA,NA,13.77930245854774,NA,NA,NA,NA,NA,NA,NA,NA,NA,NA,NA,NA,NA,NA,NA,NA,NA,NA,0.5431675242995998,0.02858776443682104,0.17152658662092624,NA,0.3144654088050315,NA,NA,0.11435105774728416,NA,0.17152658662092624,NA,NA,NA,NA,0.02858776443682104,NA,NA,NA,48.742138364779876,31.33218982275586,NA,0.11435105774728416,NA,NA,NA,NA,NA,NA,NA,1.8867924528301887,NA,NA,NA,NA,0.628930817610063,NA,NA
27010,2012,27,Lugo,10,Castro de Rei,4611,3020,1591,90,90,2840,2930,65.49555410973758,0,264,NA,NA,253,NA,2,NA,2,NA,NA,NA,NA,18,0,NA,0,NA,21,NA,NA,NA,NA,NA,2,NA,NA,NA,4,NA,NA,NA,NA,NA,14,NA,0,0,0,NA,NA,1694,525,4,5,1,NA,NA,0,2,0,NA,NA,3,NA,NA,0,26,NA,NA,0,9.01023890784983,NA,NA,8.634812286689419,NA,0.06825938566552901,NA,0.06825938566552901,NA,NA,NA,NA,0.614334470989761,0,NA,0,NA,0.7167235494880546,NA,NA,NA,NA,NA,0.06825938566552901,NA,NA,NA,0.13651877133105803,NA,NA,NA,NA,NA,0.477815699658703,NA,0,0,0,NA,NA,57.81569965870307,17.918088737201366,0.13651877133105803,0.17064846416382254,0.034129692832764506,NA,NA,0,0.06825938566552901,0,NA,NA,0.10238907849829351,NA,NA,0,0.8873720136518772,NA,NA
27010,2016,27,Lugo,10,Castro de Rei,4329,2789,1540,40,32,2717,2749,64.42596442596442,0,NA,0,NA,NA,239,1,0,NA,NA,NA,NA,61,2,NA,NA,0,NA,0,NA,NA,361,NA,NA,NA,NA,4,NA,NA,NA,NA,NA,NA,0,19,7,0,NA,NA,NA,NA,1601,416,NA,NA,NA,6,NA,NA,NA,NA,NA,NA,NA,NA,0,NA,NA,0,NA,0,NA,0,NA,NA,8.69407057111677,0.036376864314296105,0,NA,NA,NA,NA,2.2189887231720626,0.07275372862859221,NA,NA,0,NA,0,NA,NA,13.132048017460896,NA,NA,NA,NA,0.14550745725718442,NA,NA,NA,NA,NA,NA,0,0.6911604219716261,0.25463805020007274,0,NA,NA,NA,NA,58.23935976718807,15.13277555474718,NA,NA,NA,0.21826118588577662,NA,NA,NA,NA,NA,NA,NA,NA,0,NA,NA,0,NA
27010,2020,27,Lugo,10,Castro de Rei,4367,2566,1801,49,26,2491,2517,58.75887336844515,NA,NA,NA,NA,496,NA,0,NA,NA,NA,4367,NA,4,NA,NA,NA,NA,NA,NA,NA,NA,NA,1,NA,NA,NA,NA,NA,NA,NA,NA,5,NA,NA,5,NA,3,NA,NA,NA,40,1531,342,NA,0,NA,NA,1,NA,NA,NA,NA,NA,NA,NA,NA,NA,NA,NA,63,NA,NA,NA,NA,19.70599920540326,NA,0,NA,NA,NA,173.50019864918553,NA,0.15891934843067143,NA,NA,NA,NA,NA,NA,NA,NA,NA,0.03972983710766786,NA,NA,NA,NA,NA,NA,NA,NA,0.1986491855383393,NA,NA,0.1986491855383393,NA,0.11918951132300357,NA,NA,NA,1.5891934843067144,60.82638061183949,13.587604290822409,NA,0,NA,NA,0.03972983710766786,NA,NA,NA,NA,NA,NA,NA,NA,NA,NA,NA,2.5029797377830754
27010,2024,27,Lugo,10,Castro de Rei,4200,2812,1388,57,34,2721,2755,66.95238095238095,NA,NA,NA,NA,659,NA,NA,NA,NA,NA,4200,NA,NA,NA,NA,NA,NA,NA,4,1,NA,NA,NA,NA,NA,NA,NA,NA,NA,NA,NA,NA,NA,NA,8,NA,NA,NA,NA,1,NA,1542,405,NA,3,NA,NA,NA,NA,NA,NA,12,NA,NA,NA,NA,NA,NA,NA,86,NA,NA,NA,NA,23.920145190562614,NA,NA,NA,NA,NA,152.45009074410163,NA,NA,NA,NA,NA,NA,NA,0.1451905626134301,0.03629764065335753,NA,NA,NA,NA,NA,NA,NA,NA,NA,NA,NA,NA,NA,NA,0.2903811252268602,NA,NA,NA,NA,0.03629764065335753,NA,55.97096188747731,14.700544464609798,NA,0.10889292196007261,NA,NA,NA,NA,NA,NA,0.43557168784029043,NA,NA,NA,NA,NA,NA,NA,3.121597096188748
27011,2001,27,Lugo,11,Castroverde,3095,2050,1045,15,25,2010,2035,66.23586429725363,NA,NA,NA,5,444,NA,NA,NA,NA,NA,NA,NA,NA,NA,NA,NA,NA,4,NA,NA,8,NA,NA,4,NA,4,NA,NA,NA,NA,NA,NA,NA,NA,NA,NA,NA,3,NA,NA,NA,863,675,NA,NA,NA,NA,NA,NA,NA,0,NA,NA,NA,NA,NA,NA,NA,NA,NA,NA,NA,NA,0.2457002457002457,21.818181818181817,NA,NA,NA,NA,NA,NA,NA,NA,NA,NA,NA,NA,0.19656019656019655,NA,NA,0.3931203931203931,NA,NA,0.19656019656019655,NA,0.19656019656019655,NA,NA,NA,NA,NA,NA,NA,NA,NA,NA,NA,0.14742014742014742,NA,NA,NA,42.40786240786241,33.169533169533175,NA,NA,NA,NA,NA,NA,NA,0,NA,NA,NA,NA,NA,NA,NA,NA,NA
27011,2005,27,Lugo,11,Castroverde,2932,2167,765,9,22,2136,2158,73.90859481582538,NA,NA,NA,1,318,NA,NA,NA,NA,2,NA,NA,NA,NA,NA,NA,NA,NA,NA,NA,NA,NA,NA,4,1,2,NA,NA,NA,NA,NA,NA,2,NA,NA,NA,NA,0,NA,NA,NA,722,1084,NA,NA,NA,NA,NA,NA,NA,NA,NA,NA,NA,NA,NA,NA,NA,NA,NA,NA,NA,NA,0.04633920296570899,14.735866543095458,NA,NA,NA,NA,0.09267840593141798,NA,NA,NA,NA,NA,NA,NA,NA,NA,NA,NA,NA,NA,0.18535681186283595,0.04633920296570899,0.09267840593141798,NA,NA,NA,NA,NA,NA,0.09267840593141798,NA,NA,NA,NA,0,NA,NA,NA,33.45690454124189,50.23169601482854,NA,NA,NA,NA,NA,NA,NA,NA,NA,NA,NA,NA,NA,NA,NA,NA,NA
27011,2009,27,Lugo,11,Castroverde,2803,1987,816,26,30,1931,1961,70.88833392793435,NA,NA,NA,NA,288,NA,NA,NA,NA,NA,NA,NA,NA,NA,NA,NA,NA,NA,NA,NA,NA,NA,NA,10,0,6,NA,1,NA,NA,0,NA,1,NA,NA,NA,NA,1,NA,NA,NA,789,808,NA,6,NA,NA,NA,NA,NA,NA,NA,9,NA,NA,NA,NA,12,NA,NA,NA,NA,NA,NA,14.686384497705252,NA,NA,NA,NA,NA,NA,NA,NA,NA,NA,NA,NA,NA,NA,NA,NA,NA,NA,0.5099439061703213,0,0.3059663437021928,NA,0.05099439061703213,NA,NA,0,NA,0.05099439061703213,NA,NA,NA,NA,0.05099439061703213,NA,NA,NA,40.234574196838345,41.20346761856196,NA,0.3059663437021928,NA,NA,NA,NA,NA,NA,NA,0.4589495155532891,NA,NA,NA,NA,0.6119326874043856,NA,NA
27011,2012,27,Lugo,11,Castroverde,2598,1737,861,48,36,1653,1689,66.85912240184757,0,143,NA,NA,117,NA,0,NA,1,NA,NA,NA,NA,3,0,NA,0,NA,11,NA,NA,NA,NA,NA,2,NA,NA,NA,9,NA,NA,NA,NA,NA,0,NA,0,0,0,NA,NA,718,636,2,0,0,NA,NA,0,3,0,NA,NA,0,NA,NA,0,8,NA,NA,0,8.466548253404381,NA,NA,6.927175843694494,NA,0,NA,0.059206631142687975,NA,NA,NA,NA,0.17761989342806395,0,NA,0,NA,0.6512729425695678,NA,NA,NA,NA,NA,0.11841326228537595,NA,NA,NA,0.5328596802841918,NA,NA,NA,NA,NA,0,NA,0,0,0,NA,NA,42.510361160449975,37.65541740674956,0.11841326228537595,0,0,NA,NA,0,0.17761989342806395,0,NA,NA,0,NA,NA,0,0.4736530491415038,NA,NA
27011,2016,27,Lugo,11,Castroverde,2444,1587,857,11,9,1567,1576,64.93453355155484,0,NA,0,NA,NA,112,0,0,NA,NA,NA,NA,32,2,NA,NA,0,NA,0,NA,NA,188,NA,NA,NA,NA,2,NA,NA,NA,NA,NA,NA,0,3,2,0,NA,NA,NA,NA,664,559,NA,NA,NA,3,NA,NA,NA,NA,NA,NA,NA,NA,0,NA,NA,0,NA,0,NA,0,NA,NA,7.1065989847715745,0,0,NA,NA,NA,NA,2.030456852791878,0.12690355329949238,NA,NA,0,NA,0,NA,NA,11.928934010152284,NA,NA,NA,NA,0.12690355329949238,NA,NA,NA,NA,NA,NA,0,0.1903553299492386,0.12690355329949238,0,NA,NA,NA,NA,42.13197969543147,35.46954314720812,NA,NA,NA,0.1903553299492386,NA,NA,NA,NA,NA,NA,NA,NA,0,NA,NA,0,NA
27011,2020,27,Lugo,11,Castroverde,2328,1404,924,16,9,1379,1388,60.30927835051546,NA,NA,NA,NA,248,NA,1,NA,NA,NA,2328,NA,2,NA,NA,NA,NA,NA,NA,NA,NA,NA,0,NA,NA,NA,NA,NA,NA,NA,NA,5,NA,NA,3,NA,0,NA,NA,NA,20,673,397,NA,0,NA,NA,0,NA,NA,NA,NA,NA,NA,NA,NA,NA,NA,NA,30,NA,NA,NA,NA,17.86743515850144,NA,0.07204610951008646,NA,NA,NA,167.72334293948126,NA,0.1440922190201729,NA,NA,NA,NA,NA,NA,NA,NA,NA,0,NA,NA,NA,NA,NA,NA,NA,NA,0.36023054755043227,NA,NA,0.21613832853025938,NA,0,NA,NA,NA,1.440922190201729,48.487031700288185,28.602305475504323,NA,0,NA,NA,0,NA,NA,NA,NA,NA,NA,NA,NA,NA,NA,NA,2.161383285302594
27011,2024,27,Lugo,11,Castroverde,2235,1694,541,17,9,1668,1677,75.79418344519016,NA,NA,NA,NA,314,NA,NA,NA,NA,NA,2235,NA,NA,NA,NA,NA,NA,NA,3,1,NA,NA,NA,NA,NA,NA,NA,NA,NA,NA,NA,NA,NA,NA,5,NA,NA,NA,NA,0,NA,849,467,NA,0,NA,NA,NA,NA,NA,NA,0,NA,NA,NA,NA,NA,NA,NA,29,NA,NA,NA,NA,18.72391174716756,NA,NA,NA,NA,NA,133.2737030411449,NA,NA,NA,NA,NA,NA,NA,0.17889087656529518,0.05963029218843172,NA,NA,NA,NA,NA,NA,NA,NA,NA,NA,NA,NA,NA,NA,0.2981514609421586,NA,NA,NA,NA,0,NA,50.62611806797853,27.847346451997613,NA,0,NA,NA,NA,NA,NA,NA,0,NA,NA,NA,NA,NA,NA,NA,1.7292784734645201
27012,2001,27,Lugo,12,Cervantes,1916,904,1012,2,0,902,902,47.18162839248434,NA,NA,NA,0,189,NA,NA,NA,NA,NA,NA,NA,NA,NA,NA,NA,NA,0,NA,NA,1,NA,NA,3,NA,2,NA,NA,NA,NA,NA,NA,NA,NA,NA,NA,NA,0,NA,NA,NA,403,304,NA,NA,NA,NA,NA,NA,NA,0,NA,NA,NA,NA,NA,NA,NA,NA,NA,NA,NA,NA,0,20.953436807095343,NA,NA,NA,NA,NA,NA,NA,NA,NA,NA,NA,NA,0,NA,NA,0.11086474501108648,NA,NA,0.3325942350332594,NA,0.22172949002217296,NA,NA,NA,NA,NA,NA,NA,NA,NA,NA,NA,0,NA,NA,NA,44.67849223946785,33.70288248337029,NA,NA,NA,NA,NA,NA,NA,0,NA,NA,NA,NA,NA,NA,NA,NA,NA
27012,2005,27,Lugo,12,Cervantes,1794,909,885,0,3,906,909,50.668896321070235,NA,NA,NA,0,125,NA,NA,NA,NA,2,NA,NA,NA,NA,NA,NA,NA,NA,NA,NA,NA,NA,NA,3,0,3,NA,NA,NA,NA,NA,NA,0,NA,NA,NA,NA,1,NA,NA,NA,329,443,NA,NA,NA,NA,NA,NA,NA,NA,NA,NA,NA,NA,NA,NA,NA,NA,NA,NA,NA,NA,0,13.751375137513753,NA,NA,NA,NA,0.22002200220022,NA,NA,NA,NA,NA,NA,NA,NA,NA,NA,NA,NA,NA,0.33003300330033003,0,0.33003300330033003,NA,NA,NA,NA,NA,NA,0,NA,NA,NA,NA,0.11001100110011,NA,NA,NA,36.19361936193619,48.734873487348736,NA,NA,NA,NA,NA,NA,NA,NA,NA,NA,NA,NA,NA,NA,NA,NA,NA
27012,2009,27,Lugo,12,Cervantes,1619,968,651,8,11,949,960,59.78999382334774,NA,NA,NA,NA,109,NA,NA,NA,NA,NA,NA,NA,NA,NA,NA,NA,NA,NA,NA,NA,NA,NA,NA,4,3,0,NA,0,NA,NA,0,NA,1,NA,NA,NA,NA,0,NA,NA,NA,355,467,NA,1,NA,NA,NA,NA,NA,NA,NA,6,NA,NA,NA,NA,3,NA,NA,NA,NA,NA,NA,11.354166666666666,NA,NA,NA,NA,NA,NA,NA,NA,NA,NA,NA,NA,NA,NA,NA,NA,NA,NA,0.4166666666666667,0.3125,0,NA,0,NA,NA,0,NA,0.10416666666666667,NA,NA,NA,NA,0,NA,NA,NA,36.97916666666667,48.645833333333336,NA,0.10416666666666667,NA,NA,NA,NA,NA,NA,NA,0.625,NA,NA,NA,NA,0.3125,NA,NA
27012,2012,27,Lugo,12,Cervantes,1470,819,651,6,17,796,813,55.714285714285715,0,51,NA,NA,70,NA,2,NA,0,NA,NA,NA,NA,2,0,NA,0,NA,1,NA,NA,NA,NA,NA,3,NA,NA,NA,2,NA,NA,NA,NA,NA,4,NA,0,0,0,NA,NA,338,314,0,2,0,NA,NA,0,1,0,NA,NA,0,NA,NA,0,6,NA,NA,0,6.273062730627306,NA,NA,8.61008610086101,NA,0.24600246002460024,NA,0,NA,NA,NA,NA,0.24600246002460024,0,NA,0,NA,0.12300123001230012,NA,NA,NA,NA,NA,0.36900369003690037,NA,NA,NA,0.24600246002460024,NA,NA,NA,NA,NA,0.4920049200492005,NA,0,0,0,NA,NA,41.57441574415744,38.622386223862236,0,0.24600246002460024,0,NA,NA,0,0.12300123001230012,0,NA,NA,0,NA,NA,0,0.7380073800738007,NA,NA
27012,2016,27,Lugo,12,Cervantes,1344,740,604,2,6,732,738,55.05952380952381,0,NA,0,NA,NA,34,0,0,NA,NA,NA,NA,5,1,NA,NA,0,NA,0,NA,NA,72,NA,NA,NA,NA,0,NA,NA,NA,NA,NA,NA,0,2,0,0,NA,NA,NA,NA,380,238,NA,NA,NA,0,NA,NA,NA,NA,NA,NA,NA,NA,0,NA,NA,0,NA,0,NA,0,NA,NA,4.607046070460704,0,0,NA,NA,NA,NA,0.6775067750677507,0.13550135501355012,NA,NA,0,NA,0,NA,NA,9.75609756097561,NA,NA,NA,NA,0,NA,NA,NA,NA,NA,NA,0,0.27100271002710025,0,0,NA,NA,NA,NA,51.490514905149055,32.24932249322493,NA,NA,NA,0,NA,NA,NA,NA,NA,NA,NA,NA,0,NA,NA,0,NA
27012,2020,27,Lugo,12,Cervantes,1232,599,633,4,1,594,595,48.62012987012987,NA,NA,NA,NA,79,NA,0,NA,NA,NA,1232,NA,2,NA,NA,NA,NA,NA,NA,NA,NA,NA,0,NA,NA,NA,NA,NA,NA,NA,NA,0,NA,NA,0,NA,1,NA,NA,NA,8,296,196,NA,0,NA,NA,0,NA,NA,NA,NA,NA,NA,NA,NA,NA,NA,NA,12,NA,NA,NA,NA,13.277310924369749,NA,0,NA,NA,NA,207.0588235294118,NA,0.33613445378151263,NA,NA,NA,NA,NA,NA,NA,NA,NA,0,NA,NA,NA,NA,NA,NA,NA,NA,0,NA,NA,0,NA,0.16806722689075632,NA,NA,NA,1.3445378151260505,49.747899159663866,32.94117647058823,NA,0,NA,NA,0,NA,NA,NA,NA,NA,NA,NA,NA,NA,NA,NA,2.0168067226890756
27012,2024,27,Lugo,12,Cervantes,1152,793,359,6,9,778,787,68.83680555555556,NA,NA,NA,NA,136,NA,NA,NA,NA,NA,1152,NA,NA,NA,NA,NA,NA,NA,0,3,NA,NA,NA,NA,NA,NA,NA,NA,NA,NA,NA,NA,NA,NA,0,NA,NA,NA,NA,1,NA,403,219,NA,0,NA,NA,NA,NA,NA,NA,2,NA,NA,NA,NA,NA,NA,NA,14,NA,NA,NA,NA,17.280813214739517,NA,NA,NA,NA,NA,146.37865311308767,NA,NA,NA,NA,NA,NA,NA,0,0.3811944091486658,NA,NA,NA,NA,NA,NA,NA,NA,NA,NA,NA,NA,NA,NA,0,NA,NA,NA,NA,0.12706480304955528,NA,51.207115628970776,27.82719186785261,NA,0,NA,NA,NA,NA,NA,NA,0.25412960609911056,NA,NA,NA,NA,NA,NA,NA,1.7789072426937738
27013,2001,27,Lugo,13,Cervo,4315,3235,1080,19,26,3190,3216,74.97103128621089,NA,NA,NA,4,739,NA,NA,NA,NA,NA,NA,NA,NA,NA,NA,NA,NA,4,NA,NA,17,NA,NA,35,NA,9,NA,NA,NA,NA,NA,NA,NA,NA,NA,NA,NA,5,NA,NA,NA,1456,921,NA,NA,NA,NA,NA,NA,NA,0,NA,NA,NA,NA,NA,NA,NA,NA,NA,NA,NA,NA,0.12437810945273632,22.978855721393035,NA,NA,NA,NA,NA,NA,NA,NA,NA,NA,NA,NA,0.12437810945273632,NA,NA,0.5286069651741294,NA,NA,1.0883084577114428,NA,0.2798507462686567,NA,NA,NA,NA,NA,NA,NA,NA,NA,NA,NA,0.1554726368159204,NA,NA,NA,45.27363184079602,28.638059701492537,NA,NA,NA,NA,NA,NA,NA,0,NA,NA,NA,NA,NA,NA,NA,NA,NA
27013,2005,27,Lugo,13,Cervo,4282,3432,850,21,35,3376,3411,80.14946286781878,NA,NA,NA,10,594,NA,NA,NA,NA,4,NA,NA,NA,NA,NA,NA,NA,NA,NA,NA,NA,NA,NA,22,0,9,NA,NA,NA,NA,NA,NA,1,NA,NA,NA,NA,9,NA,NA,NA,1455,1272,NA,NA,NA,NA,NA,NA,NA,NA,NA,NA,NA,NA,NA,NA,NA,NA,NA,NA,NA,NA,0.2931691586045148,17.41424802110818,NA,NA,NA,NA,0.11726766344180592,NA,NA,NA,NA,NA,NA,NA,NA,NA,NA,NA,NA,NA,0.6449721489299325,0,0.2638522427440633,NA,NA,NA,NA,NA,NA,0.02931691586045148,NA,NA,NA,NA,0.2638522427440633,NA,NA,NA,42.65611257695691,37.29111697449428,NA,NA,NA,NA,NA,NA,NA,NA,NA,NA,NA,NA,NA,NA,NA,NA,NA
27013,2009,27,Lugo,13,Cervo,4033,3177,856,37,51,3089,3140,78.77510538060997,NA,NA,NA,NA,476,NA,NA,NA,NA,NA,NA,NA,NA,NA,NA,NA,NA,NA,NA,NA,NA,NA,NA,16,0,3,NA,0,NA,NA,0,NA,2,NA,NA,NA,NA,2,NA,NA,NA,1487,1064,NA,14,NA,NA,NA,NA,NA,NA,NA,5,NA,NA,NA,NA,20,NA,NA,NA,NA,NA,NA,15.159235668789808,NA,NA,NA,NA,NA,NA,NA,NA,NA,NA,NA,NA,NA,NA,NA,NA,NA,NA,0.5095541401273885,0,0.09554140127388536,NA,0,NA,NA,0,NA,0.06369426751592357,NA,NA,NA,NA,0.06369426751592357,NA,NA,NA,47.35668789808917,33.88535031847134,NA,0.445859872611465,NA,NA,NA,NA,NA,NA,NA,0.15923566878980894,NA,NA,NA,NA,0.6369426751592357,NA,NA
27013,2012,27,Lugo,13,Cervo,3916,2874,1042,84,51,2739,2790,73.39121552604698,0,367,NA,NA,238,NA,1,NA,2,NA,NA,NA,NA,20,0,NA,0,NA,27,NA,NA,NA,NA,NA,2,NA,NA,NA,16,NA,NA,NA,NA,NA,14,NA,0,0,0,NA,NA,1311,692,4,6,0,NA,NA,0,9,0,NA,NA,7,NA,NA,0,23,NA,NA,0,13.154121863799284,NA,NA,8.530465949820789,NA,0.035842293906810034,NA,0.07168458781362007,NA,NA,NA,NA,0.7168458781362007,0,NA,0,NA,0.967741935483871,NA,NA,NA,NA,NA,0.07168458781362007,NA,NA,NA,0.5734767025089605,NA,NA,NA,NA,NA,0.5017921146953405,NA,0,0,0,NA,NA,46.98924731182796,24.802867383512545,0.14336917562724014,0.21505376344086022,0,NA,NA,0,0.3225806451612903,0,NA,NA,0.25089605734767023,NA,NA,0,0.8243727598566308,NA,NA
27013,2016,27,Lugo,13,Cervo,3765,2801,964,40,27,2734,2761,74.39575033200532,0,NA,0,NA,NA,198,1,0,NA,NA,NA,NA,33,10,NA,NA,0,NA,0,NA,NA,624,NA,NA,NA,NA,2,NA,NA,NA,NA,NA,NA,0,27,6,0,NA,NA,NA,NA,1273,558,NA,NA,NA,2,NA,NA,NA,NA,NA,NA,NA,NA,0,NA,NA,0,NA,0,NA,0,NA,NA,7.171314741035857,0.036218761318362915,0,NA,NA,NA,NA,1.1952191235059761,0.3621876131836291,NA,NA,0,NA,0,NA,NA,22.600507062658455,NA,NA,NA,NA,0.07243752263672583,NA,NA,NA,NA,NA,NA,0,0.9779065555957986,0.21731256791017745,0,NA,NA,NA,NA,46.106483158275985,20.210068815646505,NA,NA,NA,0.07243752263672583,NA,NA,NA,NA,NA,NA,NA,NA,0,NA,NA,0,NA
27013,2020,27,Lugo,13,Cervo,3675,2638,1037,55,30,2553,2583,71.78231292517006,NA,NA,NA,NA,914,NA,0,NA,NA,NA,3675,NA,7,NA,NA,NA,NA,NA,NA,NA,NA,NA,2,NA,NA,NA,NA,NA,NA,NA,NA,2,NA,NA,5,NA,0,NA,NA,NA,104,1087,406,NA,0,NA,NA,0,NA,NA,NA,NA,NA,NA,NA,NA,NA,NA,NA,26,NA,NA,NA,NA,35.38521099496709,NA,0,NA,NA,NA,142.27642276422765,NA,0.27100271002710025,NA,NA,NA,NA,NA,NA,NA,NA,NA,0.07742934572202864,NA,NA,NA,NA,NA,NA,NA,NA,0.07742934572202864,NA,NA,0.19357336430507163,NA,0,NA,NA,NA,4.02632597754549,42.08284939992257,15.718157181571815,NA,0,NA,NA,0,NA,NA,NA,NA,NA,NA,NA,NA,NA,NA,NA,1.0065814943863725
27013,2024,27,Lugo,13,Cervo,3598,2868,730,37,22,2809,2831,79.71095052807115,NA,NA,NA,NA,957,NA,NA,NA,NA,NA,3598,NA,NA,NA,NA,NA,NA,NA,1,1,NA,NA,NA,NA,NA,NA,NA,NA,NA,NA,NA,NA,NA,NA,11,NA,NA,NA,NA,8,NA,1275,504,NA,2,NA,NA,NA,NA,NA,NA,17,NA,NA,NA,NA,NA,NA,NA,33,NA,NA,NA,NA,33.80430943129637,NA,NA,NA,NA,NA,127.09290003532321,NA,NA,NA,NA,NA,NA,NA,0.035323207347227124,0.035323207347227124,NA,NA,NA,NA,NA,NA,NA,NA,NA,NA,NA,NA,NA,NA,0.3885552808194984,NA,NA,NA,NA,0.282585658777817,NA,45.037089367714586,17.802896503002472,NA,0.07064641469445425,NA,NA,NA,NA,NA,NA,0.6004945249028613,NA,NA,NA,NA,NA,NA,NA,1.1656658424584954
27014,2001,27,Lugo,14,Corgo (O),3943,2501,1442,22,29,2450,2479,63.42886127314228,NA,NA,NA,6,675,NA,NA,NA,NA,NA,NA,NA,NA,NA,NA,NA,NA,6,NA,NA,4,NA,NA,7,NA,4,NA,NA,NA,NA,NA,NA,NA,NA,NA,NA,NA,0,NA,NA,NA,1262,486,NA,NA,NA,NA,NA,NA,NA,0,NA,NA,NA,NA,NA,NA,NA,NA,NA,NA,NA,NA,0.24203307785397335,27.228721258572,NA,NA,NA,NA,NA,NA,NA,NA,NA,NA,NA,NA,0.24203307785397335,NA,NA,0.16135538523598225,NA,NA,0.28237192416296897,NA,0.16135538523598225,NA,NA,NA,NA,NA,NA,NA,NA,NA,NA,NA,0,NA,NA,NA,50.9076240419524,19.604679306171843,NA,NA,NA,NA,NA,NA,NA,0,NA,NA,NA,NA,NA,NA,NA,NA,NA
27014,2005,27,Lugo,14,Corgo (O),3803,2703,1100,17,19,2667,2686,71.07546673678675,NA,NA,NA,3,467,NA,NA,NA,NA,4,NA,NA,NA,NA,NA,NA,NA,NA,NA,NA,NA,NA,NA,4,2,3,NA,NA,NA,NA,NA,NA,1,NA,NA,NA,NA,2,NA,NA,NA,1243,938,NA,NA,NA,NA,NA,NA,NA,NA,NA,NA,NA,NA,NA,NA,NA,NA,NA,NA,NA,NA,0.11169024571854058,17.386448250186152,NA,NA,NA,NA,0.14892032762472077,NA,NA,NA,NA,NA,NA,NA,NA,NA,NA,NA,NA,NA,0.14892032762472077,0.07446016381236038,0.11169024571854058,NA,NA,NA,NA,NA,NA,0.03723008190618019,NA,NA,NA,NA,0.07446016381236038,NA,NA,NA,46.276991809381975,34.92181682799702,NA,NA,NA,NA,NA,NA,NA,NA,NA,NA,NA,NA,NA,NA,NA,NA,NA
27014,2009,27,Lugo,14,Corgo (O),3637,2540,1097,28,30,2482,2512,69.83777838878197,NA,NA,NA,NA,522,NA,NA,NA,NA,NA,NA,NA,NA,NA,NA,NA,NA,NA,NA,NA,NA,NA,NA,7,0,2,NA,1,NA,NA,0,NA,3,NA,NA,NA,NA,2,NA,NA,NA,1157,749,NA,1,NA,NA,NA,NA,NA,NA,NA,24,NA,NA,NA,NA,14,NA,NA,NA,NA,NA,NA,20.780254777070066,NA,NA,NA,NA,NA,NA,NA,NA,NA,NA,NA,NA,NA,NA,NA,NA,NA,NA,0.2786624203821656,0,0.07961783439490447,NA,0.039808917197452234,NA,NA,0,NA,0.11942675159235669,NA,NA,NA,NA,0.07961783439490447,NA,NA,NA,46.05891719745223,29.81687898089172,NA,0.039808917197452234,NA,NA,NA,NA,NA,NA,NA,0.9554140127388535,NA,NA,NA,NA,0.5573248407643312,NA,NA
27014,2012,27,Lugo,14,Corgo (O),3460,2150,1310,69,41,2040,2081,62.138728323699425,0,162,NA,NA,382,NA,1,NA,2,NA,NA,NA,NA,1,0,NA,0,NA,7,NA,NA,NA,NA,NA,0,NA,NA,NA,8,NA,NA,NA,NA,NA,4,NA,0,0,0,NA,NA,1010,448,3,1,1,NA,NA,0,2,0,NA,NA,0,NA,NA,0,8,NA,NA,0,7.784718885151369,NA,NA,18.356559346468043,NA,0.04805382027871216,NA,0.09610764055742432,NA,NA,NA,NA,0.04805382027871216,0,NA,0,NA,0.3363767419509851,NA,NA,NA,NA,NA,0,NA,NA,NA,0.3844305622296973,NA,NA,NA,NA,NA,0.19221528111484865,NA,0,0,0,NA,NA,48.53435848149928,21.528111484863047,0.14416146083613646,0.04805382027871216,0.04805382027871216,NA,NA,0,0.09610764055742432,0,NA,NA,0,NA,NA,0,0.3844305622296973,NA,NA
27014,2016,27,Lugo,14,O Corgo,3243,2048,1195,12,14,2022,2036,63.1514030218933,0,NA,0,NA,NA,310,1,0,NA,NA,NA,NA,53,0,NA,NA,0,NA,0,NA,NA,207,NA,NA,NA,NA,1,NA,NA,NA,NA,NA,NA,0,9,3,0,NA,NA,NA,NA,1051,385,NA,NA,NA,2,NA,NA,NA,NA,NA,NA,NA,NA,0,NA,NA,0,NA,0,NA,0,NA,NA,15.225933202357563,0.04911591355599214,0,NA,NA,NA,NA,2.6031434184675835,0,NA,NA,0,NA,0,NA,NA,10.166994106090373,NA,NA,NA,NA,0.04911591355599214,NA,NA,NA,NA,NA,NA,0,0.44204322200392926,0.14734774066797643,0,NA,NA,NA,NA,51.62082514734774,18.909626719056973,NA,NA,NA,0.09823182711198428,NA,NA,NA,NA,NA,NA,NA,NA,0,NA,NA,0,NA
27014,2020,27,Lugo,14,O Corgo,3114,1827,1287,8,16,1803,1819,58.67052023121387,NA,NA,NA,NA,308,NA,1,NA,NA,NA,3113,NA,8,NA,NA,NA,NA,NA,NA,NA,NA,NA,1,NA,NA,NA,NA,NA,NA,NA,NA,1,NA,NA,2,NA,0,NA,NA,NA,28,1135,288,NA,0,NA,NA,0,NA,NA,NA,NA,NA,NA,NA,NA,NA,NA,NA,31,NA,NA,NA,NA,16.932380428807036,NA,0.054975261132490384,NA,NA,NA,171.13798790544254,NA,0.4398020890599231,NA,NA,NA,NA,NA,NA,NA,NA,NA,0.054975261132490384,NA,NA,NA,NA,NA,NA,NA,NA,0.054975261132490384,NA,NA,0.10995052226498077,NA,0,NA,NA,NA,1.5393073117097307,62.39692138537658,15.83287520615723,NA,0,NA,NA,0,NA,NA,NA,NA,NA,NA,NA,NA,NA,NA,NA,1.7042330951072018
27014,2024,27,Lugo,14,O Corgo,3049,2161,888,24,22,2115,2137,70.87569694981961,NA,NA,NA,NA,430,NA,NA,NA,NA,NA,3049,NA,NA,NA,NA,NA,NA,NA,2,5,NA,NA,NA,NA,NA,NA,NA,NA,NA,NA,NA,NA,NA,NA,3,NA,NA,NA,NA,3,NA,1267,354,NA,0,NA,NA,NA,NA,NA,NA,6,NA,NA,NA,NA,NA,NA,NA,45,NA,NA,NA,NA,20.121665886757135,NA,NA,NA,NA,NA,142.676649508657,NA,NA,NA,NA,NA,NA,NA,0.09358914365933552,0.2339728591483388,NA,NA,NA,NA,NA,NA,NA,NA,NA,NA,NA,NA,NA,NA,0.14038371548900327,NA,NA,NA,NA,0.14038371548900327,NA,59.28872250818905,16.56527842770239,NA,0,NA,NA,NA,NA,NA,NA,0.28076743097800655,NA,NA,NA,NA,NA,NA,NA,2.105755732335049
27015,2001,27,Lugo,15,Cospeito,5045,3475,1570,30,40,3405,3445,68.8800792864222,NA,NA,NA,5,670,NA,NA,NA,NA,NA,NA,NA,NA,NA,NA,NA,NA,10,NA,NA,5,NA,NA,0,NA,9,NA,NA,NA,NA,NA,NA,NA,NA,NA,NA,NA,2,NA,NA,NA,2128,576,NA,NA,NA,NA,NA,NA,NA,0,NA,NA,NA,NA,NA,NA,NA,NA,NA,NA,NA,NA,0.14513788098693758,19.448476052249635,NA,NA,NA,NA,NA,NA,NA,NA,NA,NA,NA,NA,0.29027576197387517,NA,NA,0.14513788098693758,NA,NA,0,NA,0.2612481857764877,NA,NA,NA,NA,NA,NA,NA,NA,NA,NA,NA,0.05805515239477503,NA,NA,NA,61.770682148040635,16.71988388969521,NA,NA,NA,NA,NA,NA,NA,0,NA,NA,NA,NA,NA,NA,NA,NA,NA
27015,2005,27,Lugo,15,Cospeito,4883,3575,1308,16,33,3526,3559,73.21318861355724,NA,NA,NA,3,492,NA,NA,NA,NA,4,NA,NA,NA,NA,NA,NA,NA,NA,NA,NA,NA,NA,NA,1,2,3,NA,NA,NA,NA,NA,NA,6,NA,NA,NA,NA,3,NA,NA,NA,2085,927,NA,NA,NA,NA,NA,NA,NA,NA,NA,NA,NA,NA,NA,NA,NA,NA,NA,NA,NA,NA,0.08429334082607474,13.824107895476256,NA,NA,NA,NA,0.112391121101433,NA,NA,NA,NA,NA,NA,NA,NA,NA,NA,NA,NA,NA,0.02809778027535825,0.0561955605507165,0.08429334082607474,NA,NA,NA,NA,NA,NA,0.1685866816521495,NA,NA,NA,NA,0.08429334082607474,NA,NA,NA,58.58387187412194,26.046642315257095,NA,NA,NA,NA,NA,NA,NA,NA,NA,NA,NA,NA,NA,NA,NA,NA,NA
27015,2009,27,Lugo,15,Cospeito,4715,3537,1178,46,47,3444,3491,75.01590668080594,NA,NA,NA,NA,397,NA,NA,NA,NA,NA,NA,NA,NA,NA,NA,NA,NA,NA,NA,NA,NA,NA,NA,7,2,4,NA,4,NA,NA,3,NA,2,NA,NA,NA,NA,2,NA,NA,NA,2130,858,NA,5,NA,NA,NA,NA,NA,NA,NA,16,NA,NA,NA,NA,14,NA,NA,NA,NA,NA,NA,11.372099684904038,NA,NA,NA,NA,NA,NA,NA,NA,NA,NA,NA,NA,NA,NA,NA,NA,NA,NA,0.20051561157261533,0.057290174735032943,0.11458034947006589,NA,0.11458034947006589,NA,NA,0.08593526210254941,NA,0.057290174735032943,NA,NA,NA,NA,0.057290174735032943,NA,NA,NA,61.01403609281009,24.577484961329134,NA,0.14322543683758235,NA,NA,NA,NA,NA,NA,NA,0.45832139788026355,NA,NA,NA,NA,0.40103122314523065,NA,NA
27015,2012,27,Lugo,15,Cospeito,4512,3174,1338,95,68,3011,3079,70.34574468085107,0,240,NA,NA,193,NA,0,NA,2,NA,NA,NA,NA,14,0,NA,0,NA,23,NA,NA,NA,NA,NA,5,NA,NA,NA,6,NA,NA,NA,NA,NA,7,NA,0,0,0,NA,NA,1877,609,2,2,1,NA,NA,0,9,0,NA,NA,3,NA,NA,0,18,NA,NA,0,7.794738551477752,NA,NA,6.268268918480026,NA,0,NA,0.06495615459564794,NA,NA,NA,NA,0.4546930821695355,0,NA,0,NA,0.7469957778499512,NA,NA,NA,NA,NA,0.16239038648911985,NA,NA,NA,0.1948684637869438,NA,NA,NA,NA,NA,0.22734654108476776,NA,0,0,0,NA,NA,60.96135108801559,19.779149074374796,0.06495615459564794,0.06495615459564794,0.03247807729782397,NA,NA,0,0.2923026956804157,0,NA,NA,0.0974342318934719,NA,NA,0,0.58460539136083145,NA,NA
27015,2016,27,Lugo,15,Cospeito,4244,2890,1354,54,18,2818,2836,68.0961357210179,0,NA,0,NA,NA,174,1,0,NA,NA,NA,NA,71,1,NA,NA,0,NA,0,NA,NA,351,NA,NA,NA,NA,4,NA,NA,NA,NA,NA,NA,0,15,7,0,NA,NA,NA,NA,1743,448,NA,NA,NA,3,NA,NA,NA,NA,NA,NA,NA,NA,0,NA,NA,0,NA,0,NA,0,NA,NA,6.1354019746121295,0.03526093088857546,0,NA,NA,NA,NA,2.5035260930888574,0.03526093088857546,NA,NA,0,NA,0,NA,NA,12.376586741889986,NA,NA,NA,NA,0.14104372355430184,NA,NA,NA,NA,NA,NA,0,0.5289139633286318,0.2468265162200282,0,NA,NA,NA,NA,61.459802538787024,15.796897038081806,NA,NA,NA,0.10578279266572638,NA,NA,NA,NA,NA,NA,NA,NA,0,NA,NA,0,NA
27015,2020,27,Lugo,15,Cospeito,3941,2449,1492,43,29,2377,2406,62.141588429332664,NA,NA,NA,NA,363,NA,1,NA,NA,NA,3941,NA,5,NA,NA,NA,NA,NA,NA,NA,NA,NA,3,NA,NA,NA,NA,NA,NA,NA,NA,3,NA,NA,5,NA,1,NA,NA,NA,47,1577,322,NA,0,NA,NA,1,NA,NA,NA,NA,NA,NA,NA,NA,NA,NA,NA,49,NA,NA,NA,NA,15.087281795511224,NA,0.04156275976724855,NA,NA,NA,163.7988362427265,NA,0.20781379883624274,NA,NA,NA,NA,NA,NA,NA,NA,NA,0.12468827930174563,NA,NA,NA,NA,NA,NA,NA,NA,0.12468827930174563,NA,NA,0.20781379883624274,NA,0.04156275976724855,NA,NA,NA,1.9534497090606815,65.54447215295096,13.383208645054031,NA,0,NA,NA,0.04156275976724855,NA,NA,NA,NA,NA,NA,NA,NA,NA,NA,NA,2.036575228595179
27015,2024,27,Lugo,15,Cospeito,3707,2632,1075,45,25,2562,2587,71.00080927974103,NA,NA,NA,NA,508,NA,NA,NA,NA,NA,3707,NA,NA,NA,NA,NA,NA,NA,6,0,NA,NA,NA,NA,NA,NA,NA,NA,NA,NA,NA,NA,NA,NA,4,NA,NA,NA,NA,1,NA,1559,428,NA,0,NA,NA,NA,NA,NA,NA,12,NA,NA,NA,NA,NA,NA,NA,44,NA,NA,NA,NA,19.636644762272905,NA,NA,NA,NA,NA,143.29339002705836,NA,NA,NA,NA,NA,NA,NA,0.23192887514495555,0,NA,NA,NA,NA,NA,NA,NA,NA,NA,NA,NA,NA,NA,NA,0.15461925009663702,NA,NA,NA,NA,0.038654812524159254,NA,60.26285272516429,16.544259760340164,NA,0,NA,NA,NA,NA,NA,NA,0.4638577502899111,NA,NA,NA,NA,NA,NA,NA,1.7008117510630072
27016,2001,27,Lugo,16,Chantada,8640,5828,2812,33,74,5721,5795,67.45370370370371,NA,NA,NA,5,1522,NA,NA,NA,NA,NA,NA,NA,NA,NA,NA,NA,NA,9,NA,NA,6,NA,NA,11,NA,6,NA,NA,NA,NA,NA,NA,NA,NA,NA,NA,NA,4,NA,NA,NA,3268,890,NA,NA,NA,NA,NA,NA,NA,0,NA,NA,NA,NA,NA,NA,NA,NA,NA,NA,NA,NA,0.08628127696289906,26.264020707506468,NA,NA,NA,NA,NA,NA,NA,NA,NA,NA,NA,NA,0.15530629853321828,NA,NA,0.10353753235547887,NA,NA,0.1898188093183779,NA,0.10353753235547887,NA,NA,NA,NA,NA,NA,NA,NA,NA,NA,NA,0.06902502157031924,NA,NA,NA,56.393442622950815,15.35806729939603,NA,NA,NA,NA,NA,NA,NA,0,NA,NA,NA,NA,NA,NA,NA,NA,NA
27016,2005,27,Lugo,16,Chantada,8087,5913,2174,21,59,5833,5892,73.11734883145789,NA,NA,NA,5,1034,NA,NA,NA,NA,6,NA,NA,NA,NA,NA,NA,NA,NA,NA,NA,NA,NA,NA,6,3,6,NA,NA,NA,NA,NA,NA,4,NA,NA,NA,NA,2,NA,NA,NA,3205,1562,NA,NA,NA,NA,NA,NA,NA,NA,NA,NA,NA,NA,NA,NA,NA,NA,NA,NA,NA,NA,0.08486082824168364,17.549219280380175,NA,NA,NA,NA,0.10183299389002036,NA,NA,NA,NA,NA,NA,NA,NA,NA,NA,NA,NA,NA,0.10183299389002036,0.05091649694501018,0.10183299389002036,NA,NA,NA,NA,NA,NA,0.0678886625933469,NA,NA,NA,NA,0.03394433129667345,NA,NA,NA,54.39579090291922,26.51052274270197,NA,NA,NA,NA,NA,NA,NA,NA,NA,NA,NA,NA,NA,NA,NA,NA,NA
27016,2009,27,Lugo,16,Chantada,7679,5759,1920,62,104,5593,5697,74.99674436775622,NA,NA,NA,NA,1194,NA,NA,NA,NA,NA,NA,NA,NA,NA,NA,NA,NA,NA,NA,NA,NA,NA,NA,17,2,11,NA,6,NA,NA,1,NA,6,NA,NA,NA,NA,3,NA,NA,NA,2663,1559,NA,51,NA,NA,NA,NA,NA,NA,NA,65,NA,NA,NA,NA,15,NA,NA,NA,NA,NA,NA,20.95839915745129,NA,NA,NA,NA,NA,NA,NA,NA,NA,NA,NA,NA,NA,NA,NA,NA,NA,NA,0.29840266807091453,0.035106196243637006,0.19308407934000352,NA,0.105318588730911,NA,NA,0.017553098121818503,NA,0.105318588730911,NA,NA,NA,NA,0.0526592943654555,NA,NA,NA,46.74390029840267,27.36527997191504,NA,0.8952080042127435,NA,NA,NA,NA,NA,NA,NA,1.1409513779182026,NA,NA,NA,NA,0.2632964718272775,NA,NA
27016,2012,27,Lugo,16,Chantada,7453,5013,2440,125,154,4734,4888,67.2615054340534,0,881,NA,NA,319,NA,1,NA,3,NA,NA,NA,NA,25,0,NA,0,NA,29,NA,NA,NA,NA,NA,2,NA,NA,NA,28,NA,NA,NA,NA,NA,22,NA,0,0,0,NA,NA,2515,834,6,9,2,NA,NA,0,25,0,NA,NA,3,NA,NA,0,30,NA,NA,0,18.023731587561375,NA,NA,6.526186579378068,NA,0.020458265139116204,NA,0.06137479541734861,NA,NA,NA,NA,0.5114566284779051,0,NA,0,NA,0.5932896890343698,NA,NA,NA,NA,NA,0.04091653027823241,NA,NA,NA,0.5728314238952537,NA,NA,NA,NA,NA,0.4500818330605565,NA,0,0,0,NA,NA,51.45253682487725,17.062193126022912,0.12274959083469722,0.18412438625204583,0.04091653027823241,NA,NA,0,0.5114566284779051,0,NA,NA,0.06137479541734861,NA,NA,0,0.613747954173486,NA,NA
27016,2016,27,Lugo,16,Chantada,7126,4631,2495,41,56,4534,4590,64.98737019365703,0,NA,0,NA,NA,304,3,0,NA,NA,NA,NA,107,6,NA,NA,0,NA,0,NA,NA,779,NA,NA,NA,NA,7,NA,NA,NA,NA,NA,NA,0,39,6,0,NA,NA,NA,NA,2438,837,NA,NA,NA,8,NA,NA,NA,NA,NA,NA,NA,NA,0,NA,NA,0,NA,0,NA,0,NA,NA,6.623093681917211,0.065359477124183,0,NA,NA,NA,NA,2.3311546840958606,0.130718954248366,NA,NA,0,NA,0,NA,NA,16.971677559912855,NA,NA,NA,NA,0.15250544662309368,NA,NA,NA,NA,NA,NA,0,0.8496732026143791,0.130718954248366,0,NA,NA,NA,NA,53.11546840958605,18.235294117647058,NA,NA,NA,0.17429193899782133,NA,NA,NA,NA,NA,NA,NA,NA,0,NA,NA,0,NA
27016,2020,27,Lugo,16,Chantada,6925,4220,2705,33,32,4155,4187,60.938628158844764,NA,NA,NA,NA,945,NA,3,NA,NA,NA,6925,NA,21,NA,NA,NA,NA,NA,NA,NA,NA,NA,2,NA,NA,NA,NA,NA,NA,NA,NA,14,NA,NA,26,NA,1,NA,NA,NA,76,2196,770,NA,2,NA,NA,4,NA,NA,NA,NA,NA,NA,NA,NA,NA,NA,NA,95,NA,NA,NA,NA,22.569859087652258,NA,0.07165034631000718,NA,NA,NA,165.39288273226654,NA,0.5015524241700501,NA,NA,NA,NA,NA,NA,NA,NA,NA,0.04776689754000478,NA,NA,NA,NA,NA,NA,NA,NA,0.33436828278003344,NA,NA,0.6209696680200621,NA,0.02388344877000239,NA,NA,NA,1.8151421065201814,52.44805349892524,18.390255552901838,NA,0.04776689754000478,NA,NA,0.09553379508000956,NA,NA,NA,NA,NA,NA,NA,NA,NA,NA,NA,2.2689276331502266
27016,2024,27,Lugo,16,Chantada,6666,4689,1977,47,57,4585,4642,70.34203420342034,NA,NA,NA,NA,1392,NA,NA,NA,NA,NA,6666,NA,NA,NA,NA,NA,NA,NA,4,4,NA,NA,NA,NA,NA,NA,NA,NA,NA,NA,NA,NA,NA,NA,15,NA,NA,NA,NA,4,NA,2350,682,NA,4,NA,NA,NA,NA,NA,NA,36,NA,NA,NA,NA,NA,NA,NA,94,NA,NA,NA,NA,29.98707453683757,NA,NA,NA,NA,NA,143.60189573459715,NA,NA,NA,NA,NA,NA,NA,0.08616975441619991,0.08616975441619991,NA,NA,NA,NA,NA,NA,NA,NA,NA,NA,NA,NA,NA,NA,0.3231365790607497,NA,NA,NA,NA,0.08616975441619991,NA,50.62473071951745,14.691943127962084,NA,0.08616975441619991,NA,NA,NA,NA,NA,NA,0.7755277897457992,NA,NA,NA,NA,NA,NA,NA,2.0249892287806976
27017,2001,27,Lugo,17,Folgoso do Courel,1451,948,503,8,3,937,940,65.3342522398346,NA,NA,NA,0,78,NA,NA,NA,NA,NA,NA,NA,NA,NA,NA,NA,NA,1,NA,NA,0,NA,NA,0,NA,0,NA,NA,NA,NA,NA,NA,NA,NA,NA,NA,NA,0,NA,NA,NA,448,410,NA,NA,NA,NA,NA,NA,NA,0,NA,NA,NA,NA,NA,NA,NA,NA,NA,NA,NA,NA,0,8.297872340425531,NA,NA,NA,NA,NA,NA,NA,NA,NA,NA,NA,NA,0.10638297872340426,NA,NA,0,NA,NA,0,NA,0,NA,NA,NA,NA,NA,NA,NA,NA,NA,NA,NA,0,NA,NA,NA,47.65957446808511,43.61702127659575,NA,NA,NA,NA,NA,NA,NA,0,NA,NA,NA,NA,NA,NA,NA,NA,NA
27017,2005,27,Lugo,17,Folgoso do Courel,1253,1020,233,3,9,1008,1017,81.40462889066241,NA,NA,NA,1,85,NA,NA,NA,NA,1,NA,NA,NA,NA,NA,NA,NA,NA,NA,NA,NA,NA,NA,0,0,0,NA,NA,NA,NA,NA,NA,0,NA,NA,NA,NA,1,NA,NA,NA,466,454,NA,NA,NA,NA,NA,NA,NA,NA,NA,NA,NA,NA,NA,NA,NA,NA,NA,NA,NA,NA,0.09832841691248771,8.357915437561456,NA,NA,NA,NA,0.09832841691248771,NA,NA,NA,NA,NA,NA,NA,NA,NA,NA,NA,NA,NA,0,0,0,NA,NA,NA,NA,NA,NA,0,NA,NA,NA,NA,0.09832841691248771,NA,NA,NA,45.82104228121927,44.64110127826942,NA,NA,NA,NA,NA,NA,NA,NA,NA,NA,NA,NA,NA,NA,NA,NA,NA
27017,2009,27,Lugo,17,Folgoso do Courel,1167,908,259,8,5,895,900,77.80634104541559,NA,NA,NA,NA,89,NA,NA,NA,NA,NA,NA,NA,NA,NA,NA,NA,NA,NA,NA,NA,NA,NA,NA,1,0,0,NA,0,NA,NA,0,NA,1,NA,NA,NA,NA,1,NA,NA,NA,381,418,NA,1,NA,NA,NA,NA,NA,NA,NA,2,NA,NA,NA,NA,1,NA,NA,NA,NA,NA,NA,9.88888888888889,NA,NA,NA,NA,NA,NA,NA,NA,NA,NA,NA,NA,NA,NA,NA,NA,NA,NA,0.1111111111111111,0,0,NA,0,NA,NA,0,NA,0.1111111111111111,NA,NA,NA,NA,0.1111111111111111,NA,NA,NA,42.333333333333336,46.44444444444444,NA,0.1111111111111111,NA,NA,NA,NA,NA,NA,NA,0.2222222222222222,NA,NA,NA,NA,0.1111111111111111,NA,NA
27017,2012,27,Lugo,17,Folgoso do Courel,1088,752,336,5,8,739,747,69.11764705882352,0,56,NA,NA,34,NA,0,NA,0,NA,NA,NA,NA,0,0,NA,0,NA,4,NA,NA,NA,NA,NA,1,NA,NA,NA,1,NA,NA,NA,NA,NA,3,NA,0,0,0,NA,NA,434,205,1,0,0,NA,NA,0,0,0,NA,NA,0,NA,NA,0,0,NA,NA,0,7.49665327978581,NA,NA,4.551539491298527,NA,0,NA,0,NA,NA,NA,NA,0,0,NA,0,NA,0.535475234270415,NA,NA,NA,NA,NA,0.13386880856760375,NA,NA,NA,0.13386880856760375,NA,NA,NA,NA,NA,0.4016064257028112,NA,0,0,0,NA,NA,58.099062918340024,27.443105756358772,0.13386880856760375,0,0,NA,NA,0,0,0,NA,NA,0,NA,NA,0,0,NA,NA
27017,2016,27,Lugo,17,Folgoso do Courel,992,689,303,4,4,681,685,69.45564516129032,0,NA,0,NA,NA,21,0,0,NA,NA,NA,NA,7,0,NA,NA,0,NA,0,NA,NA,77,NA,NA,NA,NA,1,NA,NA,NA,NA,NA,NA,0,5,0,0,NA,NA,NA,NA,388,182,NA,NA,NA,0,NA,NA,NA,NA,NA,NA,NA,NA,0,NA,NA,0,NA,0,NA,0,NA,NA,3.065693430656934,0,0,NA,NA,NA,NA,1.0218978102189782,0,NA,NA,0,NA,0,NA,NA,11.24087591240876,NA,NA,NA,NA,0.145985401459854,NA,NA,NA,NA,NA,NA,0,0.7299270072992701,0,0,NA,NA,NA,NA,56.64233576642336,26.56934306569343,NA,NA,NA,0,NA,NA,NA,NA,NA,NA,NA,NA,0,NA,NA,0,NA
27017,2020,27,Lugo,17,Folgoso do Courel,929,638,291,6,2,630,632,68.67599569429494,NA,NA,NA,NA,87,NA,2,NA,NA,NA,929,NA,3,NA,NA,NA,NA,NA,NA,NA,NA,NA,0,NA,NA,NA,NA,NA,NA,NA,NA,0,NA,NA,3,NA,0,NA,NA,NA,15,398,111,NA,0,NA,NA,0,NA,NA,NA,NA,NA,NA,NA,NA,NA,NA,NA,11,NA,NA,NA,NA,13.765822784810128,NA,0.31645569620253167,NA,NA,NA,146.99367088607596,NA,0.4746835443037975,NA,NA,NA,NA,NA,NA,NA,NA,NA,0,NA,NA,NA,NA,NA,NA,NA,NA,0,NA,NA,0.4746835443037975,NA,0,NA,NA,NA,2.3734177215189876,62.9746835443038,17.563291139240505,NA,0,NA,NA,0,NA,NA,NA,NA,NA,NA,NA,NA,NA,NA,NA,1.740506329113924
27017,2024,27,Lugo,17,Folgoso do Courel,917,699,218,4,2,693,695,76.22682660850599,NA,NA,NA,NA,141,NA,NA,NA,NA,NA,917,NA,NA,NA,NA,NA,NA,NA,0,0,NA,NA,NA,NA,NA,NA,NA,NA,NA,NA,NA,NA,NA,NA,1,NA,NA,NA,NA,0,NA,429,116,NA,0,NA,NA,NA,NA,NA,NA,1,NA,NA,NA,NA,NA,NA,NA,5,NA,NA,NA,NA,20.287769784172664,NA,NA,NA,NA,NA,131.94244604316546,NA,NA,NA,NA,NA,NA,NA,0,0,NA,NA,NA,NA,NA,NA,NA,NA,NA,NA,NA,NA,NA,NA,0.14388489208633093,NA,NA,NA,NA,0,NA,61.726618705035975,16.69064748201439,NA,0,NA,NA,NA,NA,NA,NA,0.14388489208633093,NA,NA,NA,NA,NA,NA,NA,0.7194244604316548
27018,2001,27,Lugo,18,Fonsagrada (A),4637,2944,1693,32,17,2895,2912,63.48932499460859,NA,NA,NA,2,809,NA,NA,NA,NA,NA,NA,NA,NA,NA,NA,NA,NA,3,NA,NA,3,NA,NA,11,NA,2,NA,NA,NA,NA,NA,NA,NA,NA,NA,NA,NA,1,NA,NA,NA,1317,747,NA,NA,NA,NA,NA,NA,NA,0,NA,NA,NA,NA,NA,NA,NA,NA,NA,NA,NA,NA,0.06868131868131869,27.78159340659341,NA,NA,NA,NA,NA,NA,NA,NA,NA,NA,NA,NA,0.10302197802197803,NA,NA,0.10302197802197803,NA,NA,0.37774725274725274,NA,0.06868131868131869,NA,NA,NA,NA,NA,NA,NA,NA,NA,NA,NA,0.034340659340659344,NA,NA,NA,45.22664835164835,25.652472527472526,NA,NA,NA,NA,NA,NA,NA,0,NA,NA,NA,NA,NA,NA,NA,NA,NA
27018,2005,27,Lugo,18,Fonsagrada (A),4450,3265,1185,15,25,3225,3250,73.37078651685394,NA,NA,NA,3,360,NA,NA,NA,NA,0,NA,NA,NA,NA,NA,NA,NA,NA,NA,NA,NA,NA,NA,6,2,1,NA,NA,NA,NA,NA,NA,0,NA,NA,NA,NA,1,NA,NA,NA,1135,1717,NA,NA,NA,NA,NA,NA,NA,NA,NA,NA,NA,NA,NA,NA,NA,NA,NA,NA,NA,NA,0.0923076923076923,11.076923076923077,NA,NA,NA,NA,0,NA,NA,NA,NA,NA,NA,NA,NA,NA,NA,NA,NA,NA,0.1846153846153846,0.06153846153846154,0.03076923076923077,NA,NA,NA,NA,NA,NA,0,NA,NA,NA,NA,0.03076923076923077,NA,NA,NA,34.92307692307692,52.83076923076923,NA,NA,NA,NA,NA,NA,NA,NA,NA,NA,NA,NA,NA,NA,NA,NA,NA
27018,2009,27,Lugo,18,Fonsagrada (A),4115,2842,1273,30,28,2784,2812,69.0643985419198,NA,NA,NA,NA,383,NA,NA,NA,NA,NA,NA,NA,NA,NA,NA,NA,NA,NA,NA,NA,NA,NA,NA,13,0,7,NA,6,NA,NA,0,NA,0,NA,NA,NA,NA,1,NA,NA,NA,982,1373,NA,5,NA,NA,NA,NA,NA,NA,NA,5,NA,NA,NA,NA,9,NA,NA,NA,NA,NA,NA,13.620199146514937,NA,NA,NA,NA,NA,NA,NA,NA,NA,NA,NA,NA,NA,NA,NA,NA,NA,NA,0.46230440967283076,0,0.24893314366998576,NA,0.21337126600284498,NA,NA,0,NA,0,NA,NA,NA,NA,0.03556187766714083,NA,NA,NA,34.92176386913229,48.826458036984356,NA,0.17780938833570412,NA,NA,NA,NA,NA,NA,NA,0.17780938833570412,NA,NA,NA,NA,0.3200568990042674,NA,NA
27018,2012,27,Lugo,18,Fonsagrada (A),3771,2378,1393,49,46,2283,2329,63.06019623442057,0,191,NA,NA,173,NA,0,NA,0,NA,NA,NA,NA,2,0,NA,0,NA,8,NA,NA,NA,NA,NA,1,NA,NA,NA,5,NA,NA,NA,NA,NA,3,NA,0,0,0,NA,NA,948,931,1,4,0,NA,NA,0,2,0,NA,NA,0,NA,NA,0,14,NA,NA,0,8.20094461142121,NA,NA,7.42808072133963,NA,0,NA,0,NA,NA,NA,NA,0.08587376556462001,0,NA,0,NA,0.34349506225848003,NA,NA,NA,NA,NA,0.042936882782310004,NA,NA,NA,0.21468441391155002,NA,NA,NA,NA,NA,0.12881064834693,NA,0,0,0,NA,NA,40.704164877629886,39.97423787033061,0.042936882782310004,0.17174753112924002,0,NA,NA,0,0.08587376556462001,0,NA,NA,0,NA,NA,0,0.6011163589523401,NA,NA
27018,2016,27,Lugo,18,A Fonsagrada,3452,2117,1335,17,13,2087,2100,61.326767091541136,0,NA,0,NA,NA,129,0,0,NA,NA,NA,NA,31,0,NA,NA,0,NA,0,NA,NA,347,NA,NA,NA,NA,2,NA,NA,NA,NA,NA,NA,0,4,5,0,NA,NA,NA,NA,916,652,NA,NA,NA,1,NA,NA,NA,NA,NA,NA,NA,NA,0,NA,NA,0,NA,0,NA,0,NA,NA,6.142857142857143,0,0,NA,NA,NA,NA,1.4761904761904763,0,NA,NA,0,NA,0,NA,NA,16.523809523809526,NA,NA,NA,NA,0.09523809523809523,NA,NA,NA,NA,NA,NA,0,0.19047619047619047,0.2380952380952381,0,NA,NA,NA,NA,43.61904761904762,31.047619047619047,NA,NA,NA,0.047619047619047616,NA,NA,NA,NA,NA,NA,NA,NA,0,NA,NA,0,NA
27018,2020,27,Lugo,18,A Fonsagrada,3146,1948,1198,18,19,1911,1930,61.91989828353465,NA,NA,NA,NA,312,NA,0,NA,NA,NA,3146,NA,6,NA,NA,NA,NA,NA,NA,NA,NA,NA,2,NA,NA,NA,NA,NA,NA,NA,NA,0,NA,NA,2,NA,0,NA,NA,NA,25,868,673,NA,2,NA,NA,0,NA,NA,NA,NA,NA,NA,NA,NA,NA,NA,NA,21,NA,NA,NA,NA,16.16580310880829,NA,0,NA,NA,NA,163.00518134715026,NA,0.31088082901554404,NA,NA,NA,NA,NA,NA,NA,NA,NA,0.10362694300518134,NA,NA,NA,NA,NA,NA,NA,NA,0,NA,NA,0.10362694300518134,NA,0,NA,NA,NA,1.2953367875647668,44.97409326424871,34.87046632124352,NA,0.10362694300518134,NA,NA,0,NA,NA,NA,NA,NA,NA,NA,NA,NA,NA,NA,1.0880829015544042
27018,2024,27,Lugo,18,A Fonsagrada,2870,2034,836,14,14,2006,2020,70.87108013937282,NA,NA,NA,NA,385,NA,NA,NA,NA,NA,2870,NA,NA,NA,NA,NA,NA,NA,1,1,NA,NA,NA,NA,NA,NA,NA,NA,NA,NA,NA,NA,NA,NA,0,NA,NA,NA,NA,5,NA,826,761,NA,0,NA,NA,NA,NA,NA,NA,7,NA,NA,NA,NA,NA,NA,NA,20,NA,NA,NA,NA,19.05940594059406,NA,NA,NA,NA,NA,142.07920792079207,NA,NA,NA,NA,NA,NA,NA,0.04950495049504951,0.04950495049504951,NA,NA,NA,NA,NA,NA,NA,NA,NA,NA,NA,NA,NA,NA,0,NA,NA,NA,NA,0.24752475247524752,NA,40.89108910891089,37.67326732673267,NA,0,NA,NA,NA,NA,NA,NA,0.34653465346534656,NA,NA,NA,NA,NA,NA,NA,0.9900990099009901
27019,2001,27,Lugo,19,Foz,8218,5815,2403,43,70,5702,5772,70.75930883426625,NA,NA,NA,8,1103,NA,NA,NA,NA,NA,NA,NA,NA,NA,NA,NA,NA,6,NA,NA,5,NA,NA,33,NA,7,NA,NA,NA,NA,NA,NA,NA,NA,NA,NA,NA,14,NA,NA,NA,2421,2105,NA,NA,NA,NA,NA,NA,NA,0,NA,NA,NA,NA,NA,NA,NA,NA,NA,NA,NA,NA,0.1386001386001386,19.10949410949411,NA,NA,NA,NA,NA,NA,NA,NA,NA,NA,NA,NA,0.10395010395010396,NA,NA,0.08662508662508663,NA,NA,0.5717255717255718,NA,0.12127512127512127,NA,NA,NA,NA,NA,NA,NA,NA,NA,NA,NA,0.24255024255024255,NA,NA,NA,41.943866943866944,36.46916146916147,NA,NA,NA,NA,NA,NA,NA,0,NA,NA,NA,NA,NA,NA,NA,NA,NA
27019,2005,27,Lugo,19,Foz,8204,6033,2171,39,65,5929,5994,73.5372988785958,NA,NA,NA,10,901,NA,NA,NA,NA,5,NA,NA,NA,NA,NA,NA,NA,NA,NA,NA,NA,NA,NA,17,2,6,NA,NA,NA,NA,NA,NA,1,NA,NA,NA,NA,7,NA,NA,NA,2401,2579,NA,NA,NA,NA,NA,NA,NA,NA,NA,NA,NA,NA,NA,NA,NA,NA,NA,NA,NA,NA,0.1668335001668335,15.031698365031698,NA,NA,NA,NA,0.08341675008341674,NA,NA,NA,NA,NA,NA,NA,NA,NA,NA,NA,NA,NA,0.28361695028361694,0.033366700033366704,0.10010010010010009,NA,NA,NA,NA,NA,NA,0.016683350016683352,NA,NA,NA,NA,0.11678345011678344,NA,NA,NA,40.056723390056725,43.026359693026365,NA,NA,NA,NA,NA,NA,NA,NA,NA,NA,NA,NA,NA,NA,NA,NA,NA
27019,2009,27,Lugo,19,Foz,8261,6041,2220,65,132,5844,5976,73.12674010410362,NA,NA,NA,NA,1081,NA,NA,NA,NA,NA,NA,NA,NA,NA,NA,NA,NA,NA,NA,NA,NA,NA,NA,22,4,4,NA,0,NA,NA,2,NA,2,NA,NA,NA,NA,6,NA,NA,NA,2542,2055,NA,7,NA,NA,NA,NA,NA,NA,NA,13,NA,NA,NA,NA,106,NA,NA,NA,NA,NA,NA,18.089022757697457,NA,NA,NA,NA,NA,NA,NA,NA,NA,NA,NA,NA,NA,NA,NA,NA,NA,NA,0.3681392235609103,0.06693440428380187,0.06693440428380187,NA,0,NA,NA,0.03346720214190094,NA,0.03346720214190094,NA,NA,NA,NA,0.1004016064257028,NA,NA,NA,42.536813922356096,34.38755020080321,NA,0.11713520749665328,NA,NA,NA,NA,NA,NA,NA,0.2175368139223561,NA,NA,NA,NA,1.7737617135207495,NA,NA
27019,2012,27,Lugo,19,Foz,8233,5418,2815,176,173,5069,5242,65.8083323211466,0,498,NA,NA,615,NA,6,NA,5,NA,NA,NA,NA,44,0,NA,0,NA,48,NA,NA,NA,NA,NA,4,NA,NA,NA,29,NA,NA,NA,NA,NA,29,NA,0,0,0,NA,NA,2382,1320,5,9,0,NA,NA,0,15,0,NA,NA,5,NA,NA,0,55,NA,NA,0,9.50019076688287,NA,NA,11.732163296451736,NA,0.11446012972148034,NA,0.09538344143456697,NA,NA,NA,NA,0.8393742846241892,0,NA,0,NA,0.9156810377718427,NA,NA,NA,NA,NA,0.07630675314765357,NA,NA,NA,0.5532239603204884,NA,NA,NA,NA,NA,0.5532239603204884,NA,0,0,0,NA,NA,45.4406714994277,25.181228538725676,0.09538344143456697,0.17169019458222054,0,NA,NA,0,0.2861503243037009,0,NA,NA,0.09538344143456697,NA,NA,0,1.0492178557802367,NA,NA
27019,2016,27,Lugo,19,Foz,8117,5288,2829,54,64,5170,5234,65.14722188000492,0,NA,0,NA,NA,501,2,0,NA,NA,NA,NA,157,19,NA,NA,0,NA,0,NA,NA,877,NA,NA,NA,NA,9,NA,NA,NA,NA,NA,NA,0,55,3,0,NA,NA,NA,NA,2539,1002,NA,NA,NA,6,NA,NA,NA,NA,NA,NA,NA,NA,0,NA,NA,0,NA,0,NA,0,NA,NA,9.57202904088651,0.03821169277799007,0,NA,NA,NA,NA,2.99961788307222,0.3630110813909056,NA,NA,0,NA,0,NA,NA,16.755827283148644,NA,NA,NA,NA,0.1719526175009553,NA,NA,NA,NA,NA,NA,0,1.0508215513947268,0.05731753916698509,0,NA,NA,NA,NA,48.50974398165839,19.14405808177302,NA,NA,NA,0.11463507833397019,NA,NA,NA,NA,NA,NA,NA,NA,0,NA,NA,0,NA
27019,2020,27,Lugo,19,Foz,8167,4714,3453,86,34,4594,4628,57.720093057426226,NA,NA,NA,NA,1378,NA,1,NA,NA,NA,8167,NA,20,NA,NA,NA,NA,NA,NA,NA,NA,NA,2,NA,NA,NA,NA,NA,NA,NA,NA,18,NA,NA,13,NA,3,NA,NA,NA,150,2079,813,NA,1,NA,NA,2,NA,NA,NA,NA,NA,NA,NA,NA,NA,NA,NA,114,NA,NA,NA,NA,29.775280898876407,NA,0.021607605877268798,NA,NA,NA,176.46931719965428,NA,0.432152117545376,NA,NA,NA,NA,NA,NA,NA,NA,NA,0.043215211754537596,NA,NA,NA,NA,NA,NA,NA,NA,0.38893690579083834,NA,NA,0.2808988764044944,NA,0.06482281763180639,NA,NA,NA,3.2411408815903195,44.92221261884183,17.566983578219535,NA,0.021607605877268798,NA,NA,0.043215211754537596,NA,NA,NA,NA,NA,NA,NA,NA,NA,NA,NA,2.4632670700086434
27019,2024,27,Lugo,19,Foz,8262,5482,2780,70,59,5353,5412,66.3519728879206,NA,NA,NA,NA,1654,NA,NA,NA,NA,NA,8262,NA,NA,NA,NA,NA,NA,NA,10,5,NA,NA,NA,NA,NA,NA,NA,NA,NA,NA,NA,NA,NA,NA,17,NA,NA,NA,NA,14,NA,2480,993,NA,8,NA,NA,NA,NA,NA,NA,30,NA,NA,NA,NA,NA,NA,NA,142,NA,NA,NA,NA,30.56171470805617,NA,NA,NA,NA,NA,152.66075388026607,NA,NA,NA,NA,NA,NA,NA,0.18477457501847747,0.09238728750923873,NA,NA,NA,NA,NA,NA,NA,NA,NA,NA,NA,NA,NA,NA,0.3141167775314117,NA,NA,NA,NA,0.2586844050258684,NA,45.82409460458241,18.34811529933481,NA,0.14781966001478197,NA,NA,NA,NA,NA,NA,0.5543237250554324,NA,NA,NA,NA,NA,NA,NA,2.6237989652623797
27020,2001,27,Lugo,20,Friol,4191,3401,790,24,30,3347,3377,81.15008351228823,NA,NA,NA,7,582,NA,NA,NA,NA,NA,NA,NA,NA,NA,NA,NA,NA,28,NA,NA,0,NA,NA,2,NA,3,NA,NA,NA,NA,NA,NA,NA,NA,NA,NA,NA,1,NA,NA,NA,2243,481,NA,NA,NA,NA,NA,NA,NA,0,NA,NA,NA,NA,NA,NA,NA,NA,NA,NA,NA,NA,0.207284572105419,17.234231566479124,NA,NA,NA,NA,NA,NA,NA,NA,NA,NA,NA,NA,0.829138288421676,NA,NA,0,NA,NA,0.059224163458691144,NA,0.08883624518803672,NA,NA,NA,NA,NA,NA,NA,NA,NA,NA,NA,0.029612081729345572,NA,NA,NA,66.41989931892212,14.24341131181522,NA,NA,NA,NA,NA,NA,NA,0,NA,NA,NA,NA,NA,NA,NA,NA,NA
27020,2005,27,Lugo,20,Friol,4023,3529,494,13,19,3497,3516,87.72060651255282,NA,NA,NA,2,218,NA,NA,NA,NA,2,NA,NA,NA,NA,NA,NA,NA,NA,NA,NA,NA,NA,NA,1,3,3,NA,NA,NA,NA,NA,NA,1,NA,NA,NA,NA,3,NA,NA,NA,2242,1022,NA,NA,NA,NA,NA,NA,NA,NA,NA,NA,NA,NA,NA,NA,NA,NA,NA,NA,NA,NA,0.05688282138794084,6.2002275312855515,NA,NA,NA,NA,0.05688282138794084,NA,NA,NA,NA,NA,NA,NA,NA,NA,NA,NA,NA,NA,0.02844141069397042,0.08532423208191127,0.08532423208191127,NA,NA,NA,NA,NA,NA,0.02844141069397042,NA,NA,NA,NA,0.08532423208191127,NA,NA,NA,63.76564277588168,29.067121729237773,NA,NA,NA,NA,NA,NA,NA,NA,NA,NA,NA,NA,NA,NA,NA,NA,NA
27020,2009,27,Lugo,20,Friol,3941,3401,540,28,27,3346,3373,86.29789393554935,NA,NA,NA,NA,315,NA,NA,NA,NA,NA,NA,NA,NA,NA,NA,NA,NA,NA,NA,NA,NA,NA,NA,5,0,3,NA,1,NA,NA,0,NA,0,NA,NA,NA,NA,2,NA,NA,NA,2097,908,NA,2,NA,NA,NA,NA,NA,NA,NA,8,NA,NA,NA,NA,5,NA,NA,NA,NA,NA,NA,9.338867477023422,NA,NA,NA,NA,NA,NA,NA,NA,NA,NA,NA,NA,NA,NA,NA,NA,NA,NA,0.14823599169878449,0,0.08894159501927068,NA,0.029647198339756892,NA,NA,0,NA,0,NA,NA,NA,NA,0.059294396679513785,NA,NA,NA,62.1701749184702,26.91965609249926,NA,0.059294396679513785,NA,NA,NA,NA,NA,NA,NA,0.23717758671805514,NA,NA,NA,NA,0.14823599169878449,NA,NA
27020,2012,27,Lugo,20,Friol,3733,3026,707,94,67,2865,2932,81.06080900080364,0,135,NA,NA,182,NA,0,NA,1,NA,NA,NA,NA,6,0,NA,0,NA,6,NA,NA,NA,NA,NA,2,NA,NA,NA,6,NA,NA,NA,NA,NA,4,NA,0,0,0,NA,NA,1922,575,1,2,0,NA,NA,0,7,0,NA,NA,0,NA,NA,0,16,NA,NA,0,4.604365620736699,NA,NA,6.207366984993179,NA,0,NA,0.034106412005457026,NA,NA,NA,NA,0.20463847203274216,0,NA,0,NA,0.20463847203274216,NA,NA,NA,NA,NA,0.06821282401091405,NA,NA,NA,0.20463847203274216,NA,NA,NA,NA,NA,0.1364256480218281,NA,0,0,0,NA,NA,65.5525238744884,19.61118690313779,0.034106412005457026,0.06821282401091405,0,NA,NA,0,0.23874488403819918,0,NA,NA,0,NA,NA,0,0.5457025920873124,NA,NA
27020,2016,27,Lugo,20,Friol,3507,2890,617,42,28,2820,2848,82.40661534074708,0,NA,0,NA,NA,104,1,0,NA,NA,NA,NA,40,1,NA,NA,0,NA,0,NA,NA,203,NA,NA,NA,NA,5,NA,NA,NA,NA,NA,NA,0,8,5,0,NA,NA,NA,NA,2000,450,NA,NA,NA,3,NA,NA,NA,NA,NA,NA,NA,NA,0,NA,NA,0,NA,0,NA,0,NA,NA,3.651685393258427,0.0351123595505618,0,NA,NA,NA,NA,1.4044943820224718,0.0351123595505618,NA,NA,0,NA,0,NA,NA,7.127808988764045,NA,NA,NA,NA,0.17556179775280897,NA,NA,NA,NA,NA,NA,0,0.2808988764044944,0.17556179775280897,0,NA,NA,NA,NA,70.2247191011236,15.80056179775281,NA,NA,NA,0.10533707865168539,NA,NA,NA,NA,NA,NA,NA,NA,0,NA,NA,0,NA
27020,2020,27,Lugo,20,Friol,3297,2665,632,51,26,2588,2614,80.83105853806491,NA,NA,NA,NA,240,NA,0,NA,NA,NA,3297,NA,4,NA,NA,NA,NA,NA,NA,NA,NA,NA,1,NA,NA,NA,NA,NA,NA,NA,NA,8,NA,NA,2,NA,0,NA,NA,NA,24,2009,268,NA,0,NA,NA,2,NA,NA,NA,NA,NA,NA,NA,NA,NA,NA,NA,30,NA,NA,NA,NA,9.181331293037491,NA,0,NA,NA,NA,126.12853863810251,NA,0.1530221882172915,NA,NA,NA,NA,NA,NA,NA,NA,NA,0.03825554705432287,NA,NA,NA,NA,NA,NA,NA,NA,0.306044376434583,NA,NA,0.07651109410864575,NA,0,NA,NA,NA,0.9181331293037491,76.85539403213465,10.252486610558531,NA,0,NA,NA,0.07651109410864575,NA,NA,NA,NA,NA,NA,NA,NA,NA,NA,NA,1.1476664116296864
27020,2024,27,Lugo,20,Friol,3202,2687,515,34,25,2628,2653,83.91630231105559,NA,NA,NA,NA,339,NA,NA,NA,NA,NA,3202,NA,NA,NA,NA,NA,NA,NA,2,1,NA,NA,NA,NA,NA,NA,NA,NA,NA,NA,NA,NA,NA,NA,3,NA,NA,NA,NA,1,NA,1958,281,NA,2,NA,NA,NA,NA,NA,NA,2,NA,NA,NA,NA,NA,NA,NA,39,NA,NA,NA,NA,12.777987184319638,NA,NA,NA,NA,NA,120.69355446664154,NA,NA,NA,NA,NA,NA,NA,0.07538635506973237,0.03769317753486619,NA,NA,NA,NA,NA,NA,NA,NA,NA,NA,NA,NA,NA,NA,0.11307953260459858,NA,NA,NA,NA,0.03769317753486619,NA,73.803241613268,10.591782887297398,NA,0.07538635506973237,NA,NA,NA,NA,NA,NA,0.07538635506973237,NA,NA,NA,NA,NA,NA,NA,1.4700339238597813
27021,2001,27,Lugo,21,Xermade,2321,1382,939,7,17,1358,1375,59.54330030159414,NA,NA,NA,3,317,NA,NA,NA,NA,NA,NA,NA,NA,NA,NA,NA,NA,0,NA,NA,3,NA,NA,2,NA,3,NA,NA,NA,NA,NA,NA,NA,NA,NA,NA,NA,2,NA,NA,NA,844,184,NA,NA,NA,NA,NA,NA,NA,0,NA,NA,NA,NA,NA,NA,NA,NA,NA,NA,NA,NA,0.2181818181818182,23.054545454545455,NA,NA,NA,NA,NA,NA,NA,NA,NA,NA,NA,NA,0,NA,NA,0.2181818181818182,NA,NA,0.14545454545454545,NA,0.2181818181818182,NA,NA,NA,NA,NA,NA,NA,NA,NA,NA,NA,0.14545454545454545,NA,NA,NA,61.38181818181818,13.381818181818181,NA,NA,NA,NA,NA,NA,NA,0,NA,NA,NA,NA,NA,NA,NA,NA,NA
27021,2005,27,Lugo,21,Xermade,2154,1404,750,5,13,1386,1399,65.18105849582173,NA,NA,NA,0,200,NA,NA,NA,NA,1,NA,NA,NA,NA,NA,NA,NA,NA,NA,NA,NA,NA,NA,6,0,0,NA,NA,NA,NA,NA,NA,1,NA,NA,NA,NA,1,NA,NA,NA,887,290,NA,NA,NA,NA,NA,NA,NA,NA,NA,NA,NA,NA,NA,NA,NA,NA,NA,NA,NA,NA,0,14.295925661186562,NA,NA,NA,NA,0.07147962830593281,NA,NA,NA,NA,NA,NA,NA,NA,NA,NA,NA,NA,NA,0.42887776983559683,0,0,NA,NA,NA,NA,NA,NA,0.07147962830593281,NA,NA,NA,NA,0.07147962830593281,NA,NA,NA,63.4024303073624,20.729092208720516,NA,NA,NA,NA,NA,NA,NA,NA,NA,NA,NA,NA,NA,NA,NA,NA,NA
27021,2009,27,Lugo,21,Xermade,2042,1362,680,17,25,1320,1345,66.69931439764937,NA,NA,NA,NA,164,NA,NA,NA,NA,NA,NA,NA,NA,NA,NA,NA,NA,NA,NA,NA,NA,NA,NA,2,0,0,NA,1,NA,NA,0,NA,6,NA,NA,NA,NA,0,NA,NA,NA,759,366,NA,9,NA,NA,NA,NA,NA,NA,NA,10,NA,NA,NA,NA,3,NA,NA,NA,NA,NA,NA,12.193308550185874,NA,NA,NA,NA,NA,NA,NA,NA,NA,NA,NA,NA,NA,NA,NA,NA,NA,NA,0.14869888475836432,0,0,NA,0.07434944237918216,NA,NA,0,NA,0.44609665427509293,NA,NA,NA,NA,0,NA,NA,NA,56.43122676579926,27.21189591078067,NA,0.6691449814126395,NA,NA,NA,NA,NA,NA,NA,0.7434944237918215,NA,NA,NA,NA,0.22304832713754646,NA,NA
27021,2012,27,Lugo,21,Xermade,1896,1146,750,39,29,1078,1107,60.44303797468354,0,92,NA,NA,87,NA,2,NA,1,NA,NA,NA,NA,9,0,NA,0,NA,4,NA,NA,NA,NA,NA,0,NA,NA,NA,2,NA,NA,NA,NA,NA,4,NA,0,0,0,NA,NA,646,217,1,3,0,NA,NA,0,3,0,NA,NA,3,NA,NA,0,4,NA,NA,0,8.310749774164409,NA,NA,7.8590785907859075,NA,0.18066847335140018,NA,0.09033423667570009,NA,NA,NA,NA,0.8130081300813009,0,NA,0,NA,0.36133694670280037,NA,NA,NA,NA,NA,0,NA,NA,NA,0.18066847335140018,NA,NA,NA,NA,NA,0.36133694670280037,NA,0,0,0,NA,NA,58.35591689250226,19.602529358626917,0.09033423667570009,0.27100271002710025,0,NA,NA,0,0.27100271002710025,0,NA,NA,0.27100271002710025,NA,NA,0,0.36133694670280037,NA,NA
27021,2016,27,Lugo,21,Xermade,1743,1062,681,17,11,1034,1045,60.92943201376936,0,NA,0,NA,NA,72,0,0,NA,NA,NA,NA,25,2,NA,NA,0,NA,0,NA,NA,114,NA,NA,NA,NA,1,NA,NA,NA,NA,NA,NA,0,3,1,0,NA,NA,NA,NA,592,224,NA,NA,NA,0,NA,NA,NA,NA,NA,NA,NA,NA,0,NA,NA,0,NA,0,NA,0,NA,NA,6.889952153110047,0,0,NA,NA,NA,NA,2.3923444976076556,0.19138755980861244,NA,NA,0,NA,0,NA,NA,10.909090909090908,NA,NA,NA,NA,0.09569377990430622,NA,NA,NA,NA,NA,NA,0,0.28708133971291866,0.09569377990430622,0,NA,NA,NA,NA,56.65071770334929,21.435406698564595,NA,NA,NA,0,NA,NA,NA,NA,NA,NA,NA,NA,0,NA,NA,0,NA
27021,2020,27,Lugo,21,Xermade,1609,953,656,19,11,923,934,59.229334990677444,NA,NA,NA,NA,155,NA,0,NA,NA,NA,1609,NA,1,NA,NA,NA,NA,NA,NA,NA,NA,NA,0,NA,NA,NA,NA,NA,NA,NA,NA,0,NA,NA,1,NA,1,NA,NA,NA,9,560,168,NA,0,NA,NA,0,NA,NA,NA,NA,NA,NA,NA,NA,NA,NA,NA,28,NA,NA,NA,NA,16.595289079229122,NA,0,NA,NA,NA,172.2698072805139,NA,0.10706638115631692,NA,NA,NA,NA,NA,NA,NA,NA,NA,0,NA,NA,NA,NA,NA,NA,NA,NA,0,NA,NA,0.10706638115631692,NA,0.10706638115631692,NA,NA,NA,0.9635974304068522,59.95717344753747,17.987152034261243,NA,0,NA,NA,0,NA,NA,NA,NA,NA,NA,NA,NA,NA,NA,NA,2.9978586723768736
27021,2024,27,Lugo,21,Xermade,1519,1016,503,20,7,989,996,66.88610928242265,NA,NA,NA,NA,212,NA,NA,NA,NA,NA,1519,NA,NA,NA,NA,NA,NA,NA,1,2,NA,NA,NA,NA,NA,NA,NA,NA,NA,NA,NA,NA,NA,NA,0,NA,NA,NA,NA,1,NA,554,197,NA,0,NA,NA,NA,NA,NA,NA,4,NA,NA,NA,NA,NA,NA,NA,18,NA,NA,NA,NA,21.285140562248998,NA,NA,NA,NA,NA,152.51004016064257,NA,NA,NA,NA,NA,NA,NA,0.1004016064257028,0.2008032128514056,NA,NA,NA,NA,NA,NA,NA,NA,NA,NA,NA,NA,NA,NA,0,NA,NA,NA,NA,0.1004016064257028,NA,55.62248995983936,19.779116465863453,NA,0,NA,NA,NA,NA,NA,NA,0.4016064257028112,NA,NA,NA,NA,NA,NA,NA,1.8072289156626504
27022,2001,27,Lugo,22,Guitiriz,5544,3744,1800,20,43,3681,3724,67.53246753246754,NA,NA,NA,4,927,NA,NA,NA,NA,NA,NA,NA,NA,NA,NA,NA,NA,3,NA,NA,4,NA,NA,8,NA,5,NA,NA,NA,NA,NA,NA,NA,NA,NA,NA,NA,7,NA,NA,NA,2125,598,NA,NA,NA,NA,NA,NA,NA,0,NA,NA,NA,NA,NA,NA,NA,NA,NA,NA,NA,NA,0.10741138560687433,24.892588614393127,NA,NA,NA,NA,NA,NA,NA,NA,NA,NA,NA,NA,0.08055853920515575,NA,NA,0.10741138560687433,NA,NA,0.21482277121374865,NA,0.13426423200859292,NA,NA,NA,NA,NA,NA,NA,NA,NA,NA,NA,0.18796992481203006,NA,NA,NA,57.06229860365198,16.05800214822771,NA,NA,NA,NA,NA,NA,NA,0,NA,NA,NA,NA,NA,NA,NA,NA,NA
27022,2005,27,Lugo,22,Guitiriz,5346,3711,1635,22,40,3649,3689,69.41638608305276,NA,NA,NA,6,550,NA,NA,NA,NA,2,NA,NA,NA,NA,NA,NA,NA,NA,NA,NA,NA,NA,NA,3,3,2,NA,NA,NA,NA,NA,NA,2,NA,NA,NA,NA,2,NA,NA,NA,1586,1493,NA,NA,NA,NA,NA,NA,NA,NA,NA,NA,NA,NA,NA,NA,NA,NA,NA,NA,NA,NA,0.1626457034426674,14.90918948224451,NA,NA,NA,NA,0.05421523448088912,NA,NA,NA,NA,NA,NA,NA,NA,NA,NA,NA,NA,NA,0.0813228517213337,0.0813228517213337,0.05421523448088912,NA,NA,NA,NA,NA,NA,0.05421523448088912,NA,NA,NA,NA,0.05421523448088912,NA,NA,NA,42.99268094334508,40.471672539983736,NA,NA,NA,NA,NA,NA,NA,NA,NA,NA,NA,NA,NA,NA,NA,NA,NA
27022,2009,27,Lugo,22,Guitiriz,5264,3712,1552,31,56,3625,3681,70.51671732522796,NA,NA,NA,NA,501,NA,NA,NA,NA,NA,NA,NA,NA,NA,NA,NA,NA,NA,NA,NA,NA,NA,NA,17,6,4,NA,19,NA,NA,0,NA,1,NA,NA,NA,NA,2,NA,NA,NA,1625,1230,NA,3,NA,NA,NA,NA,NA,NA,NA,196,NA,NA,NA,NA,21,NA,NA,NA,NA,NA,NA,13.61043194784026,NA,NA,NA,NA,NA,NA,NA,NA,NA,NA,NA,NA,NA,NA,NA,NA,NA,NA,0.4618310241782124,0.16299918500407498,0.10866612333604998,NA,0.5161640858462374,NA,NA,0,NA,0.027166530834012496,NA,NA,NA,NA,0.05433306166802499,NA,NA,NA,44.14561260527031,33.41483292583537,NA,0.08149959250203749,NA,NA,NA,NA,NA,NA,NA,5.324640043466449,NA,NA,NA,NA,0.5704971475142625,NA,NA
27022,2012,27,Lugo,22,Guitiriz,5019,3107,1912,77,69,2961,3030,61.904761904761905,0,273,NA,NA,326,NA,0,NA,0,NA,NA,NA,NA,1,0,NA,0,NA,12,NA,NA,NA,NA,NA,2,NA,NA,NA,7,NA,NA,NA,NA,NA,7,NA,0,0,0,NA,NA,1568,735,8,0,1,NA,NA,0,0,0,NA,NA,0,NA,NA,0,21,NA,NA,0,9.009900990099009,NA,NA,10.75907590759076,NA,0,NA,0,NA,NA,NA,NA,0.033003300330033,0,NA,0,NA,0.39603960396039606,NA,NA,NA,NA,NA,0.066006600660066,NA,NA,NA,0.23102310231023102,NA,NA,NA,NA,NA,0.23102310231023102,NA,0,0,0,NA,NA,51.74917491749175,24.257425742574256,0.264026402640264,0,0.033003300330033,NA,NA,0,0,0,NA,NA,0,NA,NA,0,0.6930693069306931,NA,NA
27022,2016,27,Lugo,22,Guitiriz,4832,2953,1879,36,24,2893,2917,61.11341059602648,0,NA,0,NA,NA,287,1,0,NA,NA,NA,NA,52,8,NA,NA,0,NA,0,NA,NA,398,NA,NA,NA,NA,4,NA,NA,NA,NA,NA,NA,0,14,3,0,NA,NA,NA,NA,1520,605,NA,NA,NA,1,NA,NA,NA,NA,NA,NA,NA,NA,0,NA,NA,0,NA,0,NA,0,NA,NA,9.838875557079191,0.03428179636612959,0,NA,NA,NA,NA,1.7826534110387384,0.2742543709290367,NA,NA,0,NA,0,NA,NA,13.644154953719575,NA,NA,NA,NA,0.13712718546451835,NA,NA,NA,NA,NA,NA,0,0.47994514912581415,0.10284538909838875,0,NA,NA,NA,NA,52.108330476516976,20.7404868015084,NA,NA,NA,0.03428179636612959,NA,NA,NA,NA,NA,NA,NA,NA,0,NA,NA,0,NA
27022,2020,27,Lugo,22,Guitiriz,4625,2560,2065,30,24,2506,2530,55.351351351351354,NA,NA,NA,NA,624,NA,0,NA,NA,NA,4625,NA,5,NA,NA,NA,NA,NA,NA,NA,NA,NA,0,NA,NA,NA,NA,NA,NA,NA,NA,4,NA,NA,6,NA,0,NA,NA,NA,66,1296,450,NA,0,NA,NA,6,NA,NA,NA,NA,NA,NA,NA,NA,NA,NA,NA,49,NA,NA,NA,NA,24.66403162055336,NA,0,NA,NA,NA,182.80632411067194,NA,0.1976284584980237,NA,NA,NA,NA,NA,NA,NA,NA,NA,0,NA,NA,NA,NA,NA,NA,NA,NA,0.15810276679841898,NA,NA,0.23715415019762848,NA,0,NA,NA,NA,2.608695652173913,51.22529644268775,17.786561264822133,NA,0,NA,NA,0.23715415019762848,NA,NA,NA,NA,NA,NA,NA,NA,NA,NA,NA,1.9367588932806323
27022,2024,27,Lugo,22,Guitiriz,4441,2940,1501,43,22,2875,2897,66.20130601215942,NA,NA,NA,NA,758,NA,NA,NA,NA,NA,4441,NA,NA,NA,NA,NA,NA,NA,5,4,NA,NA,NA,NA,NA,NA,NA,NA,NA,NA,NA,NA,NA,NA,4,NA,NA,NA,NA,2,NA,1504,542,NA,0,NA,NA,NA,NA,NA,NA,16,NA,NA,NA,NA,NA,NA,NA,40,NA,NA,NA,NA,26.164998274076627,NA,NA,NA,NA,NA,153.29651363479462,NA,NA,NA,NA,NA,NA,NA,0.17259233690024164,0.1380738695201933,NA,NA,NA,NA,NA,NA,NA,NA,NA,NA,NA,NA,NA,NA,0.1380738695201933,NA,NA,NA,NA,0.06903693476009665,NA,51.91577493959269,18.70900931998619,NA,0,NA,NA,NA,NA,NA,NA,0.5522954780807732,NA,NA,NA,NA,NA,NA,NA,1.3807386952019332
27023,2001,27,Lugo,23,Guntín,3039,2299,740,16,14,2269,2283,75.64988483053637,NA,NA,NA,0,527,NA,NA,NA,NA,NA,NA,NA,NA,NA,NA,NA,NA,5,NA,NA,3,NA,NA,2,NA,2,NA,NA,NA,NA,NA,NA,NA,NA,NA,NA,NA,2,NA,NA,NA,1401,327,NA,NA,NA,NA,NA,NA,NA,0,NA,NA,NA,NA,NA,NA,NA,NA,NA,NA,NA,NA,0,23.08366184844503,NA,NA,NA,NA,NA,NA,NA,NA,NA,NA,NA,NA,0.2190100744634253,NA,NA,0.1314060446780552,NA,NA,0.08760402978537013,NA,0.08760402978537013,NA,NA,NA,NA,NA,NA,NA,NA,NA,NA,NA,0.08760402978537013,NA,NA,NA,61.366622864651774,14.323258869908015,NA,NA,NA,NA,NA,NA,NA,0,NA,NA,NA,NA,NA,NA,NA,NA,NA
27023,2005,27,Lugo,23,Guntín,2981,2438,543,16,15,2407,2422,81.78463602817845,NA,NA,NA,2,241,NA,NA,NA,NA,1,NA,NA,NA,NA,NA,NA,NA,NA,NA,NA,NA,NA,NA,1,0,0,NA,NA,NA,NA,NA,NA,1,NA,NA,NA,NA,0,NA,NA,NA,1353,808,NA,NA,NA,NA,NA,NA,NA,NA,NA,NA,NA,NA,NA,NA,NA,NA,NA,NA,NA,NA,0.08257638315441783,9.95045417010735,NA,NA,NA,NA,0.041288191577208914,NA,NA,NA,NA,NA,NA,NA,NA,NA,NA,NA,NA,NA,0.041288191577208914,0,0,NA,NA,NA,NA,NA,NA,0.041288191577208914,NA,NA,NA,NA,0,NA,NA,NA,55.86292320396367,33.360858794384804,NA,NA,NA,NA,NA,NA,NA,NA,NA,NA,NA,NA,NA,NA,NA,NA,NA
27023,2009,27,Lugo,23,Guntín,2849,2375,474,14,21,2340,2361,83.36258336258336,NA,NA,NA,NA,174,NA,NA,NA,NA,NA,NA,NA,NA,NA,NA,NA,NA,NA,NA,NA,NA,NA,NA,4,0,3,NA,0,NA,NA,0,NA,0,NA,NA,NA,NA,1,NA,NA,NA,1258,878,NA,4,NA,NA,NA,NA,NA,NA,NA,14,NA,NA,NA,NA,4,NA,NA,NA,NA,NA,NA,7.369758576874205,NA,NA,NA,NA,NA,NA,NA,NA,NA,NA,NA,NA,NA,NA,NA,NA,NA,NA,0.16941973739940702,0,0.12706480304955528,NA,0,NA,NA,0,NA,0,NA,NA,NA,NA,0.042354934349851756,NA,NA,NA,53.28250741211351,37.18763235916984,NA,0.16941973739940702,NA,NA,NA,NA,NA,NA,NA,0.5929690808979247,NA,NA,NA,NA,0.16941973739940702,NA,NA
27023,2012,27,Lugo,23,Guntín,2727,2057,670,54,43,1960,2003,75.43087642097544,0,105,NA,NA,77,NA,1,NA,1,NA,NA,NA,NA,4,0,NA,0,NA,5,NA,NA,NA,NA,NA,1,NA,NA,NA,0,NA,NA,NA,NA,NA,1,NA,0,0,0,NA,NA,1259,495,1,1,1,NA,NA,0,1,0,NA,NA,0,NA,NA,0,7,NA,NA,0,5.242136794807788,NA,NA,3.8442336495257114,NA,0.04992511233150275,NA,0.04992511233150275,NA,NA,NA,NA,0.199700449326011,0,NA,0,NA,0.24962556165751376,NA,NA,NA,NA,NA,0.04992511233150275,NA,NA,NA,0,NA,NA,NA,NA,NA,0.04992511233150275,NA,0,0,0,NA,NA,62.855716425361955,24.71293060409386,0.04992511233150275,0.04992511233150275,0.04992511233150275,NA,NA,0,0.04992511233150275,0,NA,NA,0,NA,NA,0,0.3494757863205192,NA,NA
27023,2016,27,Lugo,23,Guntín,2562,1850,712,19,15,1816,1831,72.20921155347385,0,NA,0,NA,NA,71,0,0,NA,NA,NA,NA,43,3,NA,NA,0,NA,0,NA,NA,155,NA,NA,NA,NA,2,NA,NA,NA,NA,NA,NA,0,10,4,0,NA,NA,NA,NA,1219,308,NA,NA,NA,1,NA,NA,NA,NA,NA,NA,NA,NA,0,NA,NA,0,NA,0,NA,0,NA,NA,3.8776624795193886,0,0,NA,NA,NA,NA,2.3484434735117423,0.1638448935008192,NA,NA,0,NA,0,NA,NA,8.465319497542326,NA,NA,NA,NA,0.10922992900054614,NA,NA,NA,NA,NA,NA,0,0.5461496450027308,0.21845985800109227,0,NA,NA,NA,NA,66.57564172583288,16.821409066084104,NA,NA,NA,0.05461496450027307,NA,NA,NA,NA,NA,NA,NA,NA,0,NA,NA,0,NA
27023,2020,27,Lugo,23,Guntín,2411,1636,775,28,11,1597,1608,67.85566155122356,NA,NA,NA,NA,155,NA,0,NA,NA,NA,2411,NA,2,NA,NA,NA,NA,NA,NA,NA,NA,NA,0,NA,NA,NA,NA,NA,NA,NA,NA,2,NA,NA,3,NA,0,NA,NA,NA,16,1200,199,NA,0,NA,NA,0,NA,NA,NA,NA,NA,NA,NA,NA,NA,NA,NA,20,NA,NA,NA,NA,9.639303482587065,NA,0,NA,NA,NA,149.93781094527364,NA,0.12437810945273632,NA,NA,NA,NA,NA,NA,NA,NA,NA,0,NA,NA,NA,NA,NA,NA,NA,NA,0.12437810945273632,NA,NA,0.18656716417910446,NA,0,NA,NA,NA,0.9950248756218906,74.6268656716418,12.375621890547265,NA,0,NA,NA,0,NA,NA,NA,NA,NA,NA,NA,NA,NA,NA,NA,1.2437810945273633
27023,2024,27,Lugo,23,Guntín,2307,1811,496,18,15,1778,1793,78.50021673168617,NA,NA,NA,NA,269,NA,NA,NA,NA,NA,2307,NA,NA,NA,NA,NA,NA,NA,0,1,NA,NA,NA,NA,NA,NA,NA,NA,NA,NA,NA,NA,NA,NA,3,NA,NA,NA,NA,0,NA,1289,191,NA,0,NA,NA,NA,NA,NA,NA,3,NA,NA,NA,NA,NA,NA,NA,22,NA,NA,NA,NA,15.002788622420523,NA,NA,NA,NA,NA,128.6670384829894,NA,NA,NA,NA,NA,NA,NA,0,0.055772448410485224,NA,NA,NA,NA,NA,NA,NA,NA,NA,NA,NA,NA,NA,NA,0.16731734523145567,NA,NA,NA,NA,0,NA,71.89068600111544,10.652537646402676,NA,0,NA,NA,NA,NA,NA,NA,0.16731734523145567,NA,NA,NA,NA,NA,NA,NA,1.2269938650306749
27024,2001,27,Lugo,24,Incio (O),2236,1803,433,15,16,1772,1788,80.6350626118068,NA,NA,NA,0,313,NA,NA,NA,NA,NA,NA,NA,NA,NA,NA,NA,NA,0,NA,NA,1,NA,NA,3,NA,2,NA,NA,NA,NA,NA,NA,NA,NA,NA,NA,NA,1,NA,NA,NA,1149,303,NA,NA,NA,NA,NA,NA,NA,0,NA,NA,NA,NA,NA,NA,NA,NA,NA,NA,NA,NA,0,17.505592841163313,NA,NA,NA,NA,NA,NA,NA,NA,NA,NA,NA,NA,0,NA,NA,0.05592841163310962,NA,NA,0.16778523489932887,NA,0.11185682326621924,NA,NA,NA,NA,NA,NA,NA,NA,NA,NA,NA,0.05592841163310962,NA,NA,NA,64.26174496644296,16.946308724832214,NA,NA,NA,NA,NA,NA,NA,0,NA,NA,NA,NA,NA,NA,NA,NA,NA
27024,2005,27,Lugo,24,Incio (O),2099,1685,414,7,14,1664,1678,80.27632205812291,NA,NA,NA,0,178,NA,NA,NA,NA,1,NA,NA,NA,NA,NA,NA,NA,NA,NA,NA,NA,NA,NA,6,2,1,NA,NA,NA,NA,NA,NA,0,NA,NA,NA,NA,0,NA,NA,NA,959,517,NA,NA,NA,NA,NA,NA,NA,NA,NA,NA,NA,NA,NA,NA,NA,NA,NA,NA,NA,NA,0,10.607866507747318,NA,NA,NA,NA,0.05959475566150178,NA,NA,NA,NA,NA,NA,NA,NA,NA,NA,NA,NA,NA,0.3575685339690107,0.11918951132300357,0.05959475566150178,NA,NA,NA,NA,NA,NA,0,NA,NA,NA,NA,0,NA,NA,NA,57.15137067938022,30.81048867699642,NA,NA,NA,NA,NA,NA,NA,NA,NA,NA,NA,NA,NA,NA,NA,NA,NA
27024,2009,27,Lugo,24,Incio (O),1909,1529,380,15,18,1496,1514,80.09429020429543,NA,NA,NA,NA,312,NA,NA,NA,NA,NA,NA,NA,NA,NA,NA,NA,NA,NA,NA,NA,NA,NA,NA,1,0,1,NA,0,NA,NA,1,NA,2,NA,NA,NA,NA,0,NA,NA,NA,779,393,NA,0,NA,NA,NA,NA,NA,NA,NA,5,NA,NA,NA,NA,2,NA,NA,NA,NA,NA,NA,20.607661822985467,NA,NA,NA,NA,NA,NA,NA,NA,NA,NA,NA,NA,NA,NA,NA,NA,NA,NA,0.06605019815059446,0,0.06605019815059446,NA,0,NA,NA,0.06605019815059446,NA,0.13210039630118892,NA,NA,NA,NA,0,NA,NA,NA,51.45310435931307,25.957727873183618,NA,0,NA,NA,NA,NA,NA,NA,NA,0.33025099075297226,NA,NA,NA,NA,0.13210039630118892,NA,NA
27024,2012,27,Lugo,24,Incio (O),1701,1304,397,32,7,1265,1272,76.66078777189888,0,80,NA,NA,139,NA,0,NA,4,NA,NA,NA,NA,1,0,NA,0,NA,2,NA,NA,NA,NA,NA,0,NA,NA,NA,2,NA,NA,NA,NA,NA,2,NA,0,0,0,NA,NA,673,359,0,1,0,NA,NA,0,0,0,NA,NA,1,NA,NA,0,1,NA,NA,0,6.289308176100629,NA,NA,10.927672955974844,NA,0,NA,0.3144654088050315,NA,NA,NA,NA,0.07861635220125787,0,NA,0,NA,0.15723270440251574,NA,NA,NA,NA,NA,0,NA,NA,NA,0.15723270440251574,NA,NA,NA,NA,NA,0.15723270440251574,NA,0,0,0,NA,NA,52.90880503144654,28.223270440251575,0,0.07861635220125787,0,NA,NA,0,0,0,NA,NA,0.07861635220125787,NA,NA,0,0.07861635220125787,NA,NA
27024,2016,27,Lugo,24,O Incio,1576,1187,389,7,5,1175,1180,75.31725888324873,0,NA,0,NA,NA,128,0,0,NA,NA,NA,NA,10,1,NA,NA,0,NA,0,NA,NA,105,NA,NA,NA,NA,1,NA,NA,NA,NA,NA,NA,0,1,1,0,NA,NA,NA,NA,649,279,NA,NA,NA,0,NA,NA,NA,NA,NA,NA,NA,NA,0,NA,NA,0,NA,0,NA,0,NA,NA,10.847457627118644,0,0,NA,NA,NA,NA,0.847457627118644,0.0847457627118644,NA,NA,0,NA,0,NA,NA,8.898305084745763,NA,NA,NA,NA,0.0847457627118644,NA,NA,NA,NA,NA,NA,0,0.0847457627118644,0.0847457627118644,0,NA,NA,NA,NA,55.00000000000001,23.64406779661017,NA,NA,NA,0,NA,NA,NA,NA,NA,NA,NA,NA,0,NA,NA,0,NA
27024,2020,27,Lugo,24,O Incio,1422,1051,371,3,5,1043,1048,73.90998593530239,NA,NA,NA,NA,164,NA,0,NA,NA,NA,1422,NA,0,NA,NA,NA,NA,NA,NA,NA,NA,NA,1,NA,NA,NA,NA,NA,NA,NA,NA,1,NA,NA,0,NA,1,NA,NA,NA,18,662,193,NA,0,NA,NA,0,NA,NA,NA,NA,NA,NA,NA,NA,NA,NA,NA,3,NA,NA,NA,NA,15.648854961832063,NA,0,NA,NA,NA,135.68702290076337,NA,0,NA,NA,NA,NA,NA,NA,NA,NA,NA,0.09541984732824427,NA,NA,NA,NA,NA,NA,NA,NA,0.09541984732824427,NA,NA,0,NA,0.09541984732824427,NA,NA,NA,1.717557251908397,63.167938931297705,18.416030534351144,NA,0,NA,NA,0,NA,NA,NA,NA,NA,NA,NA,NA,NA,NA,NA,0.2862595419847328
27024,2024,27,Lugo,24,O Incio,1387,1043,344,10,5,1028,1033,75.19826964671954,NA,NA,NA,NA,249,NA,NA,NA,NA,NA,1387,NA,NA,NA,NA,NA,NA,NA,0,0,NA,NA,NA,NA,NA,NA,NA,NA,NA,NA,NA,NA,NA,NA,0,NA,NA,NA,NA,1,NA,586,176,NA,1,NA,NA,NA,NA,NA,NA,4,NA,NA,NA,NA,NA,NA,NA,11,NA,NA,NA,NA,24.10454985479187,NA,NA,NA,NA,NA,134.26911907066795,NA,NA,NA,NA,NA,NA,NA,0,0,NA,NA,NA,NA,NA,NA,NA,NA,NA,NA,NA,NA,NA,NA,0,NA,NA,NA,NA,0.0968054211035818,NA,56.72797676669894,17.037754114230395,NA,0.0968054211035818,NA,NA,NA,NA,NA,NA,0.3872216844143272,NA,NA,NA,NA,NA,NA,NA,1.0648596321393997
27025,2001,27,Lugo,25,Xove,3101,2529,572,14,23,2492,2515,81.554337310545,NA,NA,NA,6,456,NA,NA,NA,NA,NA,NA,NA,NA,NA,NA,NA,NA,3,NA,NA,7,NA,NA,12,NA,4,NA,NA,NA,NA,NA,NA,NA,NA,NA,NA,NA,1,NA,NA,NA,1613,390,NA,NA,NA,NA,NA,NA,NA,0,NA,NA,NA,NA,NA,NA,NA,NA,NA,NA,NA,NA,0.2385685884691849,18.131212723658052,NA,NA,NA,NA,NA,NA,NA,NA,NA,NA,NA,NA,0.11928429423459246,NA,NA,0.2783300198807157,NA,NA,0.4771371769383698,NA,0.15904572564612326,NA,NA,NA,NA,NA,NA,NA,NA,NA,NA,NA,0.039761431411530816,NA,NA,NA,64.13518886679921,15.50695825049702,NA,NA,NA,NA,NA,NA,NA,0,NA,NA,NA,NA,NA,NA,NA,NA,NA
27025,2005,27,Lugo,25,Xove,3171,2442,729,28,28,2386,2414,77.01040681173131,NA,NA,NA,3,476,NA,NA,NA,NA,3,NA,NA,NA,NA,NA,NA,NA,NA,NA,NA,NA,NA,NA,7,1,2,NA,NA,NA,NA,NA,NA,0,NA,NA,NA,NA,2,NA,NA,NA,1283,609,NA,NA,NA,NA,NA,NA,NA,NA,NA,NA,NA,NA,NA,NA,NA,NA,NA,NA,NA,NA,0.12427506213753108,19.718309859154928,NA,NA,NA,NA,0.12427506213753108,NA,NA,NA,NA,NA,NA,NA,NA,NA,NA,NA,NA,NA,0.2899751449875725,0.041425020712510356,0.08285004142502071,NA,NA,NA,NA,NA,NA,0,NA,NA,NA,NA,0.08285004142502071,NA,NA,NA,53.14830157415079,25.22783761391881,NA,NA,NA,NA,NA,NA,NA,NA,NA,NA,NA,NA,NA,NA,NA,NA,NA
27025,2009,27,Lugo,25,Xove,3074,2408,666,27,36,2345,2381,78.33441769681198,NA,NA,NA,NA,385,NA,NA,NA,NA,NA,NA,NA,NA,NA,NA,NA,NA,NA,NA,NA,NA,NA,NA,14,2,2,NA,1,NA,NA,2,NA,2,NA,NA,NA,NA,3,NA,NA,NA,1454,445,NA,7,NA,NA,NA,NA,NA,NA,NA,5,NA,NA,NA,NA,23,NA,NA,NA,NA,NA,NA,16.16967660646787,NA,NA,NA,NA,NA,NA,NA,NA,NA,NA,NA,NA,NA,NA,NA,NA,NA,NA,0.5879882402351954,0.08399832003359933,0.08399832003359933,NA,0.041999160016799666,NA,NA,0.08399832003359933,NA,0.08399832003359933,NA,NA,NA,NA,0.125997480050399,NA,NA,NA,61.066778664426714,18.68962620747585,NA,0.2939941201175977,NA,NA,NA,NA,NA,NA,NA,0.20999580008399832,NA,NA,NA,NA,0.9659806803863923,NA,NA
27025,2012,27,Lugo,25,Xove,2958,2198,760,90,46,2062,2108,74.30696416497634,0,181,NA,NA,293,NA,0,NA,0,NA,NA,NA,NA,35,0,NA,0,NA,18,NA,NA,NA,NA,NA,2,NA,NA,NA,12,NA,NA,NA,NA,NA,5,NA,0,0,0,NA,NA,1206,284,5,2,3,NA,NA,0,4,0,NA,NA,1,NA,NA,0,11,NA,NA,0,8.586337760910816,NA,NA,13.899430740037952,NA,0,NA,0,NA,NA,NA,NA,1.6603415559772294,0,NA,0,NA,0.8538899430740038,NA,NA,NA,NA,NA,0.09487666034155598,NA,NA,NA,0.5692599620493358,NA,NA,NA,NA,NA,0.23719165085388993,NA,0,0,0,NA,NA,57.210626185958255,13.472485768500949,0.23719165085388993,0.09487666034155598,0.14231499051233396,NA,NA,0,0.18975332068311196,0,NA,NA,0.04743833017077799,NA,NA,0,0.5218216318785579,NA,NA
27025,2016,27,Lugo,25,Xove,2829,2004,825,34,12,1958,1970,70.83775185577943,0,NA,0,NA,NA,207,1,0,NA,NA,NA,NA,57,4,NA,NA,0,NA,0,NA,NA,331,NA,NA,NA,NA,3,NA,NA,NA,NA,NA,NA,0,13,2,0,NA,NA,NA,NA,1099,239,NA,NA,NA,2,NA,NA,NA,NA,NA,NA,NA,NA,0,NA,NA,0,NA,0,NA,0,NA,NA,10.50761421319797,0.050761421319796954,0,NA,NA,NA,NA,2.8934010152284264,0.20304568527918782,NA,NA,0,NA,0,NA,NA,16.802030456852794,NA,NA,NA,NA,0.15228426395939085,NA,NA,NA,NA,NA,NA,0,0.6598984771573604,0.10152284263959391,0,NA,NA,NA,NA,55.78680203045685,12.131979695431472,NA,NA,NA,0.10152284263959391,NA,NA,NA,NA,NA,NA,NA,NA,0,NA,NA,0,NA
27025,2020,27,Lugo,25,Xove,2721,1834,887,54,14,1766,1780,67.40169055494304,NA,NA,NA,NA,596,NA,0,NA,NA,NA,2721,NA,7,NA,NA,NA,NA,NA,NA,NA,NA,NA,0,NA,NA,NA,NA,NA,NA,NA,NA,5,NA,NA,10,NA,0,NA,NA,NA,35,907,176,NA,2,NA,NA,0,NA,NA,NA,NA,NA,NA,NA,NA,NA,NA,NA,28,NA,NA,NA,NA,33.48314606741573,NA,0,NA,NA,NA,152.86516853932582,NA,0.39325842696629215,NA,NA,NA,NA,NA,NA,NA,NA,NA,0,NA,NA,NA,NA,NA,NA,NA,NA,0.2808988764044944,NA,NA,0.5617977528089888,NA,0,NA,NA,NA,1.9662921348314606,50.95505617977528,9.887640449438202,NA,0.11235955056179776,NA,NA,0,NA,NA,NA,NA,NA,NA,NA,NA,NA,NA,NA,1.5730337078651686
27025,2024,27,Lugo,25,Xove,2648,1941,707,26,12,1903,1915,73.30060422960725,NA,NA,NA,NA,614,NA,NA,NA,NA,NA,2648,NA,NA,NA,NA,NA,NA,NA,4,0,NA,NA,NA,NA,NA,NA,NA,NA,NA,NA,NA,NA,NA,NA,7,NA,NA,NA,NA,4,NA,1032,202,NA,1,NA,NA,NA,NA,NA,NA,11,NA,NA,NA,NA,NA,NA,NA,28,NA,NA,NA,NA,32.06266318537859,NA,NA,NA,NA,NA,138.27676240208876,NA,NA,NA,NA,NA,NA,NA,0.20887728459530025,0,NA,NA,NA,NA,NA,NA,NA,NA,NA,NA,NA,NA,NA,NA,0.36553524804177545,NA,NA,NA,NA,0.20887728459530025,NA,53.89033942558746,10.548302872062663,NA,0.05221932114882506,NA,NA,NA,NA,NA,NA,0.5744125326370757,NA,NA,NA,NA,NA,NA,NA,1.4621409921671018
27026,2001,27,Lugo,26,Láncara,2848,1807,1041,12,14,1781,1795,63.44803370786517,NA,NA,NA,1,466,NA,NA,NA,NA,NA,NA,NA,NA,NA,NA,NA,NA,0,NA,NA,2,NA,NA,2,NA,1,NA,NA,NA,NA,NA,NA,NA,NA,NA,NA,NA,0,NA,NA,NA,950,359,NA,NA,NA,NA,NA,NA,NA,0,NA,NA,NA,NA,NA,NA,NA,NA,NA,NA,NA,NA,0.05571030640668524,25.96100278551532,NA,NA,NA,NA,NA,NA,NA,NA,NA,NA,NA,NA,0,NA,NA,0.11142061281337048,NA,NA,0.11142061281337048,NA,0.05571030640668524,NA,NA,NA,NA,NA,NA,NA,NA,NA,NA,NA,0,NA,NA,NA,52.92479108635098,20,NA,NA,NA,NA,NA,NA,NA,0,NA,NA,NA,NA,NA,NA,NA,NA,NA
27026,2005,27,Lugo,26,Láncara,2747,1982,765,6,18,1958,1976,72.15143793228978,NA,NA,NA,1,270,NA,NA,NA,NA,1,NA,NA,NA,NA,NA,NA,NA,NA,NA,NA,NA,NA,NA,0,1,1,NA,NA,NA,NA,NA,NA,1,NA,NA,NA,NA,0,NA,NA,NA,1006,677,NA,NA,NA,NA,NA,NA,NA,NA,NA,NA,NA,NA,NA,NA,NA,NA,NA,NA,NA,NA,0.05060728744939271,13.663967611336034,NA,NA,NA,NA,0.05060728744939271,NA,NA,NA,NA,NA,NA,NA,NA,NA,NA,NA,NA,NA,0,0.05060728744939271,0.05060728744939271,NA,NA,NA,NA,NA,NA,0.05060728744939271,NA,NA,NA,NA,0,NA,NA,NA,50.91093117408907,34.26113360323887,NA,NA,NA,NA,NA,NA,NA,NA,NA,NA,NA,NA,NA,NA,NA,NA,NA
27026,2009,27,Lugo,26,Láncara,2682,2012,670,23,20,1969,1989,75.0186428038777,NA,NA,NA,NA,263,NA,NA,NA,NA,NA,NA,NA,NA,NA,NA,NA,NA,NA,NA,NA,NA,NA,NA,6,1,0,NA,2,NA,NA,0,NA,2,NA,NA,NA,NA,0,NA,NA,NA,752,757,NA,3,NA,NA,NA,NA,NA,NA,NA,183,NA,NA,NA,NA,0,NA,NA,NA,NA,NA,NA,13.22272498743087,NA,NA,NA,NA,NA,NA,NA,NA,NA,NA,NA,NA,NA,NA,NA,NA,NA,NA,0.301659125188537,0.050276520864756154,0,NA,0.10055304172951231,NA,NA,0,NA,0.10055304172951231,NA,NA,NA,NA,0,NA,NA,NA,37.80794369029663,38.05932629462041,NA,0.1508295625942685,NA,NA,NA,NA,NA,NA,NA,9.200603318250378,NA,NA,NA,NA,0,NA,NA
27026,2012,27,Lugo,26,Láncara,2567,1638,929,44,32,1562,1594,63.809894818854694,0,143,NA,NA,122,NA,0,NA,58,NA,NA,NA,NA,3,0,NA,0,NA,0,NA,NA,NA,NA,NA,1,NA,NA,NA,2,NA,NA,NA,NA,NA,0,NA,0,0,0,NA,NA,823,389,3,1,0,NA,NA,0,7,0,NA,NA,2,NA,NA,0,8,NA,NA,0,8.971141781681306,NA,NA,7.65370138017566,NA,0,NA,3.638644918444166,NA,NA,NA,NA,0.18820577164366373,0,NA,0,NA,0,NA,NA,NA,NA,NA,0.06273525721455457,NA,NA,NA,0.12547051442910914,NA,NA,NA,NA,NA,0,NA,0,0,0,NA,NA,51.63111668757841,24.40401505646173,0.18820577164366373,0.06273525721455457,0,NA,NA,0,0.43914680050188204,0,NA,NA,0.12547051442910914,NA,NA,0,0.5018820577164366,NA,NA
27026,2016,27,Lugo,26,Láncara,2399,1512,887,19,4,1489,1493,63.02626094205919,0,NA,0,NA,NA,132,0,0,NA,NA,NA,NA,25,13,NA,NA,0,NA,0,NA,NA,150,NA,NA,NA,NA,5,NA,NA,NA,NA,NA,NA,0,7,0,0,NA,NA,NA,NA,802,352,NA,NA,NA,3,NA,NA,NA,NA,NA,NA,NA,NA,0,NA,NA,0,NA,0,NA,0,NA,NA,8.84125920964501,0,0,NA,NA,NA,NA,1.6744809109176158,0.8707300736771602,NA,NA,0,NA,0,NA,NA,10.046885465505694,NA,NA,NA,NA,0.33489618218352313,NA,NA,NA,NA,NA,NA,0,0.46885465505693236,0,0,NA,NA,NA,NA,53.717347622237114,23.576691225720026,NA,NA,NA,0.20093770931011384,NA,NA,NA,NA,NA,NA,NA,NA,0,NA,NA,0,NA
27026,2020,27,Lugo,26,Láncara,2273,1326,947,6,5,1315,1320,58.336999560052796,NA,NA,NA,NA,250,NA,0,NA,NA,NA,2273,NA,0,NA,NA,NA,NA,NA,NA,NA,NA,NA,0,NA,NA,NA,NA,NA,NA,NA,NA,1,NA,NA,3,NA,1,NA,NA,NA,25,762,253,NA,0,NA,NA,0,NA,NA,NA,NA,NA,NA,NA,NA,NA,NA,NA,20,NA,NA,NA,NA,18.939393939393938,NA,0,NA,NA,NA,172.1969696969697,NA,0,NA,NA,NA,NA,NA,NA,NA,NA,NA,0,NA,NA,NA,NA,NA,NA,NA,NA,0.07575757575757576,NA,NA,0.22727272727272727,NA,0.07575757575757576,NA,NA,NA,1.893939393939394,57.72727272727273,19.166666666666668,NA,0,NA,NA,0,NA,NA,NA,NA,NA,NA,NA,NA,NA,NA,NA,1.5151515151515151
27026,2024,27,Lugo,26,Láncara,2140,1482,658,16,8,1458,1466,69.25233644859813,NA,NA,NA,NA,313,NA,NA,NA,NA,NA,2140,NA,NA,NA,NA,NA,NA,NA,1,1,NA,NA,NA,NA,NA,NA,NA,NA,NA,NA,NA,NA,NA,NA,1,NA,NA,NA,NA,3,NA,834,275,NA,0,NA,NA,NA,NA,NA,NA,3,NA,NA,NA,NA,NA,NA,NA,27,NA,NA,NA,NA,21.350613915416098,NA,NA,NA,NA,NA,145.97544338335607,NA,NA,NA,NA,NA,NA,NA,0.06821282401091405,0.06821282401091405,NA,NA,NA,NA,NA,NA,NA,NA,NA,NA,NA,NA,NA,NA,0.06821282401091405,NA,NA,NA,NA,0.20463847203274216,NA,56.889495225102316,18.758526603001364,NA,0,NA,NA,NA,NA,NA,NA,0.20463847203274216,NA,NA,NA,NA,NA,NA,NA,1.8417462482946794
27027,2001,27,Lugo,27,Lourenzá,2460,1846,614,16,17,1813,1830,75.04065040650406,NA,NA,NA,1,424,NA,NA,NA,NA,NA,NA,NA,NA,NA,NA,NA,NA,3,NA,NA,2,NA,NA,1,NA,14,NA,NA,NA,NA,NA,NA,NA,NA,NA,NA,NA,5,NA,NA,NA,980,383,NA,NA,NA,NA,NA,NA,NA,0,NA,NA,NA,NA,NA,NA,NA,NA,NA,NA,NA,NA,0.0546448087431694,23.169398907103826,NA,NA,NA,NA,NA,NA,NA,NA,NA,NA,NA,NA,0.16393442622950818,NA,NA,0.1092896174863388,NA,NA,0.0546448087431694,NA,0.7650273224043715,NA,NA,NA,NA,NA,NA,NA,NA,NA,NA,NA,0.273224043715847,NA,NA,NA,53.551912568306015,20.928961748633878,NA,NA,NA,NA,NA,NA,NA,0,NA,NA,NA,NA,NA,NA,NA,NA,NA
27027,2005,27,Lugo,27,Lourenzá,2378,1879,499,20,19,1840,1859,79.01597981497056,NA,NA,NA,3,297,NA,NA,NA,NA,2,NA,NA,NA,NA,NA,NA,NA,NA,NA,NA,NA,NA,NA,2,0,8,NA,NA,NA,NA,NA,NA,2,NA,NA,NA,NA,1,NA,NA,NA,980,545,NA,NA,NA,NA,NA,NA,NA,NA,NA,NA,NA,NA,NA,NA,NA,NA,NA,NA,NA,NA,0.16137708445400753,15.976331360946746,NA,NA,NA,NA,0.10758472296933834,NA,NA,NA,NA,NA,NA,NA,NA,NA,NA,NA,NA,NA,0.10758472296933834,0,0.43033889187735336,NA,NA,NA,NA,NA,NA,0.10758472296933834,NA,NA,NA,NA,0.05379236148466917,NA,NA,NA,52.71651425497579,29.316837009144702,NA,NA,NA,NA,NA,NA,NA,NA,NA,NA,NA,NA,NA,NA,NA,NA,NA
27027,2009,27,Lugo,27,Lourenzá,2200,1739,461,17,17,1705,1722,79.04545454545455,NA,NA,NA,NA,266,NA,NA,NA,NA,NA,NA,NA,NA,NA,NA,NA,NA,NA,NA,NA,NA,NA,NA,2,1,7,NA,2,NA,NA,1,NA,3,NA,NA,NA,NA,0,NA,NA,NA,858,548,NA,3,NA,NA,NA,NA,NA,NA,NA,3,NA,NA,NA,NA,11,NA,NA,NA,NA,NA,NA,15.447154471544716,NA,NA,NA,NA,NA,NA,NA,NA,NA,NA,NA,NA,NA,NA,NA,NA,NA,NA,0.11614401858304298,0.05807200929152149,0.40650406504065045,NA,0.11614401858304298,NA,NA,0.05807200929152149,NA,0.17421602787456447,NA,NA,NA,NA,0,NA,NA,NA,49.825783972125436,31.823461091753774,NA,0.17421602787456447,NA,NA,NA,NA,NA,NA,NA,0.17421602787456447,NA,NA,NA,NA,0.6387921022067364,NA,NA
27027,2012,27,Lugo,27,Lourenzá,2075,1551,524,79,34,1438,1472,74.74698795180723,0,153,NA,NA,140,NA,0,NA,0,NA,NA,NA,NA,19,0,NA,0,NA,8,NA,NA,NA,NA,NA,2,NA,NA,NA,3,NA,NA,NA,NA,NA,7,NA,0,0,0,NA,NA,743,338,5,3,1,NA,NA,0,1,0,NA,NA,0,NA,NA,0,15,NA,NA,0,10.394021739130435,NA,NA,9.510869565217392,NA,0,NA,0,NA,NA,NA,NA,1.2907608695652173,0,NA,0,NA,0.5434782608695652,NA,NA,NA,NA,NA,0.1358695652173913,NA,NA,NA,0.20380434782608695,NA,NA,NA,NA,NA,0.4755434782608696,NA,0,0,0,NA,NA,50.47554347826087,22.96195652173913,0.33967391304347827,0.20380434782608695,0.06793478260869565,NA,NA,0,0.06793478260869565,0,NA,NA,0,NA,NA,0,1.0190217391304348,NA,NA
27027,2016,27,Lugo,27,Lourenzá,1918,1317,601,27,15,1275,1290,68.66527632950991,0,NA,0,NA,NA,135,0,0,NA,NA,NA,NA,22,3,NA,NA,0,NA,0,NA,NA,172,NA,NA,NA,NA,3,NA,NA,NA,NA,NA,NA,0,10,1,0,NA,NA,NA,NA,654,275,NA,NA,NA,0,NA,NA,NA,NA,NA,NA,NA,NA,0,NA,NA,0,NA,0,NA,0,NA,NA,10.465116279069768,0,0,NA,NA,NA,NA,1.7054263565891472,0.23255813953488372,NA,NA,0,NA,0,NA,NA,13.333333333333334,NA,NA,NA,NA,0.23255813953488372,NA,NA,NA,NA,NA,NA,0,0.7751937984496124,0.07751937984496124,0,NA,NA,NA,NA,50.697674418604656,21.31782945736434,NA,NA,NA,0,NA,NA,NA,NA,NA,NA,NA,NA,0,NA,NA,0,NA
27027,2020,27,Lugo,27,Lourenzá,1778,1071,707,17,15,1039,1054,60.23622047244095,NA,NA,NA,NA,252,NA,0,NA,NA,NA,1778,NA,2,NA,NA,NA,NA,NA,NA,NA,NA,NA,0,NA,NA,NA,NA,NA,NA,NA,NA,5,NA,NA,1,NA,0,NA,NA,NA,18,551,198,NA,0,NA,NA,0,NA,NA,NA,NA,NA,NA,NA,NA,NA,NA,NA,12,NA,NA,NA,NA,23.908918406072104,NA,0,NA,NA,NA,168.69070208728652,NA,0.18975332068311196,NA,NA,NA,NA,NA,NA,NA,NA,NA,0,NA,NA,NA,NA,NA,NA,NA,NA,0.47438330170777987,NA,NA,0.09487666034155598,NA,0,NA,NA,NA,1.7077798861480076,52.27703984819735,18.785578747628083,NA,0,NA,NA,0,NA,NA,NA,NA,NA,NA,NA,NA,NA,NA,NA,1.1385199240986716
27027,2024,27,Lugo,27,Lourenzá,1710,1306,404,18,11,1277,1288,76.37426900584795,NA,NA,NA,NA,313,NA,NA,NA,NA,NA,1710,NA,NA,NA,NA,NA,NA,NA,2,2,NA,NA,NA,NA,NA,NA,NA,NA,NA,NA,NA,NA,NA,NA,2,NA,NA,NA,NA,0,NA,631,302,NA,3,NA,NA,NA,NA,NA,NA,5,NA,NA,NA,NA,NA,NA,NA,17,NA,NA,NA,NA,24.301242236024844,NA,NA,NA,NA,NA,132.76397515527952,NA,NA,NA,NA,NA,NA,NA,0.15527950310559005,0.15527950310559005,NA,NA,NA,NA,NA,NA,NA,NA,NA,NA,NA,NA,NA,NA,0.15527950310559005,NA,NA,NA,NA,0,NA,48.99068322981366,23.4472049689441,NA,0.2329192546583851,NA,NA,NA,NA,NA,NA,0.38819875776397517,NA,NA,NA,NA,NA,NA,NA,1.3198757763975155
27028,2001,27,Lugo,28,Lugo,73353,48288,25065,345,1042,46901,47943,65.8296184205145,NA,NA,NA,97,9720,NA,NA,NA,NA,NA,NA,NA,NA,NA,NA,NA,NA,196,NA,NA,170,NA,NA,573,NA,76,NA,NA,NA,NA,NA,NA,NA,NA,NA,NA,NA,119,NA,NA,NA,23398,12552,NA,NA,NA,NA,NA,NA,NA,0,NA,NA,NA,NA,NA,NA,NA,NA,NA,NA,NA,NA,0.2023235925995453,20.27407546461423,NA,NA,NA,NA,NA,NA,NA,NA,NA,NA,NA,NA,0.40881880566506057,NA,NA,0.3545877396074505,NA,NA,1.1951692635004068,NA,0.15852157770686023,NA,NA,NA,NA,NA,NA,NA,NA,NA,NA,NA,0.24821141772521535,NA,NA,NA,48.8037878313831,26.18109004442776,NA,NA,NA,NA,NA,NA,NA,0,NA,NA,NA,NA,NA,NA,NA,NA,NA
27028,2005,27,Lugo,28,Lugo,75841,52880,22961,219,784,51877,52661,69.72481902928496,NA,NA,NA,124,8444,NA,NA,NA,NA,67,NA,NA,NA,NA,NA,NA,NA,NA,NA,NA,NA,NA,NA,326,35,75,NA,NA,NA,NA,NA,NA,55,NA,NA,NA,NA,48,NA,NA,NA,21919,20784,NA,NA,NA,NA,NA,NA,NA,NA,NA,NA,NA,NA,NA,NA,NA,NA,NA,NA,NA,NA,0.23546837317939273,16.03463663811929,NA,NA,NA,NA,0.12722887905660737,NA,NA,NA,NA,NA,NA,NA,NA,NA,NA,NA,NA,NA,0.619053948842597,0.06646284726837698,0.14242038700366494,NA,NA,NA,NA,NA,NA,0.10444161713602097,NA,NA,NA,NA,0.09114904768234557,NA,NA,NA,41.62283283644443,39.46753764645563,NA,NA,NA,NA,NA,NA,NA,NA,NA,NA,NA,NA,NA,NA,NA,NA,NA
27028,2009,27,Lugo,28,Lugo,77721,54939,22782,453,1335,53151,54486,70.68745898791833,NA,NA,NA,NA,8038,NA,NA,NA,NA,NA,NA,NA,NA,NA,NA,NA,NA,NA,NA,NA,NA,NA,NA,668,47,62,NA,41,NA,NA,28,NA,23,NA,NA,NA,NA,45,NA,NA,NA,24047,18297,NA,145,NA,NA,NA,NA,NA,NA,NA,364,NA,NA,NA,NA,1346,NA,NA,NA,NA,NA,NA,14.752413464009104,NA,NA,NA,NA,NA,NA,NA,NA,NA,NA,NA,NA,NA,NA,NA,NA,NA,NA,1.2260030099475094,0.08626069081966009,0.11379069852806224,NA,0.07524868773629922,NA,NA,0.0513893477223507,NA,0.04221267848621664,NA,NA,NA,NA,0.08259002312520648,NA,NA,NA,44.134273024263116,33.58110340270895,NA,0.26612340784788757,NA,NA,NA,NA,NA,NA,NA,0.668061520390559,NA,NA,NA,NA,2.470359358367287,NA,NA
27028,2012,27,Lugo,28,Lugo,79198,49742,29456,1537,1706,46499,48205,62.807141594484705,0,7336,NA,NA,3745,NA,27,NA,54,NA,NA,NA,NA,348,0,NA,0,NA,560,NA,NA,NA,NA,NA,58,NA,NA,NA,394,NA,NA,NA,NA,NA,295,NA,0,0,0,NA,NA,21570,10791,139,82,24,NA,NA,0,266,0,NA,NA,46,NA,NA,0,764,NA,NA,0,15.218338346644538,NA,NA,7.768903640701172,NA,0.05601078726273208,NA,0.11202157452546416,NA,NA,NA,NA,0.7219168136085469,0,NA,0,NA,1.1617052173011098,NA,NA,NA,NA,NA,0.1203194689347578,NA,NA,NA,0.8173425993154237,NA,NA,NA,NA,NA,0.611969712685406,NA,0,0,0,NA,NA,44.74639560211596,22.385644642671924,0.28835183072295406,0.17010683539051966,0.04978736645576185,NA,NA,0,0.5518099782180271,0,NA,NA,0.09542578570687689,NA,NA,0,1.5848978321750855,NA,NA
27028,2016,27,Lugo,28,Lugo,79101,49619,29482,519,568,48532,49100,62.72866335444558,0,NA,0,NA,NA,3159,26,0,NA,NA,NA,NA,2025,84,NA,NA,0,NA,0,NA,NA,10159,NA,NA,NA,NA,94,NA,NA,NA,NA,NA,NA,0,580,226,0,NA,NA,NA,NA,22961,9072,NA,NA,NA,146,NA,NA,NA,NA,NA,NA,NA,NA,0,NA,NA,0,NA,0,NA,0,NA,NA,6.433808553971487,0.05295315682281059,0,NA,NA,NA,NA,4.124236252545825,0.1710794297352342,NA,NA,0,NA,0,NA,NA,20.690427698574336,NA,NA,NA,NA,0.1914460285132383,NA,NA,NA,NA,NA,NA,0,1.1812627291242364,0.4602851323828921,0,NA,NA,NA,NA,46.76374745417515,18.476578411405296,NA,NA,NA,0.2973523421588595,NA,NA,NA,NA,NA,NA,NA,NA,0,NA,NA,0,NA
27028,2020,27,Lugo,28,Lugo,78515,44946,33569,503,476,43967,44443,57.245112398904666,NA,NA,NA,NA,10403,NA,20,NA,NA,NA,78508,NA,272,NA,NA,NA,NA,NA,NA,NA,NA,NA,32,NA,NA,NA,NA,NA,NA,NA,NA,113,NA,NA,203,NA,29,NA,NA,NA,1334,22657,7785,NA,25,NA,NA,32,NA,NA,NA,NA,NA,NA,NA,NA,NA,NA,NA,1062,NA,NA,NA,NA,23.407510744099184,NA,0.045001462547532796,NA,NA,NA,176.64874108408523,NA,0.612019890646446,NA,NA,NA,NA,NA,NA,NA,NA,NA,0.07200234007605247,NA,NA,NA,NA,NA,NA,NA,NA,0.2542582633935603,NA,NA,0.4567648448574579,NA,0.06525212069392256,NA,NA,NA,3.0015975519204376,50.979906846972526,17.51681929662714,NA,0.05625182818441599,NA,NA,0.07200234007605247,NA,NA,NA,NA,NA,NA,NA,NA,NA,NA,NA,2.3895776612739916
27028,2024,27,Lugo,28,Lugo,77606,53331,24275,515,506,52310,52816,68.72020204623354,NA,NA,NA,NA,14024,NA,NA,NA,NA,NA,77606,NA,NA,NA,NA,NA,NA,NA,373,58,NA,NA,NA,NA,NA,NA,NA,NA,NA,NA,NA,NA,NA,NA,186,NA,NA,NA,NA,126,NA,26531,9563,NA,45,NA,NA,NA,NA,NA,NA,422,NA,NA,NA,NA,NA,NA,NA,982,NA,NA,NA,NA,26.55255983035444,NA,NA,NA,NA,NA,146.93653438352015,NA,NA,NA,NA,NA,NA,NA,0.7062253862465919,0.1098152075128749,NA,NA,NA,NA,NA,NA,NA,NA,NA,NA,NA,NA,NA,NA,0.3521660102999091,NA,NA,NA,NA,0.23856407149348682,NA,50.23288397455317,18.106255680096943,NA,0.08520145410481672,NA,NA,NA,NA,NA,NA,0.7990003029385035,NA,NA,NA,NA,NA,NA,NA,1.8592850651317783
27029,2001,27,Lugo,29,Meira,1577,1198,379,21,11,1166,1177,75.96702599873177,NA,NA,NA,0,206,NA,NA,NA,NA,NA,NA,NA,NA,NA,NA,NA,NA,3,NA,NA,2,NA,NA,0,NA,0,NA,NA,NA,NA,NA,NA,NA,NA,NA,NA,NA,6,NA,NA,NA,752,197,NA,NA,NA,NA,NA,NA,NA,0,NA,NA,NA,NA,NA,NA,NA,NA,NA,NA,NA,NA,0,17.50212404418012,NA,NA,NA,NA,NA,NA,NA,NA,NA,NA,NA,NA,0.2548853016142736,NA,NA,0.16992353440951571,NA,NA,0,NA,0,NA,NA,NA,NA,NA,NA,NA,NA,NA,NA,NA,0.5097706032285472,NA,NA,NA,63.891248937977906,16.737468139337295,NA,NA,NA,NA,NA,NA,NA,0,NA,NA,NA,NA,NA,NA,NA,NA,NA
27029,2005,27,Lugo,29,Meira,1555,1277,278,20,15,1242,1257,82.12218649517685,NA,NA,NA,1,203,NA,NA,NA,NA,3,NA,NA,NA,NA,NA,NA,NA,NA,NA,NA,NA,NA,NA,7,0,0,NA,NA,NA,NA,NA,NA,1,NA,NA,NA,NA,0,NA,NA,NA,651,376,NA,NA,NA,NA,NA,NA,NA,NA,NA,NA,NA,NA,NA,NA,NA,NA,NA,NA,NA,NA,0.07955449482895784,16.14956245027844,NA,NA,NA,NA,0.23866348448687352,NA,NA,NA,NA,NA,NA,NA,NA,NA,NA,NA,NA,NA,0.5568814638027049,0,0,NA,NA,NA,NA,NA,NA,0.07955449482895784,NA,NA,NA,NA,0,NA,NA,NA,51.78997613365155,29.912490055688146,NA,NA,NA,NA,NA,NA,NA,NA,NA,NA,NA,NA,NA,NA,NA,NA,NA
27029,2009,27,Lugo,29,Meira,1546,1172,374,19,15,1138,1153,75.80853816300129,NA,NA,NA,NA,186,NA,NA,NA,NA,NA,NA,NA,NA,NA,NA,NA,NA,NA,NA,NA,NA,NA,NA,6,2,3,NA,1,NA,NA,1,NA,0,NA,NA,NA,NA,0,NA,NA,NA,620,297,NA,3,NA,NA,NA,NA,NA,NA,NA,12,NA,NA,NA,NA,7,NA,NA,NA,NA,NA,NA,16.131830008673028,NA,NA,NA,NA,NA,NA,NA,NA,NA,NA,NA,NA,NA,NA,NA,NA,NA,NA,0.5203816131830009,0.17346053772766695,0.26019080659150046,NA,0.08673026886383348,NA,NA,0.08673026886383348,NA,0,NA,NA,NA,NA,0,NA,NA,NA,53.772766695576756,25.758889852558543,NA,0.26019080659150046,NA,NA,NA,NA,NA,NA,NA,1.0407632263660018,NA,NA,NA,NA,0.6071118820468344,NA,NA
27029,2012,27,Lugo,29,Meira,1506,1157,349,41,30,1086,1116,76.82602921646746,0,98,NA,NA,72,NA,0,NA,0,NA,NA,NA,NA,3,0,NA,0,NA,8,NA,NA,NA,NA,NA,2,NA,NA,NA,2,NA,NA,NA,NA,NA,3,NA,0,0,0,NA,NA,590,301,1,1,0,NA,NA,0,2,0,NA,NA,1,NA,NA,0,2,NA,NA,0,8.781362007168457,NA,NA,6.451612903225806,NA,0,NA,0,NA,NA,NA,NA,0.2688172043010753,0,NA,0,NA,0.7168458781362007,NA,NA,NA,NA,NA,0.17921146953405018,NA,NA,NA,0.17921146953405018,NA,NA,NA,NA,NA,0.2688172043010753,NA,0,0,0,NA,NA,52.867383512544805,26.971326164874554,0.08960573476702509,0.08960573476702509,0,NA,NA,0,0.17921146953405018,0,NA,NA,0.08960573476702509,NA,NA,0,0.17921146953405018,NA,NA
27029,2016,27,Lugo,29,Meira,1456,1030,426,26,5,999,1004,70.74175824175825,0,NA,0,NA,NA,53,0,0,NA,NA,NA,NA,24,5,NA,NA,0,NA,0,NA,NA,120,NA,NA,NA,NA,0,NA,NA,NA,NA,NA,NA,0,3,3,0,NA,NA,NA,NA,515,275,NA,NA,NA,1,NA,NA,NA,NA,NA,NA,NA,NA,0,NA,NA,0,NA,0,NA,0,NA,NA,5.278884462151394,0,0,NA,NA,NA,NA,2.3904382470119523,0.49800796812749004,NA,NA,0,NA,0,NA,NA,11.952191235059761,NA,NA,NA,NA,0,NA,NA,NA,NA,NA,NA,0,0.29880478087649404,0.29880478087649404,0,NA,NA,NA,NA,51.29482071713147,27.39043824701195,NA,NA,NA,0.099601593625498,NA,NA,NA,NA,NA,NA,NA,NA,0,NA,NA,0,NA
27029,2020,27,Lugo,29,Meira,1420,948,472,9,13,926,939,66.7605633802817,NA,NA,NA,NA,154,NA,1,NA,NA,NA,1420,NA,2,NA,NA,NA,NA,NA,NA,NA,NA,NA,1,NA,NA,NA,NA,NA,NA,NA,NA,3,NA,NA,0,NA,0,NA,NA,NA,15,489,240,NA,1,NA,NA,0,NA,NA,NA,NA,NA,NA,NA,NA,NA,NA,NA,20,NA,NA,NA,NA,16.40042598509052,NA,0.10649627263045794,NA,NA,NA,151.22470713525027,NA,0.21299254526091588,NA,NA,NA,NA,NA,NA,NA,NA,NA,0.10649627263045794,NA,NA,NA,NA,NA,NA,NA,NA,0.3194888178913738,NA,NA,0,NA,0,NA,NA,NA,1.5974440894568689,52.07667731629393,25.559105431309902,NA,0.10649627263045794,NA,NA,0,NA,NA,NA,NA,NA,NA,NA,NA,NA,NA,NA,2.1299254526091587
27029,2024,27,Lugo,29,Meira,1381,1048,333,11,17,1020,1037,75.88703837798697,NA,NA,NA,NA,167,NA,NA,NA,NA,NA,1381,NA,NA,NA,NA,NA,NA,NA,1,10,NA,NA,NA,NA,NA,NA,NA,NA,NA,NA,NA,NA,NA,NA,2,NA,NA,NA,NA,2,NA,581,237,NA,1,NA,NA,NA,NA,NA,NA,2,NA,NA,NA,NA,NA,NA,NA,17,NA,NA,NA,NA,16.104146576663453,NA,NA,NA,NA,NA,133.17261330761815,NA,NA,NA,NA,NA,NA,NA,0.09643201542912247,0.9643201542912248,NA,NA,NA,NA,NA,NA,NA,NA,NA,NA,NA,NA,NA,NA,0.19286403085824494,NA,NA,NA,NA,0.19286403085824494,NA,56.02700096432015,22.854387656702023,NA,0.09643201542912247,NA,NA,NA,NA,NA,NA,0.19286403085824494,NA,NA,NA,NA,NA,NA,NA,1.639344262295082
27030,2001,27,Lugo,30,Mondoñedo,4465,2949,1516,23,30,2896,2926,66.04703247480404,NA,NA,NA,6,549,NA,NA,NA,NA,NA,NA,NA,NA,NA,NA,NA,NA,6,NA,NA,7,NA,NA,5,NA,5,NA,NA,NA,NA,NA,NA,NA,NA,NA,NA,NA,3,NA,NA,NA,1777,538,NA,NA,NA,NA,NA,NA,NA,0,NA,NA,NA,NA,NA,NA,NA,NA,NA,NA,NA,NA,0.2050580997949419,18.762816131237184,NA,NA,NA,NA,NA,NA,NA,NA,NA,NA,NA,NA,0.2050580997949419,NA,NA,0.23923444976076555,NA,NA,0.17088174982911825,NA,0.17088174982911825,NA,NA,NA,NA,NA,NA,NA,NA,NA,NA,NA,0.10252904989747096,NA,NA,NA,60.731373889268625,18.386876281613123,NA,NA,NA,NA,NA,NA,NA,0,NA,NA,NA,NA,NA,NA,NA,NA,NA
27030,2005,27,Lugo,30,Mondoñedo,4320,3050,1270,27,32,2991,3023,70.60185185185185,NA,NA,NA,4,504,NA,NA,NA,NA,8,NA,NA,NA,NA,NA,NA,NA,NA,NA,NA,NA,NA,NA,2,1,1,NA,NA,NA,NA,NA,NA,3,NA,NA,NA,NA,5,NA,NA,NA,1623,840,NA,NA,NA,NA,NA,NA,NA,NA,NA,NA,NA,NA,NA,NA,NA,NA,NA,NA,NA,NA,0.13231888852133644,16.67217995368839,NA,NA,NA,NA,0.2646377770426729,NA,NA,NA,NA,NA,NA,NA,NA,NA,NA,NA,NA,NA,0.06615944426066822,0.03307972213033411,0.03307972213033411,NA,NA,NA,NA,NA,NA,0.09923916639100232,NA,NA,NA,NA,0.16539861065167052,NA,NA,NA,53.68838901753226,27.78696658948065,NA,NA,NA,NA,NA,NA,NA,NA,NA,NA,NA,NA,NA,NA,NA,NA,NA
27030,2009,27,Lugo,30,Mondoñedo,4006,2666,1340,28,34,2604,2638,66.55017473789316,NA,NA,NA,NA,646,NA,NA,NA,NA,NA,NA,NA,NA,NA,NA,NA,NA,NA,NA,NA,NA,NA,NA,8,3,8,NA,1,NA,NA,1,NA,1,NA,NA,NA,NA,3,NA,NA,NA,1119,778,NA,2,NA,NA,NA,NA,NA,NA,NA,11,NA,NA,NA,NA,23,NA,NA,NA,NA,NA,NA,24.4882486732373,NA,NA,NA,NA,NA,NA,NA,NA,NA,NA,NA,NA,NA,NA,NA,NA,NA,NA,0.3032600454890068,0.11372251705837756,0.3032600454890068,NA,0.03790750568612585,NA,NA,0.03790750568612585,NA,0.03790750568612585,NA,NA,NA,NA,0.11372251705837756,NA,NA,NA,42.418498862774825,29.492039423805917,NA,0.0758150113722517,NA,NA,NA,NA,NA,NA,NA,0.4169825625473844,NA,NA,NA,NA,0.8718726307808946,NA,NA
27030,2012,27,Lugo,30,Mondoñedo,3632,2227,1405,90,41,2096,2137,61.31607929515418,0,195,NA,NA,298,NA,0,NA,0,NA,NA,NA,NA,19,0,NA,0,NA,20,NA,NA,NA,NA,NA,0,NA,NA,NA,10,NA,NA,NA,NA,NA,5,NA,0,0,0,NA,NA,1080,435,5,2,0,NA,NA,0,11,0,NA,NA,1,NA,NA,0,15,NA,NA,0,9.124941506785213,NA,NA,13.944782405240991,NA,0,NA,0,NA,NA,NA,NA,0.8890968647636874,0,NA,0,NA,0.9358914365933552,NA,NA,NA,NA,NA,0,NA,NA,NA,0.4679457182966776,NA,NA,NA,NA,NA,0.2339728591483388,NA,0,0,0,NA,NA,50.53813757604117,20.355638745905473,0.2339728591483388,0.09358914365933552,0,NA,NA,0,0.5147402901263454,0,NA,NA,0.04679457182966776,NA,NA,0,0.7019185774450164,NA,NA
27030,2016,27,Lugo,30,Mondoñedo,3308,2183,1125,41,20,2122,2142,65.99153567110037,0,NA,0,NA,NA,149,0,0,NA,NA,NA,NA,35,9,NA,NA,0,NA,0,NA,NA,306,NA,NA,NA,NA,3,NA,NA,NA,NA,NA,NA,0,18,4,0,NA,NA,NA,NA,1237,358,NA,NA,NA,3,NA,NA,NA,NA,NA,NA,NA,NA,0,NA,NA,0,NA,0,NA,0,NA,NA,6.956115779645192,0,0,NA,NA,NA,NA,1.6339869281045754,0.42016806722689076,NA,NA,0,NA,0,NA,NA,14.285714285714285,NA,NA,NA,NA,0.1400560224089636,NA,NA,NA,NA,NA,NA,0,0.8403361344537815,0.18674136321195145,0,NA,NA,NA,NA,57.74976657329598,16.713352007469652,NA,NA,NA,0.1400560224089636,NA,NA,NA,NA,NA,NA,NA,NA,0,NA,NA,0,NA
27030,2020,27,Lugo,30,Mondoñedo,3086,1763,1323,32,9,1722,1731,57.12896953985742,NA,NA,NA,NA,374,NA,0,NA,NA,NA,3086,NA,2,NA,NA,NA,NA,NA,NA,NA,NA,NA,1,NA,NA,NA,NA,NA,NA,NA,NA,0,NA,NA,5,NA,2,NA,NA,NA,34,1031,242,NA,0,NA,NA,1,NA,NA,NA,NA,NA,NA,NA,NA,NA,NA,NA,30,NA,NA,NA,NA,21.606008087810512,NA,0,NA,NA,NA,178.2784517619873,NA,0.11554015020219525,NA,NA,NA,NA,NA,NA,NA,NA,NA,0.05777007510109763,NA,NA,NA,NA,NA,NA,NA,NA,0,NA,NA,0.28885037550548814,NA,0.11554015020219525,NA,NA,NA,1.9641825534373194,59.56094742923166,13.980358174465627,NA,0,NA,NA,0.05777007510109763,NA,NA,NA,NA,NA,NA,NA,NA,NA,NA,NA,1.733102253032929
27030,2024,27,Lugo,30,Mondoñedo,2942,1978,964,25,13,1940,1953,67.2331747110809,NA,NA,NA,NA,549,NA,NA,NA,NA,NA,2942,NA,NA,NA,NA,NA,NA,NA,5,2,NA,NA,NA,NA,NA,NA,NA,NA,NA,NA,NA,NA,NA,NA,4,NA,NA,NA,NA,0,NA,1015,317,NA,1,NA,NA,NA,NA,NA,NA,8,NA,NA,NA,NA,NA,NA,NA,39,NA,NA,NA,NA,28.110599078341014,NA,NA,NA,NA,NA,150.6400409626216,NA,NA,NA,NA,NA,NA,NA,0.2560163850486431,0.10240655401945725,NA,NA,NA,NA,NA,NA,NA,NA,NA,NA,NA,NA,NA,NA,0.2048131080389145,NA,NA,NA,NA,0,NA,51.971326164874554,16.231438812083972,NA,0.051203277009728626,NA,NA,NA,NA,NA,NA,0.409626216077829,NA,NA,NA,NA,NA,NA,NA,1.9969278033794162
27031,2001,27,Lugo,31,Monforte de Lemos,16662,11022,5640,96,169,10757,10926,66.15052214620094,NA,NA,NA,37,2339,NA,NA,NA,NA,NA,NA,NA,NA,NA,NA,NA,NA,46,NA,NA,20,NA,NA,35,NA,14,NA,NA,NA,NA,NA,NA,NA,NA,NA,NA,NA,21,NA,NA,NA,5876,2369,NA,NA,NA,NA,NA,NA,NA,0,NA,NA,NA,NA,NA,NA,NA,NA,NA,NA,NA,NA,0.3386417719201904,21.407651473549333,NA,NA,NA,NA,NA,NA,NA,NA,NA,NA,NA,NA,0.42101409481969615,NA,NA,0.18304960644334614,NA,NA,0.3203368112758558,NA,0.1281347245103423,NA,NA,NA,NA,NA,NA,NA,NA,NA,NA,NA,0.19220208676551345,NA,NA,NA,53.7799743730551,21.68222588321435,NA,NA,NA,NA,NA,NA,NA,0,NA,NA,NA,NA,NA,NA,NA,NA,NA
27031,2005,27,Lugo,31,Monforte de Lemos,16358,11343,5015,57,139,11147,11286,69.34221787504585,NA,NA,NA,13,2651,NA,NA,NA,NA,10,NA,NA,NA,NA,NA,NA,NA,NA,NA,NA,NA,NA,NA,29,5,16,NA,NA,NA,NA,NA,NA,12,NA,NA,NA,NA,9,NA,NA,NA,4848,3554,NA,NA,NA,NA,NA,NA,NA,NA,NA,NA,NA,NA,NA,NA,NA,NA,NA,NA,NA,NA,0.11518695729222045,23.489278752436647,NA,NA,NA,NA,0.0886053517632465,NA,NA,NA,NA,NA,NA,NA,NA,NA,NA,NA,NA,NA,0.2569555201134149,0.04430267588162325,0.1417685628211944,NA,NA,NA,NA,NA,NA,0.10632642211589581,NA,NA,NA,NA,0.07974481658692185,NA,NA,NA,42.9558745348219,31.490342016657806,NA,NA,NA,NA,NA,NA,NA,NA,NA,NA,NA,NA,NA,NA,NA,NA,NA
27031,2009,27,Lugo,31,Monforte de Lemos,16217,11515,4702,130,256,11129,11385,71.00573472282173,NA,NA,NA,NA,2222,NA,NA,NA,NA,NA,NA,NA,NA,NA,NA,NA,NA,NA,NA,NA,NA,NA,NA,58,6,9,NA,11,NA,NA,61,NA,3,NA,NA,NA,NA,4,NA,NA,NA,5052,3555,NA,32,NA,NA,NA,NA,NA,NA,NA,36,NA,NA,NA,NA,80,NA,NA,NA,NA,NA,NA,19.516908212560384,NA,NA,NA,NA,NA,NA,NA,NA,NA,NA,NA,NA,NA,NA,NA,NA,NA,NA,0.5094422485726833,0.052700922266139656,0.07905138339920949,NA,0.0966183574879227,NA,NA,0.5357927097057531,NA,0.026350461133069828,NA,NA,NA,NA,0.03513394817742644,NA,NA,NA,44.374176548089586,31.225296442687743,NA,0.2810715854194115,NA,NA,NA,NA,NA,NA,NA,0.31620553359683795,NA,NA,NA,NA,0.7026789635485288,NA,NA
27031,2012,27,Lugo,31,Monforte de Lemos,16042,10139,5903,329,291,9519,9810,63.20284253833687,0,1155,NA,NA,1150,NA,2,NA,5,NA,NA,NA,NA,26,0,NA,0,NA,112,NA,NA,NA,NA,NA,11,NA,NA,NA,47,NA,NA,NA,NA,NA,40,NA,0,0,0,NA,NA,4450,2354,14,21,4,NA,NA,0,37,0,NA,NA,9,NA,NA,0,82,NA,NA,0,11.773700305810397,NA,NA,11.722731906218145,NA,0.020387359836901122,NA,0.05096839959225281,NA,NA,NA,NA,0.26503567787971455,0,NA,0,NA,1.1416921508664628,NA,NA,NA,NA,NA,0.11213047910295616,NA,NA,NA,0.47910295616717635,NA,NA,NA,NA,NA,0.40774719673802245,NA,0,0,0,NA,NA,45.361875637104994,23.995922528032622,0.14271151885830785,0.21406727828746178,0.040774719673802244,NA,NA,0,0.37716615698267075,0,NA,NA,0.09174311926605505,NA,NA,0,0.835881753312946,NA,NA
27031,2016,27,Lugo,31,Monforte de Lemos,15530,9837,5693,118,99,9620,9719,63.34191886670959,0,NA,0,NA,NA,658,4,0,NA,NA,NA,NA,301,21,NA,NA,0,NA,0,NA,NA,1731,NA,NA,NA,NA,18,NA,NA,NA,NA,NA,NA,0,101,9,0,NA,NA,NA,NA,4799,1948,NA,NA,NA,30,NA,NA,NA,NA,NA,NA,NA,NA,0,NA,NA,0,NA,0,NA,0,NA,NA,6.770243852248174,0.041156497582055765,0,NA,NA,NA,NA,3.0970264430496965,0.21607161230579275,NA,NA,0,NA,0,NA,NA,17.810474328634633,NA,NA,NA,NA,0.18520423911925096,NA,NA,NA,NA,NA,NA,0,1.039201563946908,0.09260211955962548,0,NA,NA,NA,NA,49.377507974071406,20.043214322461157,NA,NA,NA,0.30867373186541824,NA,NA,NA,NA,NA,NA,NA,NA,0,NA,NA,0,NA
27031,2020,27,Lugo,31,Monforte de Lemos,15034,8804,6230,134,92,8578,8670,58.5605959824398,NA,NA,NA,NA,1700,NA,0,NA,NA,NA,15033,NA,40,NA,NA,NA,NA,NA,NA,NA,NA,NA,3,NA,NA,NA,NA,NA,NA,NA,NA,15,NA,NA,43,NA,5,NA,NA,NA,212,4261,1988,NA,6,NA,NA,8,NA,NA,NA,NA,NA,NA,NA,NA,NA,NA,NA,297,NA,NA,NA,NA,19.607843137254903,NA,0,NA,NA,NA,173.39100346020763,NA,0.461361014994233,NA,NA,NA,NA,NA,NA,NA,NA,NA,0.03460207612456747,NA,NA,NA,NA,NA,NA,NA,NA,0.17301038062283738,NA,NA,0.4959630911188005,NA,0.05767012687427912,NA,NA,NA,2.445213379469435,49.14648212226067,22.92964244521338,NA,0.06920415224913494,NA,NA,0.0922722029988466,NA,NA,NA,NA,NA,NA,NA,NA,NA,NA,NA,3.4256055363321796
27031,2024,27,Lugo,31,Monforte de Lemos,14715,9557,5158,145,93,9319,9412,64.94733265375467,NA,NA,NA,NA,2634,NA,NA,NA,NA,NA,14715,NA,NA,NA,NA,NA,NA,NA,23,11,NA,NA,NA,NA,NA,NA,NA,NA,NA,NA,NA,NA,NA,NA,26,NA,NA,NA,NA,25,NA,4590,1726,NA,16,NA,NA,NA,NA,NA,NA,56,NA,NA,NA,NA,NA,NA,NA,212,NA,NA,NA,NA,27.985550361240968,NA,NA,NA,NA,NA,156.34296642583936,NA,NA,NA,NA,NA,NA,NA,0.24436889077773055,0.11687207819804504,NA,NA,NA,NA,NA,NA,NA,NA,NA,NA,NA,NA,NA,NA,0.2762430939226519,NA,NA,NA,NA,0.2656183595410115,NA,48.767530811729706,18.33829154271143,NA,0.16999575010624735,NA,NA,NA,NA,NA,NA,0.5949851253718658,NA,NA,NA,NA,NA,NA,NA,2.252443688907777
27032,2001,27,Lugo,32,Monterroso,3723,2178,1545,5,23,2150,2173,58.50120870265915,NA,NA,NA,3,418,NA,NA,NA,NA,NA,NA,NA,NA,NA,NA,NA,NA,41,NA,NA,3,NA,NA,6,NA,9,NA,NA,NA,NA,NA,NA,NA,NA,NA,NA,NA,1,NA,NA,NA,1080,589,NA,NA,NA,NA,NA,NA,NA,0,NA,NA,NA,NA,NA,NA,NA,NA,NA,NA,NA,NA,0.13805798435342845,19.23607915324436,NA,NA,NA,NA,NA,NA,NA,NA,NA,NA,NA,NA,1.8867924528301887,NA,NA,0.13805798435342845,NA,NA,0.2761159687068569,NA,0.41417395306028537,NA,NA,NA,NA,NA,NA,NA,NA,NA,NA,NA,0.04601932811780948,NA,NA,NA,49.700874367234235,27.10538426138978,NA,NA,NA,NA,NA,NA,NA,0,NA,NA,NA,NA,NA,NA,NA,NA,NA
27032,2005,27,Lugo,32,Monterroso,3637,2704,933,7,22,2675,2697,74.34698927687656,NA,NA,NA,1,292,NA,NA,NA,NA,0,NA,NA,NA,NA,NA,NA,NA,NA,NA,NA,NA,NA,NA,1,4,1,NA,NA,NA,NA,NA,NA,4,NA,NA,NA,NA,2,NA,NA,NA,1173,1197,NA,NA,NA,NA,NA,NA,NA,NA,NA,NA,NA,NA,NA,NA,NA,NA,NA,NA,NA,NA,0.03707823507601038,10.82684464219503,NA,NA,NA,NA,0,NA,NA,NA,NA,NA,NA,NA,NA,NA,NA,NA,NA,NA,0.03707823507601038,0.14831294030404152,0.03707823507601038,NA,NA,NA,NA,NA,NA,0.14831294030404152,NA,NA,NA,NA,0.07415647015202076,NA,NA,NA,43.49276974416018,44.38264738598443,NA,NA,NA,NA,NA,NA,NA,NA,NA,NA,NA,NA,NA,NA,NA,NA,NA
27032,2009,27,Lugo,32,Monterroso,3533,2780,753,17,32,2731,2763,78.68666855363713,NA,NA,NA,NA,294,NA,NA,NA,NA,NA,NA,NA,NA,NA,NA,NA,NA,NA,NA,NA,NA,NA,NA,5,2,2,NA,1,NA,NA,0,NA,1,NA,NA,NA,NA,1,NA,NA,NA,1236,1166,NA,4,NA,NA,NA,NA,NA,NA,NA,5,NA,NA,NA,NA,14,NA,NA,NA,NA,NA,NA,10.640608034744844,NA,NA,NA,NA,NA,NA,NA,NA,NA,NA,NA,NA,NA,NA,NA,NA,NA,NA,0.18096272167933405,0.07238508867173363,0.07238508867173363,NA,0.036192544335866814,NA,NA,0,NA,0.036192544335866814,NA,NA,NA,NA,0.036192544335866814,NA,NA,NA,44.73398479913138,42.2005066956207,NA,0.14477017734346725,NA,NA,NA,NA,NA,NA,NA,0.18096272167933405,NA,NA,NA,NA,0.5066956207021354,NA,NA
27032,2012,27,Lugo,32,Monterroso,3430,2130,1300,56,45,2029,2074,62.09912536443149,0,166,NA,NA,148,NA,1,NA,2,NA,NA,NA,NA,15,0,NA,0,NA,12,NA,NA,NA,NA,NA,4,NA,NA,NA,6,NA,NA,NA,NA,NA,8,NA,0,0,0,NA,NA,1115,500,1,2,3,NA,NA,0,21,0,NA,NA,3,NA,NA,0,22,NA,NA,0,8.003857280617165,NA,NA,7.135969141755062,NA,0.048216007714561235,NA,0.09643201542912247,NA,NA,NA,NA,0.7232401157184185,0,NA,0,NA,0.5785920925747349,NA,NA,NA,NA,NA,0.19286403085824494,NA,NA,NA,0.28929604628736744,NA,NA,NA,NA,NA,0.3857280617164899,NA,0,0,0,NA,NA,53.76084860173578,24.108003857280615,0.048216007714561235,0.09643201542912247,0.14464802314368372,NA,NA,0,1.0125361620057858,0,NA,NA,0.14464802314368372,NA,NA,0,1.0607521697203472,NA,NA
27032,2016,27,Lugo,32,Monterroso,3262,2002,1260,25,20,1957,1977,61.37339055793991,0,NA,0,NA,NA,98,2,0,NA,NA,NA,NA,42,5,NA,NA,0,NA,0,NA,NA,285,NA,NA,NA,NA,0,NA,NA,NA,NA,NA,NA,0,15,16,0,NA,NA,NA,NA,1148,345,NA,NA,NA,1,NA,NA,NA,NA,NA,NA,NA,NA,0,NA,NA,0,NA,0,NA,0,NA,NA,4.957005563985837,0.10116337885685382,0,NA,NA,NA,NA,2.12443095599393,0.25290844714213456,NA,NA,0,NA,0,NA,NA,14.41578148710167,NA,NA,NA,NA,0,NA,NA,NA,NA,NA,NA,0,0.7587253414264037,0.8093070308548306,0,NA,NA,NA,NA,58.06777946383409,17.450682852807283,NA,NA,NA,0.05058168942842691,NA,NA,NA,NA,NA,NA,NA,NA,0,NA,NA,0,NA
27032,2020,27,Lugo,32,Monterroso,3155,1751,1404,20,6,1725,1731,55.49920760697306,NA,NA,NA,NA,393,NA,1,NA,NA,NA,3155,NA,7,NA,NA,NA,NA,NA,NA,NA,NA,NA,2,NA,NA,NA,NA,NA,NA,NA,NA,0,NA,NA,4,NA,0,NA,NA,NA,31,996,244,NA,0,NA,NA,0,NA,NA,NA,NA,NA,NA,NA,NA,NA,NA,NA,47,NA,NA,NA,NA,22.703639514731368,NA,0.05777007510109763,NA,NA,NA,182.26458694396302,NA,0.4043905257076834,NA,NA,NA,NA,NA,NA,NA,NA,NA,0.11554015020219525,NA,NA,NA,NA,NA,NA,NA,NA,0,NA,NA,0.2310803004043905,NA,0,NA,NA,NA,1.7908723281340264,57.538994800693246,14.095898324667822,NA,0,NA,NA,0,NA,NA,NA,NA,NA,NA,NA,NA,NA,NA,NA,2.7151935297515886
27032,2024,27,Lugo,32,Monterroso,3079,2184,895,19,17,2148,2165,70.93212081844756,NA,NA,NA,NA,520,NA,NA,NA,NA,NA,3079,NA,NA,NA,NA,NA,NA,NA,6,3,NA,NA,NA,NA,NA,NA,NA,NA,NA,NA,NA,NA,NA,NA,3,NA,NA,NA,NA,1,NA,1241,329,NA,0,NA,NA,NA,NA,NA,NA,5,NA,NA,NA,NA,NA,NA,NA,40,NA,NA,NA,NA,24.018475750577366,NA,NA,NA,NA,NA,142.21709006928407,NA,NA,NA,NA,NA,NA,NA,0.27713625866050806,0.13856812933025403,NA,NA,NA,NA,NA,NA,NA,NA,NA,NA,NA,NA,NA,NA,0.13856812933025403,NA,NA,NA,NA,0.046189376443418015,NA,57.32101616628176,15.196304849884527,NA,0,NA,NA,NA,NA,NA,NA,0.23094688221709006,NA,NA,NA,NA,NA,NA,NA,1.8475750577367205
27033,2001,27,Lugo,33,Muras,1017,781,236,5,7,769,776,76.7944936086529,NA,NA,NA,1,100,NA,NA,NA,NA,NA,NA,NA,NA,NA,NA,NA,NA,0,NA,NA,2,NA,NA,1,NA,0,NA,NA,NA,NA,NA,NA,NA,NA,NA,NA,NA,0,NA,NA,NA,541,124,NA,NA,NA,NA,NA,NA,NA,0,NA,NA,NA,NA,NA,NA,NA,NA,NA,NA,NA,NA,0.12886597938144329,12.886597938144329,NA,NA,NA,NA,NA,NA,NA,NA,NA,NA,NA,NA,0,NA,NA,0.25773195876288657,NA,NA,0.12886597938144329,NA,0,NA,NA,NA,NA,NA,NA,NA,NA,NA,NA,NA,0,NA,NA,NA,69.71649484536083,15.979381443298967,NA,NA,NA,NA,NA,NA,NA,0,NA,NA,NA,NA,NA,NA,NA,NA,NA
27033,2005,27,Lugo,33,Muras,872,706,166,5,3,698,701,80.96330275229357,NA,NA,NA,1,45,NA,NA,NA,NA,0,NA,NA,NA,NA,NA,NA,NA,NA,NA,NA,NA,NA,NA,0,0,0,NA,NA,NA,NA,NA,NA,0,NA,NA,NA,NA,1,NA,NA,NA,465,186,NA,NA,NA,NA,NA,NA,NA,NA,NA,NA,NA,NA,NA,NA,NA,NA,NA,NA,NA,NA,0.14265335235378032,6.419400855920114,NA,NA,NA,NA,0,NA,NA,NA,NA,NA,NA,NA,NA,NA,NA,NA,NA,NA,0,0,0,NA,NA,NA,NA,NA,NA,0,NA,NA,NA,NA,0.14265335235378032,NA,NA,NA,66.33380884450784,26.533523537803138,NA,NA,NA,NA,NA,NA,NA,NA,NA,NA,NA,NA,NA,NA,NA,NA,NA
27033,2009,27,Lugo,33,Muras,776,588,188,7,4,577,581,75.77319587628865,NA,NA,NA,NA,40,NA,NA,NA,NA,NA,NA,NA,NA,NA,NA,NA,NA,NA,NA,NA,NA,NA,NA,0,0,2,NA,0,NA,NA,0,NA,0,NA,NA,NA,NA,0,NA,NA,NA,342,184,NA,0,NA,NA,NA,NA,NA,NA,NA,5,NA,NA,NA,NA,4,NA,NA,NA,NA,NA,NA,6.884681583476763,NA,NA,NA,NA,NA,NA,NA,NA,NA,NA,NA,NA,NA,NA,NA,NA,NA,NA,0,0,0.34423407917383825,NA,0,NA,NA,0,NA,0,NA,NA,NA,NA,0,NA,NA,NA,58.86402753872634,31.669535283993117,NA,0,NA,NA,NA,NA,NA,NA,NA,0.8605851979345954,NA,NA,NA,NA,0.6884681583476765,NA,NA
27033,2012,27,Lugo,33,Muras,687,472,215,15,11,446,457,68.70451237263464,0,24,NA,NA,30,NA,0,NA,0,NA,NA,NA,NA,0,0,NA,0,NA,1,NA,NA,NA,NA,NA,0,NA,NA,NA,0,NA,NA,NA,NA,NA,1,NA,0,0,0,NA,NA,278,110,0,1,0,NA,NA,0,0,0,NA,NA,0,NA,NA,0,1,NA,NA,0,5.25164113785558,NA,NA,6.564551422319474,NA,0,NA,0,NA,NA,NA,NA,0,0,NA,0,NA,0.2188183807439825,NA,NA,NA,NA,NA,0,NA,NA,NA,0,NA,NA,NA,NA,NA,0.2188183807439825,NA,0,0,0,NA,NA,60.83150984682714,24.070021881838073,0,0.2188183807439825,0,NA,NA,0,0,0,NA,NA,0,NA,NA,0,0.2188183807439825,NA,NA
27033,2016,27,Lugo,33,Muras,619,439,180,3,5,431,436,70.92084006462036,0,NA,0,NA,NA,76,0,0,NA,NA,NA,NA,3,1,NA,NA,0,NA,0,NA,NA,23,NA,NA,NA,NA,0,NA,NA,NA,NA,NA,NA,0,0,0,0,NA,NA,NA,NA,230,98,NA,NA,NA,0,NA,NA,NA,NA,NA,NA,NA,NA,0,NA,NA,0,NA,0,NA,0,NA,NA,17.431192660550458,0,0,NA,NA,NA,NA,0.6880733944954129,0.22935779816513763,NA,NA,0,NA,0,NA,NA,5.275229357798166,NA,NA,NA,NA,0,NA,NA,NA,NA,NA,NA,0,0,0,0,NA,NA,NA,NA,52.752293577981646,22.477064220183486,NA,NA,NA,0,NA,NA,NA,NA,NA,NA,NA,NA,0,NA,NA,0,NA
27033,2020,27,Lugo,33,Muras,572,353,219,8,1,344,345,61.713286713286706,NA,NA,NA,NA,94,NA,0,NA,NA,NA,572,NA,1,NA,NA,NA,NA,NA,NA,NA,NA,NA,1,NA,NA,NA,NA,NA,NA,NA,NA,0,NA,NA,0,NA,0,NA,NA,NA,7,172,67,NA,0,NA,NA,0,NA,NA,NA,NA,NA,NA,NA,NA,NA,NA,NA,2,NA,NA,NA,NA,27.246376811594203,NA,0,NA,NA,NA,165.79710144927535,NA,0.2898550724637681,NA,NA,NA,NA,NA,NA,NA,NA,NA,0.2898550724637681,NA,NA,NA,NA,NA,NA,NA,NA,0,NA,NA,0,NA,0,NA,NA,NA,2.0289855072463765,49.85507246376812,19.420289855072465,NA,0,NA,NA,0,NA,NA,NA,NA,NA,NA,NA,NA,NA,NA,NA,0.5797101449275363
27033,2024,27,Lugo,33,Muras,535,375,160,5,4,366,370,70.09345794392523,NA,NA,NA,NA,97,NA,NA,NA,NA,NA,535,NA,NA,NA,NA,NA,NA,NA,1,0,NA,NA,NA,NA,NA,NA,NA,NA,NA,NA,NA,NA,NA,NA,1,NA,NA,NA,NA,1,NA,203,60,NA,0,NA,NA,NA,NA,NA,NA,0,NA,NA,NA,NA,NA,NA,NA,3,NA,NA,NA,NA,26.216216216216214,NA,NA,NA,NA,NA,144.5945945945946,NA,NA,NA,NA,NA,NA,NA,0.2702702702702703,0,NA,NA,NA,NA,NA,NA,NA,NA,NA,NA,NA,NA,NA,NA,0.2702702702702703,NA,NA,NA,NA,0.2702702702702703,NA,54.864864864864856,16.216216216216218,NA,0,NA,NA,NA,NA,NA,NA,0,NA,NA,NA,NA,NA,NA,NA,0.8108108108108109
27034,2001,27,Lugo,34,Navia de Suarna,1753,1181,572,5,7,1169,1176,67.37022247575585,NA,NA,NA,0,191,NA,NA,NA,NA,NA,NA,NA,NA,NA,NA,NA,NA,0,NA,NA,4,NA,NA,5,NA,1,NA,NA,NA,NA,NA,NA,NA,NA,NA,NA,NA,1,NA,NA,NA,723,244,NA,NA,NA,NA,NA,NA,NA,0,NA,NA,NA,NA,NA,NA,NA,NA,NA,NA,NA,NA,0,16.241496598639458,NA,NA,NA,NA,NA,NA,NA,NA,NA,NA,NA,NA,0,NA,NA,0.3401360544217687,NA,NA,0.4251700680272109,NA,0.08503401360544217,NA,NA,NA,NA,NA,NA,NA,NA,NA,NA,NA,0.08503401360544217,NA,NA,NA,61.47959183673469,20.74829931972789,NA,NA,NA,NA,NA,NA,NA,0,NA,NA,NA,NA,NA,NA,NA,NA,NA
27034,2005,27,Lugo,34,Navia de Suarna,1577,1064,513,2,5,1057,1062,67.46987951807229,NA,NA,NA,1,155,NA,NA,NA,NA,0,NA,NA,NA,NA,NA,NA,NA,NA,NA,NA,NA,NA,NA,2,2,1,NA,NA,NA,NA,NA,NA,1,NA,NA,NA,NA,0,NA,NA,NA,542,353,NA,NA,NA,NA,NA,NA,NA,NA,NA,NA,NA,NA,NA,NA,NA,NA,NA,NA,NA,NA,0.09416195856873823,14.595103578154426,NA,NA,NA,NA,0,NA,NA,NA,NA,NA,NA,NA,NA,NA,NA,NA,NA,NA,0.18832391713747645,0.18832391713747645,0.09416195856873823,NA,NA,NA,NA,NA,NA,0.09416195856873823,NA,NA,NA,NA,0,NA,NA,NA,51.03578154425612,33.239171374764595,NA,NA,NA,NA,NA,NA,NA,NA,NA,NA,NA,NA,NA,NA,NA,NA,NA
27034,2009,27,Lugo,34,Navia de Suarna,1371,983,388,2,10,971,981,71.69948942377826,NA,NA,NA,NA,86,NA,NA,NA,NA,NA,NA,NA,NA,NA,NA,NA,NA,NA,NA,NA,NA,NA,NA,3,0,0,NA,1,NA,NA,1,NA,2,NA,NA,NA,NA,0,NA,NA,NA,439,436,NA,0,NA,NA,NA,NA,NA,NA,NA,3,NA,NA,NA,NA,0,NA,NA,NA,NA,NA,NA,8.766564729867483,NA,NA,NA,NA,NA,NA,NA,NA,NA,NA,NA,NA,NA,NA,NA,NA,NA,NA,0.3058103975535168,0,0,NA,0.10193679918450561,NA,NA,0.10193679918450561,NA,0.20387359836901123,NA,NA,NA,NA,0,NA,NA,NA,44.75025484199796,44.44444444444444,NA,0,NA,NA,NA,NA,NA,NA,NA,0.3058103975535168,NA,NA,NA,NA,0,NA,NA
27034,2012,27,Lugo,34,Navia de Suarna,1267,778,489,6,3,769,772,61.40489344909235,0,35,NA,NA,58,NA,0,NA,0,NA,NA,NA,NA,0,0,NA,0,NA,0,NA,NA,NA,NA,NA,1,NA,NA,NA,1,NA,NA,NA,NA,NA,3,NA,0,0,0,NA,NA,395,275,0,0,0,NA,NA,0,0,0,NA,NA,1,NA,NA,0,0,NA,NA,0,4.533678756476684,NA,NA,7.512953367875648,NA,0,NA,0,NA,NA,NA,NA,0,0,NA,0,NA,0,NA,NA,NA,NA,NA,0.1295336787564767,NA,NA,NA,0.1295336787564767,NA,NA,NA,NA,NA,0.38860103626943004,NA,0,0,0,NA,NA,51.16580310880829,35.62176165803109,0,0,0,NA,NA,0,0,0,NA,NA,0.1295336787564767,NA,NA,0,0,NA,NA
27034,2016,27,Lugo,34,Navia de Suarna,1104,687,417,4,3,680,683,62.22826086956522,0,NA,0,NA,NA,27,0,0,NA,NA,NA,NA,7,0,NA,NA,0,NA,0,NA,NA,91,NA,NA,NA,NA,0,NA,NA,NA,NA,NA,NA,0,1,9,0,NA,NA,NA,NA,356,189,NA,NA,NA,0,NA,NA,NA,NA,NA,NA,NA,NA,0,NA,NA,0,NA,0,NA,0,NA,NA,3.953147877013177,0,0,NA,NA,NA,NA,1.0248901903367496,0,NA,NA,0,NA,0,NA,NA,13.323572474377746,NA,NA,NA,NA,0,NA,NA,NA,NA,NA,NA,0,0.14641288433382138,1.3177159590043925,0,NA,NA,NA,NA,52.12298682284041,27.672035139092237,NA,NA,NA,0,NA,NA,NA,NA,NA,NA,NA,NA,0,NA,NA,0,NA
27034,2020,27,Lugo,34,Navia de Suarna,992,552,440,8,5,539,544,55.64516129032258,NA,NA,NA,NA,75,NA,0,NA,NA,NA,992,NA,0,NA,NA,NA,NA,NA,NA,NA,NA,NA,0,NA,NA,NA,NA,NA,NA,NA,NA,0,NA,NA,2,NA,0,NA,NA,NA,8,298,151,NA,0,NA,NA,0,NA,NA,NA,NA,NA,NA,NA,NA,NA,NA,NA,5,NA,NA,NA,NA,13.786764705882353,NA,0,NA,NA,NA,182.35294117647058,NA,0,NA,NA,NA,NA,NA,NA,NA,NA,NA,0,NA,NA,NA,NA,NA,NA,NA,NA,0,NA,NA,0.3676470588235294,NA,0,NA,NA,NA,1.4705882352941175,54.779411764705884,27.75735294117647,NA,0,NA,NA,0,NA,NA,NA,NA,NA,NA,NA,NA,NA,NA,NA,0.9191176470588236
27034,2024,27,Lugo,34,Navia de Suarna,924,635,289,15,2,618,620,68.72294372294373,NA,NA,NA,NA,115,NA,NA,NA,NA,NA,924,NA,NA,NA,NA,NA,NA,NA,0,1,NA,NA,NA,NA,NA,NA,NA,NA,NA,NA,NA,NA,NA,NA,1,NA,NA,NA,NA,0,NA,299,193,NA,0,NA,NA,NA,NA,NA,NA,1,NA,NA,NA,NA,NA,NA,NA,8,NA,NA,NA,NA,18.548387096774192,NA,NA,NA,NA,NA,149.03225806451613,NA,NA,NA,NA,NA,NA,NA,0,0.16129032258064516,NA,NA,NA,NA,NA,NA,NA,NA,NA,NA,NA,NA,NA,NA,0.16129032258064516,NA,NA,NA,NA,0,NA,48.225806451612904,31.129032258064516,NA,0,NA,NA,NA,NA,NA,NA,0.16129032258064516,NA,NA,NA,NA,NA,NA,NA,1.2903225806451613
27035,2001,27,Lugo,35,Negueira de Muñiz,220,133,87,1,0,132,132,60.45454545454545,NA,NA,NA,0,20,NA,NA,NA,NA,NA,NA,NA,NA,NA,NA,NA,NA,0,NA,NA,0,NA,NA,1,NA,0,NA,NA,NA,NA,NA,NA,NA,NA,NA,NA,NA,0,NA,NA,NA,35,76,NA,NA,NA,NA,NA,NA,NA,0,NA,NA,NA,NA,NA,NA,NA,NA,NA,NA,NA,NA,0,15.151515151515152,NA,NA,NA,NA,NA,NA,NA,NA,NA,NA,NA,NA,0,NA,NA,0,NA,NA,0.7575757575757576,NA,0,NA,NA,NA,NA,NA,NA,NA,NA,NA,NA,NA,0,NA,NA,NA,26.515151515151516,57.57575757575758,NA,NA,NA,NA,NA,NA,NA,0,NA,NA,NA,NA,NA,NA,NA,NA,NA
27035,2005,27,Lugo,35,Negueira de Muñiz,202,147,55,1,0,146,146,72.77227722772277,NA,NA,NA,0,27,NA,NA,NA,NA,0,NA,NA,NA,NA,NA,NA,NA,NA,NA,NA,NA,NA,NA,0,0,0,NA,NA,NA,NA,NA,NA,0,NA,NA,NA,NA,0,NA,NA,NA,33,86,NA,NA,NA,NA,NA,NA,NA,NA,NA,NA,NA,NA,NA,NA,NA,NA,NA,NA,NA,NA,0,18.493150684931507,NA,NA,NA,NA,0,NA,NA,NA,NA,NA,NA,NA,NA,NA,NA,NA,NA,NA,0,0,0,NA,NA,NA,NA,NA,NA,0,NA,NA,NA,NA,0,NA,NA,NA,22.602739726027394,58.9041095890411,NA,NA,NA,NA,NA,NA,NA,NA,NA,NA,NA,NA,NA,NA,NA,NA,NA
27035,2009,27,Lugo,35,Negueira de Muñiz,182,118,64,0,0,118,118,64.83516483516483,NA,NA,NA,NA,11,NA,NA,NA,NA,NA,NA,NA,NA,NA,NA,NA,NA,NA,NA,NA,NA,NA,NA,0,0,0,NA,0,NA,NA,0,NA,0,NA,NA,NA,NA,0,NA,NA,NA,19,88,NA,0,NA,NA,NA,NA,NA,NA,NA,0,NA,NA,NA,NA,0,NA,NA,NA,NA,NA,NA,9.322033898305085,NA,NA,NA,NA,NA,NA,NA,NA,NA,NA,NA,NA,NA,NA,NA,NA,NA,NA,0,0,0,NA,0,NA,NA,0,NA,0,NA,NA,NA,NA,0,NA,NA,NA,16.101694915254235,74.57627118644068,NA,0,NA,NA,NA,NA,NA,NA,NA,0,NA,NA,NA,NA,0,NA,NA
27035,2012,27,Lugo,35,Negueira de Muñiz,196,123,73,0,2,121,123,62.755102040816325,0,12,NA,NA,3,NA,0,NA,0,NA,NA,NA,NA,0,0,NA,0,NA,0,NA,NA,NA,NA,NA,0,NA,NA,NA,2,NA,NA,NA,NA,NA,0,NA,0,0,0,NA,NA,44,59,0,0,0,NA,NA,0,0,0,NA,NA,0,NA,NA,0,1,NA,NA,0,9.75609756097561,NA,NA,2.4390243902439024,NA,0,NA,0,NA,NA,NA,NA,0,0,NA,0,NA,0,NA,NA,NA,NA,NA,0,NA,NA,NA,1.6260162601626018,NA,NA,NA,NA,NA,0,NA,0,0,0,NA,NA,35.77235772357724,47.96747967479675,0,0,0,NA,NA,0,0,0,NA,NA,0,NA,NA,0,0.8130081300813009,NA,NA
27035,2016,27,Lugo,35,Negueira de Muñiz,187,111,76,0,1,110,111,59.35828877005348,0,NA,0,NA,NA,5,0,0,NA,NA,NA,NA,2,0,NA,NA,0,NA,0,NA,NA,22,NA,NA,NA,NA,0,NA,NA,NA,NA,NA,NA,0,0,0,0,NA,NA,NA,NA,36,45,NA,NA,NA,0,NA,NA,NA,NA,NA,NA,NA,NA,0,NA,NA,0,NA,0,NA,0,NA,NA,4.504504504504505,0,0,NA,NA,NA,NA,1.8018018018018018,0,NA,NA,0,NA,0,NA,NA,19.81981981981982,NA,NA,NA,NA,0,NA,NA,NA,NA,NA,NA,0,0,0,0,NA,NA,NA,NA,32.432432432432435,40.54054054054054,NA,NA,NA,0,NA,NA,NA,NA,NA,NA,NA,NA,0,NA,NA,0,NA
27035,2020,27,Lugo,35,Negueira de Muñiz,186,101,85,0,0,101,101,54.3010752688172,NA,NA,NA,NA,20,NA,0,NA,NA,NA,186,NA,0,NA,NA,NA,NA,NA,NA,NA,NA,NA,0,NA,NA,NA,NA,NA,NA,NA,NA,0,NA,NA,0,NA,0,NA,NA,NA,5,36,38,NA,0,NA,NA,1,NA,NA,NA,NA,NA,NA,NA,NA,NA,NA,NA,1,NA,NA,NA,NA,19.801980198019802,NA,0,NA,NA,NA,184.15841584158417,NA,0,NA,NA,NA,NA,NA,NA,NA,NA,NA,0,NA,NA,NA,NA,NA,NA,NA,NA,0,NA,NA,0,NA,0,NA,NA,NA,4.9504950495049505,35.64356435643564,37.62376237623762,NA,0,NA,NA,0.9900990099009901,NA,NA,NA,NA,NA,NA,NA,NA,NA,NA,NA,0.9900990099009901
27035,2024,27,Lugo,35,Negueira de Muñiz,197,101,96,0,0,101,101,51.26903553299492,NA,NA,NA,NA,25,NA,NA,NA,NA,NA,197,NA,NA,NA,NA,NA,NA,NA,0,0,NA,NA,NA,NA,NA,NA,NA,NA,NA,NA,NA,NA,NA,NA,0,NA,NA,NA,NA,0,NA,33,42,NA,1,NA,NA,NA,NA,NA,NA,0,NA,NA,NA,NA,NA,NA,NA,0,NA,NA,NA,NA,24.752475247524753,NA,NA,NA,NA,NA,195.04950495049505,NA,NA,NA,NA,NA,NA,NA,0,0,NA,NA,NA,NA,NA,NA,NA,NA,NA,NA,NA,NA,NA,NA,0,NA,NA,NA,NA,0,NA,32.67326732673268,41.584158415841586,NA,0.9900990099009901,NA,NA,NA,NA,NA,NA,0,NA,NA,NA,NA,NA,NA,NA,0
27037,2001,27,Lugo,37,Nogais (As),1405,875,530,1,8,866,874,62.27758007117438,NA,NA,NA,0,161,NA,NA,NA,NA,NA,NA,NA,NA,NA,NA,NA,NA,1,NA,NA,1,NA,NA,1,NA,3,NA,NA,NA,NA,NA,NA,NA,NA,NA,NA,NA,2,NA,NA,NA,346,351,NA,NA,NA,NA,NA,NA,NA,0,NA,NA,NA,NA,NA,NA,NA,NA,NA,NA,NA,NA,0,18.421052631578945,NA,NA,NA,NA,NA,NA,NA,NA,NA,NA,NA,NA,0.11441647597254005,NA,NA,0.11441647597254005,NA,NA,0.11441647597254005,NA,0.34324942791762014,NA,NA,NA,NA,NA,NA,NA,NA,NA,NA,NA,0.2288329519450801,NA,NA,NA,39.588100686498855,40.160183066361554,NA,NA,NA,NA,NA,NA,NA,0,NA,NA,NA,NA,NA,NA,NA,NA,NA
27037,2005,27,Lugo,37,Nogais (As),1336,858,478,1,5,852,857,64.22155688622755,NA,NA,NA,0,103,NA,NA,NA,NA,1,NA,NA,NA,NA,NA,NA,NA,NA,NA,NA,NA,NA,NA,2,1,0,NA,NA,NA,NA,NA,NA,0,NA,NA,NA,NA,1,NA,NA,NA,275,469,NA,NA,NA,NA,NA,NA,NA,NA,NA,NA,NA,NA,NA,NA,NA,NA,NA,NA,NA,NA,0,12.018669778296383,NA,NA,NA,NA,0.11668611435239205,NA,NA,NA,NA,NA,NA,NA,NA,NA,NA,NA,NA,NA,0.2333722287047841,0.11668611435239205,0,NA,NA,NA,NA,NA,NA,0,NA,NA,NA,NA,0.11668611435239205,NA,NA,NA,32.08868144690782,54.725787631271885,NA,NA,NA,NA,NA,NA,NA,NA,NA,NA,NA,NA,NA,NA,NA,NA,NA
27037,2009,27,Lugo,37,Nogais (As),1262,897,365,1,9,887,896,71.07765451664025,NA,NA,NA,NA,114,NA,NA,NA,NA,NA,NA,NA,NA,NA,NA,NA,NA,NA,NA,NA,NA,NA,NA,3,0,0,NA,1,NA,NA,0,NA,0,NA,NA,NA,NA,0,NA,NA,NA,400,353,NA,1,NA,NA,NA,NA,NA,NA,NA,11,NA,NA,NA,NA,4,NA,NA,NA,NA,NA,NA,12.723214285714285,NA,NA,NA,NA,NA,NA,NA,NA,NA,NA,NA,NA,NA,NA,NA,NA,NA,NA,0.33482142857142855,0,0,NA,0.11160714285714285,NA,NA,0,NA,0,NA,NA,NA,NA,0,NA,NA,NA,44.642857142857146,39.39732142857143,NA,0.11160714285714285,NA,NA,NA,NA,NA,NA,NA,1.2276785714285714,NA,NA,NA,NA,0.4464285714285714,NA,NA
27037,2012,27,Lugo,37,Nogais (As),1162,863,299,20,7,836,843,74.2685025817556,0,38,NA,NA,30,NA,1,NA,0,NA,NA,NA,NA,0,0,NA,0,NA,4,NA,NA,NA,NA,NA,0,NA,NA,NA,0,NA,NA,NA,NA,NA,2,NA,0,0,0,NA,NA,485,245,0,1,1,NA,NA,0,24,0,NA,NA,1,NA,NA,0,4,NA,NA,0,4.507710557532621,NA,NA,3.558718861209965,NA,0.11862396204033215,NA,0,NA,NA,NA,NA,0,0,NA,0,NA,0.4744958481613286,NA,NA,NA,NA,NA,0,NA,NA,NA,0,NA,NA,NA,NA,NA,0.2372479240806643,NA,0,0,0,NA,NA,57.532621589561096,29.062870699881376,0,0.11862396204033215,0.11862396204033215,NA,NA,0,2.8469750889679712,0,NA,NA,0.11862396204033215,NA,NA,0,0.4744958481613286,NA,NA
27037,2016,27,Lugo,37,As Nogais,1062,767,295,10,6,751,757,72.22222222222221,0,NA,0,NA,NA,26,0,0,NA,NA,NA,NA,9,0,NA,NA,0,NA,0,NA,NA,54,NA,NA,NA,NA,0,NA,NA,NA,NA,NA,NA,0,0,0,0,NA,NA,NA,NA,483,178,NA,NA,NA,1,NA,NA,NA,NA,NA,NA,NA,NA,0,NA,NA,0,NA,0,NA,0,NA,NA,3.4346103038309117,0,0,NA,NA,NA,NA,1.1889035667107,0,NA,NA,0,NA,0,NA,NA,7.133421400264201,NA,NA,NA,NA,0,NA,NA,NA,NA,NA,NA,0,0,0,0,NA,NA,NA,NA,63.80449141347424,23.513870541611624,NA,NA,NA,0.13210039630118892,NA,NA,NA,NA,NA,NA,NA,NA,0,NA,NA,0,NA
27037,2020,27,Lugo,37,As Nogais,972,680,292,7,3,670,673,69.95884773662551,NA,NA,NA,NA,53,NA,0,NA,NA,NA,972,NA,1,NA,NA,NA,NA,NA,NA,NA,NA,NA,0,NA,NA,NA,NA,NA,NA,NA,NA,2,NA,NA,1,NA,1,NA,NA,NA,8,467,128,NA,0,NA,NA,0,NA,NA,NA,NA,NA,NA,NA,NA,NA,NA,NA,9,NA,NA,NA,NA,7.87518573551263,NA,0,NA,NA,NA,144.42793462109955,NA,0.1485884101040119,NA,NA,NA,NA,NA,NA,NA,NA,NA,0,NA,NA,NA,NA,NA,NA,NA,NA,0.2971768202080238,NA,NA,0.1485884101040119,NA,0.1485884101040119,NA,NA,NA,1.188707280832095,69.39078751857355,19.01931649331352,NA,0,NA,NA,0,NA,NA,NA,NA,NA,NA,NA,NA,NA,NA,NA,1.337295690936107
27037,2024,27,Lugo,37,As Nogais,887,708,179,7,6,695,701,79.8196166854566,NA,NA,NA,NA,108,NA,NA,NA,NA,NA,887,NA,NA,NA,NA,NA,NA,NA,1,0,NA,NA,NA,NA,NA,NA,NA,NA,NA,NA,NA,NA,NA,NA,1,NA,NA,NA,NA,2,NA,434,137,NA,0,NA,NA,NA,NA,NA,NA,4,NA,NA,NA,NA,NA,NA,NA,8,NA,NA,NA,NA,15.406562054208273,NA,NA,NA,NA,NA,126.53352353780313,NA,NA,NA,NA,NA,NA,NA,0.14265335235378032,0,NA,NA,NA,NA,NA,NA,NA,NA,NA,NA,NA,NA,NA,NA,0.14265335235378032,NA,NA,NA,NA,0.28530670470756064,NA,61.911554921540656,19.543509272467904,NA,0,NA,NA,NA,NA,NA,NA,0.5706134094151213,NA,NA,NA,NA,NA,NA,NA,1.1412268188302426
27038,2001,27,Lugo,38,Ourol,1413,1132,281,8,13,1111,1124,80.11323425336164,NA,NA,NA,1,129,NA,NA,NA,NA,NA,NA,NA,NA,NA,NA,NA,NA,1,NA,NA,2,NA,NA,3,NA,1,NA,NA,NA,NA,NA,NA,NA,NA,NA,NA,NA,0,NA,NA,NA,641,333,NA,NA,NA,NA,NA,NA,NA,0,NA,NA,NA,NA,NA,NA,NA,NA,NA,NA,NA,NA,0.0889679715302491,11.476868327402135,NA,NA,NA,NA,NA,NA,NA,NA,NA,NA,NA,NA,0.0889679715302491,NA,NA,0.1779359430604982,NA,NA,0.26690391459074736,NA,0.0889679715302491,NA,NA,NA,NA,NA,NA,NA,NA,NA,NA,NA,0,NA,NA,NA,57.02846975088968,29.626334519572957,NA,NA,NA,NA,NA,NA,NA,0,NA,NA,NA,NA,NA,NA,NA,NA,NA
27038,2005,27,Lugo,38,Ourol,1224,1029,195,3,2,1024,1026,84.06862745098039,NA,NA,NA,0,71,NA,NA,NA,NA,1,NA,NA,NA,NA,NA,NA,NA,NA,NA,NA,NA,NA,NA,2,1,0,NA,NA,NA,NA,NA,NA,0,NA,NA,NA,NA,1,NA,NA,NA,512,436,NA,NA,NA,NA,NA,NA,NA,NA,NA,NA,NA,NA,NA,NA,NA,NA,NA,NA,NA,NA,0,6.920077972709551,NA,NA,NA,NA,0.09746588693957114,NA,NA,NA,NA,NA,NA,NA,NA,NA,NA,NA,NA,NA,0.1949317738791423,0.09746588693957114,0,NA,NA,NA,NA,NA,NA,0,NA,NA,NA,NA,0.09746588693957114,NA,NA,NA,49.902534113060426,42.49512670565302,NA,NA,NA,NA,NA,NA,NA,NA,NA,NA,NA,NA,NA,NA,NA,NA,NA
27038,2009,27,Lugo,38,Ourol,1107,898,209,1,7,890,897,81.12014453477869,NA,NA,NA,NA,85,NA,NA,NA,NA,NA,NA,NA,NA,NA,NA,NA,NA,NA,NA,NA,NA,NA,NA,5,1,0,NA,0,NA,NA,1,NA,0,NA,NA,NA,NA,1,NA,NA,NA,445,343,NA,1,NA,NA,NA,NA,NA,NA,NA,0,NA,NA,NA,NA,8,NA,NA,NA,NA,NA,NA,9.47603121516165,NA,NA,NA,NA,NA,NA,NA,NA,NA,NA,NA,NA,NA,NA,NA,NA,NA,NA,0.5574136008918618,0.11148272017837235,0,NA,0,NA,NA,0.11148272017837235,NA,0,NA,NA,NA,NA,0.11148272017837235,NA,NA,NA,49.609810479375696,38.238573021181715,NA,0.11148272017837235,NA,NA,NA,NA,NA,NA,NA,0,NA,NA,NA,NA,0.8918617614269788,NA,NA
27038,2012,27,Lugo,38,Ourol,1020,753,267,13,13,727,740,73.82352941176471,0,37,NA,NA,31,NA,0,NA,0,NA,NA,NA,NA,1,0,NA,0,NA,4,NA,NA,NA,NA,NA,0,NA,NA,NA,0,NA,NA,NA,NA,NA,2,NA,0,0,0,NA,NA,421,221,0,0,1,NA,NA,0,1,0,NA,NA,1,NA,NA,0,7,NA,NA,0,5,NA,NA,4.1891891891891895,NA,0,NA,0,NA,NA,NA,NA,0.13513513513513514,0,NA,0,NA,0.5405405405405406,NA,NA,NA,NA,NA,0,NA,NA,NA,0,NA,NA,NA,NA,NA,0.2702702702702703,NA,0,0,0,NA,NA,56.89189189189189,29.864864864864867,0,0,0.13513513513513514,NA,NA,0,0.13513513513513514,0,NA,NA,0.13513513513513514,NA,NA,0,0.945945945945946,NA,NA
27038,2016,27,Lugo,38,Ourol,928,638,290,2,7,629,636,68.75,0,NA,0,NA,NA,17,0,0,NA,NA,NA,NA,10,2,NA,NA,0,NA,0,NA,NA,65,NA,NA,NA,NA,2,NA,NA,NA,NA,NA,NA,0,5,1,0,NA,NA,NA,NA,314,213,NA,NA,NA,0,NA,NA,NA,NA,NA,NA,NA,NA,0,NA,NA,0,NA,0,NA,0,NA,NA,2.6729559748427674,0,0,NA,NA,NA,NA,1.5723270440251573,0.3144654088050315,NA,NA,0,NA,0,NA,NA,10.220125786163523,NA,NA,NA,NA,0.3144654088050315,NA,NA,NA,NA,NA,NA,0,0.7861635220125787,0.15723270440251574,0,NA,NA,NA,NA,49.37106918238994,33.490566037735846,NA,NA,NA,0,NA,NA,NA,NA,NA,NA,NA,NA,0,NA,NA,0,NA
27038,2020,27,Lugo,38,Ourol,901,570,331,10,7,553,560,63.263041065482795,NA,NA,NA,NA,90,NA,0,NA,NA,NA,901,NA,0,NA,NA,NA,NA,NA,NA,NA,NA,NA,0,NA,NA,NA,NA,NA,NA,NA,NA,0,NA,NA,4,NA,0,NA,NA,NA,8,262,181,NA,0,NA,NA,0,NA,NA,NA,NA,NA,NA,NA,NA,NA,NA,NA,8,NA,NA,NA,NA,16.071428571428573,NA,0,NA,NA,NA,160.89285714285714,NA,0,NA,NA,NA,NA,NA,NA,NA,NA,NA,0,NA,NA,NA,NA,NA,NA,NA,NA,0,NA,NA,0.7142857142857143,NA,0,NA,NA,NA,1.4285714285714286,46.785714285714285,32.32142857142858,NA,0,NA,NA,0,NA,NA,NA,NA,NA,NA,NA,NA,NA,NA,NA,1.4285714285714286
27038,2024,27,Lugo,38,Ourol,862,621,241,8,5,608,613,72.0417633410673,NA,NA,NA,NA,123,NA,NA,NA,NA,NA,862,NA,NA,NA,NA,NA,NA,NA,0,0,NA,NA,NA,NA,NA,NA,NA,NA,NA,NA,NA,NA,NA,NA,0,NA,NA,NA,NA,0,NA,284,178,NA,1,NA,NA,NA,NA,NA,NA,5,NA,NA,NA,NA,NA,NA,NA,17,NA,NA,NA,NA,20.0652528548124,NA,NA,NA,NA,NA,140.61990212071777,NA,NA,NA,NA,NA,NA,NA,0,0,NA,NA,NA,NA,NA,NA,NA,NA,NA,NA,NA,NA,NA,NA,0,NA,NA,NA,NA,0,NA,46.32952691680261,29.03752039151713,NA,0.1631321370309951,NA,NA,NA,NA,NA,NA,0.8156606851549755,NA,NA,NA,NA,NA,NA,NA,2.7732463295269167
27039,2001,27,Lugo,39,Outeiro de Rei,3923,2969,954,32,26,2911,2937,75.68187611521795,NA,NA,NA,2,515,NA,NA,NA,NA,NA,NA,NA,NA,NA,NA,NA,NA,11,NA,NA,2,NA,NA,9,NA,3,NA,NA,NA,NA,NA,NA,NA,NA,NA,NA,NA,2,NA,NA,NA,2008,359,NA,NA,NA,NA,NA,NA,NA,0,NA,NA,NA,NA,NA,NA,NA,NA,NA,NA,NA,NA,0.06809669731018045,17.534899557371467,NA,NA,NA,NA,NA,NA,NA,NA,NA,NA,NA,NA,0.37453183520599254,NA,NA,0.06809669731018045,NA,NA,0.30643513789581206,NA,0.10214504596527069,NA,NA,NA,NA,NA,NA,NA,NA,NA,NA,NA,0.06809669731018045,NA,NA,NA,68.36908409942117,12.223357167177392,NA,NA,NA,NA,NA,NA,NA,0,NA,NA,NA,NA,NA,NA,NA,NA,NA
27039,2005,27,Lugo,39,Outeiro de Rei,4137,3225,912,20,26,3179,3205,77.9550398839739,NA,NA,NA,4,553,NA,NA,NA,NA,0,NA,NA,NA,NA,NA,NA,NA,NA,NA,NA,NA,NA,NA,7,0,3,NA,NA,NA,NA,NA,NA,1,NA,NA,NA,NA,3,NA,NA,NA,1788,820,NA,NA,NA,NA,NA,NA,NA,NA,NA,NA,NA,NA,NA,NA,NA,NA,NA,NA,NA,NA,0.12480499219968799,17.254290171606865,NA,NA,NA,NA,0,NA,NA,NA,NA,NA,NA,NA,NA,NA,NA,NA,NA,NA,0.21840873634945399,0,0.093603744149766,NA,NA,NA,NA,NA,NA,0.031201248049921998,NA,NA,NA,NA,0.093603744149766,NA,NA,NA,55.787831513260535,25.585023400936034,NA,NA,NA,NA,NA,NA,NA,NA,NA,NA,NA,NA,NA,NA,NA,NA,NA
27039,2009,27,Lugo,39,Outeiro de Rei,4282,3331,951,29,42,3260,3302,77.7907519850537,NA,NA,NA,NA,527,NA,NA,NA,NA,NA,NA,NA,NA,NA,NA,NA,NA,NA,NA,NA,NA,NA,NA,10,0,3,NA,3,NA,NA,1,NA,3,NA,NA,NA,NA,2,NA,NA,NA,1942,729,NA,1,NA,NA,NA,NA,NA,NA,NA,8,NA,NA,NA,NA,31,NA,NA,NA,NA,NA,NA,15.960024227740762,NA,NA,NA,NA,NA,NA,NA,NA,NA,NA,NA,NA,NA,NA,NA,NA,NA,NA,0.30284675953967294,0,0.09085402786190189,NA,0.09085402786190189,NA,NA,0.03028467595396729,NA,0.09085402786190189,NA,NA,NA,NA,0.06056935190793458,NA,NA,NA,58.81284070260448,22.077528770442157,NA,0.03028467595396729,NA,NA,NA,NA,NA,NA,NA,0.24227740763173833,NA,NA,NA,NA,0.938824954572986,NA,NA
27039,2012,27,Lugo,39,Outeiro de Rei,4430,3150,1280,114,85,2951,3036,71.10609480812641,0,261,NA,NA,317,NA,2,NA,1,NA,NA,NA,NA,13,0,NA,0,NA,16,NA,NA,NA,NA,NA,1,NA,NA,NA,12,NA,NA,NA,NA,NA,11,NA,0,0,0,NA,NA,1846,420,2,4,5,NA,NA,0,20,0,NA,NA,2,NA,NA,0,18,NA,NA,0,8.596837944664031,NA,NA,10.44137022397892,NA,0.06587615283267458,NA,0.03293807641633729,NA,NA,NA,NA,0.4281949934123847,0,NA,0,NA,0.5270092226613966,NA,NA,NA,NA,NA,0.03293807641633729,NA,NA,NA,0.3952569169960474,NA,NA,NA,NA,NA,0.36231884057971014,NA,0,0,0,NA,NA,60.80368906455863,13.83399209486166,0.06587615283267458,0.13175230566534915,0.16469038208168643,NA,NA,0,0.6587615283267457,0,NA,NA,0.06587615283267458,NA,NA,0,0.592885375494071,NA,NA
27039,2016,27,Lugo,39,Outeiro de Rei,4357,3073,1284,41,35,2997,3032,70.53018131742024,0,NA,0,NA,NA,361,0,0,NA,NA,NA,NA,98,5,NA,NA,0,NA,0,NA,NA,378,NA,NA,NA,NA,7,NA,NA,NA,NA,NA,NA,0,24,4,0,NA,NA,NA,NA,1789,328,NA,NA,NA,3,NA,NA,NA,NA,NA,NA,NA,NA,0,NA,NA,0,NA,0,NA,0,NA,NA,11.906332453825858,0,0,NA,NA,NA,NA,3.2321899736147754,0.16490765171503957,NA,NA,0,NA,0,NA,NA,12.467018469656992,NA,NA,NA,NA,0.23087071240105542,NA,NA,NA,NA,NA,NA,0,0.79155672823219,0.13192612137203166,0,NA,NA,NA,NA,59.003957783641155,10.817941952506596,NA,NA,NA,0.09894459102902375,NA,NA,NA,NA,NA,NA,NA,NA,0,NA,NA,0,NA
27039,2020,27,Lugo,39,Outeiro de Rei,4445,3001,1444,32,28,2941,2969,67.5140607424072,NA,NA,NA,NA,600,NA,1,NA,NA,NA,4445,NA,7,NA,NA,NA,NA,NA,NA,NA,NA,NA,2,NA,NA,NA,NA,NA,NA,NA,NA,9,NA,NA,13,NA,2,NA,NA,NA,47,1875,315,NA,1,NA,NA,1,NA,NA,NA,NA,NA,NA,NA,NA,NA,NA,NA,68,NA,NA,NA,NA,20.208824520040416,NA,0.033681374200067365,NA,NA,NA,149.71370831929943,NA,0.23576961940047153,NA,NA,NA,NA,NA,NA,NA,NA,NA,0.06736274840013473,NA,NA,NA,NA,NA,NA,NA,NA,0.30313236780060626,NA,NA,0.4378578646008757,NA,0.06736274840013473,NA,NA,NA,1.5830245874031659,63.1525766251263,10.60963287302122,NA,0.033681374200067365,NA,NA,0.033681374200067365,NA,NA,NA,NA,NA,NA,NA,NA,NA,NA,NA,2.2903334456045807
27039,2024,27,Lugo,39,Outeiro de Rei,4537,3480,1057,44,32,3404,3436,76.70266696054662,NA,NA,NA,NA,821,NA,NA,NA,NA,NA,4537,NA,NA,NA,NA,NA,NA,NA,5,1,NA,NA,NA,NA,NA,NA,NA,NA,NA,NA,NA,NA,NA,NA,14,NA,NA,NA,NA,5,NA,2071,390,NA,1,NA,NA,NA,NA,NA,NA,12,NA,NA,NA,NA,NA,NA,NA,84,NA,NA,NA,NA,23.89406286379511,NA,NA,NA,NA,NA,132.0430733410943,NA,NA,NA,NA,NA,NA,NA,0.14551804423748546,0.02910360884749709,NA,NA,NA,NA,NA,NA,NA,NA,NA,NA,NA,NA,NA,NA,0.4074505238649592,NA,NA,NA,NA,0.14551804423748546,NA,60.27357392316647,11.350407450523866,NA,0.02910360884749709,NA,NA,NA,NA,NA,NA,0.3492433061699651,NA,NA,NA,NA,NA,NA,NA,2.4447031431897557
27040,2001,27,Lugo,40,Palas de Rei,3784,2767,1017,21,16,2730,2746,73.12367864693447,NA,NA,NA,7,416,NA,NA,NA,NA,NA,NA,NA,NA,NA,NA,NA,NA,3,NA,NA,2,NA,NA,5,NA,4,NA,NA,NA,NA,NA,NA,NA,NA,NA,NA,NA,1,NA,NA,NA,1851,441,NA,NA,NA,NA,NA,NA,NA,0,NA,NA,NA,NA,NA,NA,NA,NA,NA,NA,NA,NA,0.25491624180626365,15.149308084486526,NA,NA,NA,NA,NA,NA,NA,NA,NA,NA,NA,NA,0.10924981791697014,NA,NA,0.07283321194464676,NA,NA,0.1820830298616169,NA,0.14566642388929352,NA,NA,NA,NA,NA,NA,NA,NA,NA,NA,NA,0.03641660597232338,NA,NA,NA,67.40713765477058,16.05972323379461,NA,NA,NA,NA,NA,NA,NA,0,NA,NA,NA,NA,NA,NA,NA,NA,NA
27040,2005,27,Lugo,40,Palas de Rei,3583,2920,663,22,16,2882,2898,81.49595311191739,NA,NA,NA,1,294,NA,NA,NA,NA,4,NA,NA,NA,NA,NA,NA,NA,NA,NA,NA,NA,NA,NA,2,0,0,NA,NA,NA,NA,NA,NA,2,NA,NA,NA,NA,1,NA,NA,NA,1717,861,NA,NA,NA,NA,NA,NA,NA,NA,NA,NA,NA,NA,NA,NA,NA,NA,NA,NA,NA,NA,0.03450655624568668,10.144927536231885,NA,NA,NA,NA,0.13802622498274672,NA,NA,NA,NA,NA,NA,NA,NA,NA,NA,NA,NA,NA,0.06901311249137336,0,0,NA,NA,NA,NA,NA,NA,0.06901311249137336,NA,NA,NA,NA,0.03450655624568668,NA,NA,NA,59.247757073844035,29.71014492753623,NA,NA,NA,NA,NA,NA,NA,NA,NA,NA,NA,NA,NA,NA,NA,NA,NA
27040,2009,27,Lugo,40,Palas de Rei,3414,2879,535,21,20,2838,2858,84.32923257176333,NA,NA,NA,NA,243,NA,NA,NA,NA,NA,NA,NA,NA,NA,NA,NA,NA,NA,NA,NA,NA,NA,NA,5,0,0,NA,2,NA,NA,0,NA,0,NA,NA,NA,NA,0,NA,NA,NA,1577,994,NA,0,NA,NA,NA,NA,NA,NA,NA,3,NA,NA,NA,NA,14,NA,NA,NA,NA,NA,NA,8.502449265220434,NA,NA,NA,NA,NA,NA,NA,NA,NA,NA,NA,NA,NA,NA,NA,NA,NA,NA,0.17494751574527642,0,0,NA,0.06997900629811056,NA,NA,0,NA,0,NA,NA,NA,NA,0,NA,NA,NA,55.17844646606018,34.77956613016095,NA,0,NA,NA,NA,NA,NA,NA,NA,0.10496850944716585,NA,NA,NA,NA,0.489853044086774,NA,NA
27040,2012,27,Lugo,40,Palas de Rei,3340,2558,782,47,30,2481,2511,76.58682634730539,0,126,NA,NA,145,NA,0,NA,0,NA,NA,NA,NA,3,0,NA,0,NA,5,NA,NA,NA,NA,NA,0,NA,NA,NA,3,NA,NA,NA,NA,NA,4,NA,0,0,0,NA,NA,1497,683,2,1,1,NA,NA,0,4,0,NA,NA,0,NA,NA,0,7,NA,NA,0,5.017921146953405,NA,NA,5.774591796097173,NA,0,NA,0,NA,NA,NA,NA,0.11947431302270012,0,NA,0,NA,0.1991238550378335,NA,NA,NA,NA,NA,0,NA,NA,NA,0.11947431302270012,NA,NA,NA,NA,NA,0.15929908403026682,NA,0,0,0,NA,NA,59.61768219832736,27.20031859816806,0.07964954201513341,0.039824771007566706,0.039824771007566706,NA,NA,0,0.15929908403026682,0,NA,NA,0,NA,NA,0,0.27877339705296694,NA,NA
27040,2016,27,Lugo,40,Palas de Rei,3176,2220,956,27,19,2174,2193,69.89924433249371,0,NA,0,NA,NA,106,0,0,NA,NA,NA,NA,32,1,NA,NA,0,NA,0,NA,NA,189,NA,NA,NA,NA,0,NA,NA,NA,NA,NA,NA,0,5,6,0,NA,NA,NA,NA,1431,403,NA,NA,NA,1,NA,NA,NA,NA,NA,NA,NA,NA,0,NA,NA,0,NA,0,NA,0,NA,NA,4.8335613315093475,0,0,NA,NA,NA,NA,1.459188326493388,0.045599635202918376,NA,NA,0,NA,0,NA,NA,8.618331053351573,NA,NA,NA,NA,0,NA,NA,NA,NA,NA,NA,0,0.22799817601459188,0.27359781121751026,0,NA,NA,NA,NA,65.2530779753762,18.376652986776108,NA,NA,NA,0.045599635202918376,NA,NA,NA,NA,NA,NA,NA,NA,0,NA,NA,0,NA
27040,2020,27,Lugo,40,Palas de Rei,2976,1985,991,21,10,1954,1964,66.7002688172043,NA,NA,NA,NA,263,NA,0,NA,NA,NA,2976,NA,3,NA,NA,NA,NA,NA,NA,NA,NA,NA,2,NA,NA,NA,NA,NA,NA,NA,NA,2,NA,NA,2,NA,0,NA,NA,NA,35,1294,338,NA,0,NA,NA,1,NA,NA,NA,NA,NA,NA,NA,NA,NA,NA,NA,14,NA,NA,NA,NA,13.391038696537677,NA,0,NA,NA,NA,151.52749490835032,NA,0.15274949083503053,NA,NA,NA,NA,NA,NA,NA,NA,NA,0.10183299389002036,NA,NA,NA,NA,NA,NA,NA,NA,0.10183299389002036,NA,NA,0.10183299389002036,NA,0,NA,NA,NA,1.7820773930753562,65.88594704684317,17.209775967413442,NA,0,NA,NA,0.05091649694501018,NA,NA,NA,NA,NA,NA,NA,NA,NA,NA,NA,0.7128309572301426
27040,2024,27,Lugo,40,Palas de Rei,2874,2138,736,15,14,2109,2123,74.3910925539318,NA,NA,NA,NA,400,NA,NA,NA,NA,NA,2874,NA,NA,NA,NA,NA,NA,NA,1,1,NA,NA,NA,NA,NA,NA,NA,NA,NA,NA,NA,NA,NA,NA,1,NA,NA,NA,NA,4,NA,1367,304,NA,2,NA,NA,NA,NA,NA,NA,6,NA,NA,NA,NA,NA,NA,NA,23,NA,NA,NA,NA,18.841262364578427,NA,NA,NA,NA,NA,135.374470089496,NA,NA,NA,NA,NA,NA,NA,0.047103155911446065,0.047103155911446065,NA,NA,NA,NA,NA,NA,NA,NA,NA,NA,NA,NA,NA,NA,0.047103155911446065,NA,NA,NA,NA,0.18841262364578426,NA,64.39001413094677,14.319359397079603,NA,0.09420631182289213,NA,NA,NA,NA,NA,NA,0.2826189354686764,NA,NA,NA,NA,NA,NA,NA,1.0833725859632595
27041,2001,27,Lugo,41,Pantón,3267,2160,1107,17,20,2123,2143,66.11570247933885,NA,NA,NA,2,348,NA,NA,NA,NA,NA,NA,NA,NA,NA,NA,NA,NA,1,NA,NA,3,NA,NA,1,NA,3,NA,NA,NA,NA,NA,NA,NA,NA,NA,NA,NA,6,NA,NA,NA,1378,381,NA,NA,NA,NA,NA,NA,NA,0,NA,NA,NA,NA,NA,NA,NA,NA,NA,NA,NA,NA,0.09332711152589827,16.2389174055063,NA,NA,NA,NA,NA,NA,NA,NA,NA,NA,NA,NA,0.04666355576294914,NA,NA,0.1399906672888474,NA,NA,0.04666355576294914,NA,0.1399906672888474,NA,NA,NA,NA,NA,NA,NA,NA,NA,NA,NA,0.2799813345776948,NA,NA,NA,64.30237984134392,17.778814745683622,NA,NA,NA,NA,NA,NA,NA,0,NA,NA,NA,NA,NA,NA,NA,NA,NA
27041,2005,27,Lugo,41,Pantón,2972,2149,823,3,21,2125,2146,72.30820995962316,NA,NA,NA,1,246,NA,NA,NA,NA,2,NA,NA,NA,NA,NA,NA,NA,NA,NA,NA,NA,NA,NA,3,1,1,NA,NA,NA,NA,NA,NA,2,NA,NA,NA,NA,1,NA,NA,NA,1342,526,NA,NA,NA,NA,NA,NA,NA,NA,NA,NA,NA,NA,NA,NA,NA,NA,NA,NA,NA,NA,0.046598322460391424,11.46318732525629,NA,NA,NA,NA,0.09319664492078285,NA,NA,NA,NA,NA,NA,NA,NA,NA,NA,NA,NA,NA,0.13979496738117428,0.046598322460391424,0.046598322460391424,NA,NA,NA,NA,NA,NA,0.09319664492078285,NA,NA,NA,NA,0.046598322460391424,NA,NA,NA,62.5349487418453,24.510717614165888,NA,NA,NA,NA,NA,NA,NA,NA,NA,NA,NA,NA,NA,NA,NA,NA,NA
27041,2009,27,Lugo,41,Pantón,2746,2081,665,13,15,2053,2068,75.78295702840495,NA,NA,NA,NA,287,NA,NA,NA,NA,NA,NA,NA,NA,NA,NA,NA,NA,NA,NA,NA,NA,NA,NA,5,0,1,NA,4,NA,NA,3,NA,1,NA,NA,NA,NA,1,NA,NA,NA,1281,459,NA,0,NA,NA,NA,NA,NA,NA,NA,1,NA,NA,NA,NA,10,NA,NA,NA,NA,NA,NA,13.878143133462281,NA,NA,NA,NA,NA,NA,NA,NA,NA,NA,NA,NA,NA,NA,NA,NA,NA,NA,0.24177949709864605,0,0.04835589941972921,NA,0.19342359767891684,NA,NA,0.14506769825918764,NA,0.04835589941972921,NA,NA,NA,NA,0.04835589941972921,NA,NA,NA,61.94390715667312,22.195357833655706,NA,0,NA,NA,NA,NA,NA,NA,NA,0.04835589941972921,NA,NA,NA,NA,0.4835589941972921,NA,NA
27041,2012,27,Lugo,41,Pantón,2555,1794,761,31,34,1729,1763,70.21526418786694,0,103,NA,NA,149,NA,0,NA,1,NA,NA,NA,NA,1,0,NA,0,NA,6,NA,NA,NA,NA,NA,2,NA,NA,NA,3,NA,NA,NA,NA,NA,7,NA,0,0,0,NA,NA,1117,329,0,0,0,NA,NA,0,3,0,NA,NA,1,NA,NA,0,7,NA,NA,0,5.842314237095859,NA,NA,8.451503119682359,NA,0,NA,0.05672149744753262,NA,NA,NA,NA,0.05672149744753262,0,NA,0,NA,0.3403289846851957,NA,NA,NA,NA,NA,0.11344299489506524,NA,NA,NA,0.17016449234259784,NA,NA,NA,NA,NA,0.39705048213272826,NA,0,0,0,NA,NA,63.35791264889393,18.66137266023823,0,0,0,NA,NA,0,0.17016449234259784,0,NA,NA,0.05672149744753262,NA,NA,0,0.39705048213272826,NA,NA
27041,2016,27,Lugo,41,Pantón,2329,1704,625,11,8,1685,1693,73.16444826105625,0,NA,0,NA,NA,115,0,0,NA,NA,NA,NA,33,2,NA,NA,0,NA,0,NA,NA,163,NA,NA,NA,NA,1,NA,NA,NA,NA,NA,NA,0,12,0,0,NA,NA,NA,NA,1095,262,NA,NA,NA,2,NA,NA,NA,NA,NA,NA,NA,NA,0,NA,NA,0,NA,0,NA,0,NA,NA,6.792675723567632,0,0,NA,NA,NA,NA,1.9492025989367987,0.11813349084465447,NA,NA,0,NA,0,NA,NA,9.627879503839338,NA,NA,NA,NA,0.05906674542232723,NA,NA,NA,NA,NA,NA,0,0.7088009450679268,0,0,NA,NA,NA,NA,64.67808623744831,15.475487300649734,NA,NA,NA,0.11813349084465447,NA,NA,NA,NA,NA,NA,NA,NA,0,NA,NA,0,NA
27041,2020,27,Lugo,41,Pantón,2167,1474,693,11,6,1457,1463,68.02030456852792,NA,NA,NA,NA,261,NA,0,NA,NA,NA,2167,NA,1,NA,NA,NA,NA,NA,NA,NA,NA,NA,2,NA,NA,NA,NA,NA,NA,NA,NA,3,NA,NA,7,NA,0,NA,NA,NA,33,911,202,NA,0,NA,NA,1,NA,NA,NA,NA,NA,NA,NA,NA,NA,NA,NA,36,NA,NA,NA,NA,17.840054682159945,NA,0,NA,NA,NA,148.1203007518797,NA,0.0683526999316473,NA,NA,NA,NA,NA,NA,NA,NA,NA,0.1367053998632946,NA,NA,NA,NA,NA,NA,NA,NA,0.2050580997949419,NA,NA,0.4784688995215311,NA,0,NA,NA,NA,2.2556390977443606,62.269309637730686,13.807245386192754,NA,0,NA,NA,0.0683526999316473,NA,NA,NA,NA,NA,NA,NA,NA,NA,NA,NA,2.460697197539303
27041,2024,27,Lugo,41,Pantón,2064,1543,521,8,13,1522,1535,74.7577519379845,NA,NA,NA,NA,399,NA,NA,NA,NA,NA,2064,NA,NA,NA,NA,NA,NA,NA,6,0,NA,NA,NA,NA,NA,NA,NA,NA,NA,NA,NA,NA,NA,NA,1,NA,NA,NA,NA,4,NA,909,177,NA,2,NA,NA,NA,NA,NA,NA,4,NA,NA,NA,NA,NA,NA,NA,20,NA,NA,NA,NA,25.993485342019547,NA,NA,NA,NA,NA,134.46254071661238,NA,NA,NA,NA,NA,NA,NA,0.39087947882736157,0,NA,NA,NA,NA,NA,NA,NA,NA,NA,NA,NA,NA,NA,NA,0.06514657980456026,NA,NA,NA,NA,0.26058631921824105,NA,59.21824104234528,11.530944625407166,NA,0.13029315960912052,NA,NA,NA,NA,NA,NA,0.26058631921824105,NA,NA,NA,NA,NA,NA,NA,1.3029315960912053
27042,2001,27,Lugo,42,Paradela,2442,1707,735,16,15,1676,1691,69.9017199017199,NA,NA,NA,0,269,NA,NA,NA,NA,NA,NA,NA,NA,NA,NA,NA,NA,0,NA,NA,0,NA,NA,0,NA,0,NA,NA,NA,NA,NA,NA,NA,NA,NA,NA,NA,1,NA,NA,NA,1029,377,NA,NA,NA,NA,NA,NA,NA,0,NA,NA,NA,NA,NA,NA,NA,NA,NA,NA,NA,NA,0,15.90774689532821,NA,NA,NA,NA,NA,NA,NA,NA,NA,NA,NA,NA,0,NA,NA,0,NA,NA,0,NA,0,NA,NA,NA,NA,NA,NA,NA,NA,NA,NA,NA,0.05913660555884093,NA,NA,NA,60.851567120047314,22.29450029568303,NA,NA,NA,NA,NA,NA,NA,0,NA,NA,NA,NA,NA,NA,NA,NA,NA
27042,2005,27,Lugo,42,Paradela,2192,1685,507,5,9,1671,1680,76.87043795620438,NA,NA,NA,1,165,NA,NA,NA,NA,0,NA,NA,NA,NA,NA,NA,NA,NA,NA,NA,NA,NA,NA,2,0,1,NA,NA,NA,NA,NA,NA,0,NA,NA,NA,NA,1,NA,NA,NA,988,513,NA,NA,NA,NA,NA,NA,NA,NA,NA,NA,NA,NA,NA,NA,NA,NA,NA,NA,NA,NA,0.05952380952380953,9.821428571428571,NA,NA,NA,NA,0,NA,NA,NA,NA,NA,NA,NA,NA,NA,NA,NA,NA,NA,0.11904761904761905,0,0.05952380952380953,NA,NA,NA,NA,NA,NA,0,NA,NA,NA,NA,0.05952380952380953,NA,NA,NA,58.80952380952381,30.53571428571429,NA,NA,NA,NA,NA,NA,NA,NA,NA,NA,NA,NA,NA,NA,NA,NA,NA
27042,2009,27,Lugo,42,Paradela,1958,1545,413,8,11,1526,1537,78.9070480081716,NA,NA,NA,NA,143,NA,NA,NA,NA,NA,NA,NA,NA,NA,NA,NA,NA,NA,NA,NA,NA,NA,NA,3,0,1,NA,0,NA,NA,0,NA,0,NA,NA,NA,NA,0,NA,NA,NA,916,455,NA,1,NA,NA,NA,NA,NA,NA,NA,2,NA,NA,NA,NA,5,NA,NA,NA,NA,NA,NA,9.303838646714379,NA,NA,NA,NA,NA,NA,NA,NA,NA,NA,NA,NA,NA,NA,NA,NA,NA,NA,0.1951854261548471,0,0.06506180871828238,NA,0,NA,NA,0,NA,0,NA,NA,NA,NA,0,NA,NA,NA,59.59661678594665,29.60312296681848,NA,0.06506180871828238,NA,NA,NA,NA,NA,NA,NA,0.13012361743656475,NA,NA,NA,NA,0.32530904359141183,NA,NA
27042,2012,27,Lugo,42,Paradela,1854,1382,472,46,19,1317,1336,74.54153182308522,0,67,NA,NA,73,NA,0,NA,2,NA,NA,NA,NA,1,0,NA,0,NA,2,NA,NA,NA,NA,NA,0,NA,NA,NA,2,NA,NA,NA,NA,NA,2,NA,0,0,0,NA,NA,941,221,0,0,0,NA,NA,0,2,0,NA,NA,0,NA,NA,0,4,NA,NA,0,5.014970059880239,NA,NA,5.4640718562874255,NA,0,NA,0.14970059880239522,NA,NA,NA,NA,0.07485029940119761,0,NA,0,NA,0.14970059880239522,NA,NA,NA,NA,NA,0,NA,NA,NA,0.14970059880239522,NA,NA,NA,NA,NA,0.14970059880239522,NA,0,0,0,NA,NA,70.43413173652695,16.541916167664674,0,0,0,NA,NA,0,0.14970059880239522,0,NA,NA,0,NA,NA,0,0.29940119760479045,NA,NA
27042,2016,27,Lugo,42,Paradela,1732,1324,408,14,5,1305,1310,76.44341801385681,0,NA,0,NA,NA,59,0,0,NA,NA,NA,NA,25,0,NA,NA,0,NA,0,NA,NA,77,NA,NA,NA,NA,5,NA,NA,NA,NA,NA,NA,0,0,1,0,NA,NA,NA,NA,853,285,NA,NA,NA,0,NA,NA,NA,NA,NA,NA,NA,NA,0,NA,NA,0,NA,0,NA,0,NA,NA,4.5038167938931295,0,0,NA,NA,NA,NA,1.9083969465648856,0,NA,NA,0,NA,0,NA,NA,5.877862595419847,NA,NA,NA,NA,0.38167938931297707,NA,NA,NA,NA,NA,NA,0,0,0.07633587786259542,0,NA,NA,NA,NA,65.114503816793885,21.755725190839694,NA,NA,NA,0,NA,NA,NA,NA,NA,NA,NA,NA,0,NA,NA,0,NA
27042,2020,27,Lugo,42,Paradela,1603,1131,472,7,8,1116,1124,70.55520898315658,NA,NA,NA,NA,127,NA,0,NA,NA,NA,1603,NA,0,NA,NA,NA,NA,NA,NA,NA,NA,NA,0,NA,NA,NA,NA,NA,NA,NA,NA,0,NA,NA,1,NA,0,NA,NA,NA,20,806,153,NA,0,NA,NA,0,NA,NA,NA,NA,NA,NA,NA,NA,NA,NA,NA,9,NA,NA,NA,NA,11.298932384341636,NA,0,NA,NA,NA,142.61565836298934,NA,0,NA,NA,NA,NA,NA,NA,NA,NA,NA,0,NA,NA,NA,NA,NA,NA,NA,NA,0,NA,NA,0.0889679715302491,NA,0,NA,NA,NA,1.7793594306049825,71.70818505338077,13.612099644128115,NA,0,NA,NA,0,NA,NA,NA,NA,NA,NA,NA,NA,NA,NA,NA,0.800711743772242
27042,2024,27,Lugo,42,Paradela,1480,1166,314,11,8,1147,1155,78.78378378378378,NA,NA,NA,NA,173,NA,NA,NA,NA,NA,1480,NA,NA,NA,NA,NA,NA,NA,0,1,NA,NA,NA,NA,NA,NA,NA,NA,NA,NA,NA,NA,NA,NA,0,NA,NA,NA,NA,2,NA,786,172,NA,0,NA,NA,NA,NA,NA,NA,1,NA,NA,NA,NA,NA,NA,NA,12,NA,NA,NA,NA,14.978354978354979,NA,NA,NA,NA,NA,128.13852813852813,NA,NA,NA,NA,NA,NA,NA,0,0.08658008658008658,NA,NA,NA,NA,NA,NA,NA,NA,NA,NA,NA,NA,NA,NA,0,NA,NA,NA,NA,0.17316017316017315,NA,68.05194805194805,14.891774891774892,NA,0,NA,NA,NA,NA,NA,NA,0.08658008658008658,NA,NA,NA,NA,NA,NA,NA,1.0389610389610389
27043,2001,27,Lugo,43,Páramo (O),1760,1160,600,5,7,1148,1155,65.9090909090909,NA,NA,NA,0,264,NA,NA,NA,NA,NA,NA,NA,NA,NA,NA,NA,NA,1,NA,NA,3,NA,NA,0,NA,0,NA,NA,NA,NA,NA,NA,NA,NA,NA,NA,NA,1,NA,NA,NA,704,175,NA,NA,NA,NA,NA,NA,NA,0,NA,NA,NA,NA,NA,NA,NA,NA,NA,NA,NA,NA,0,22.857142857142858,NA,NA,NA,NA,NA,NA,NA,NA,NA,NA,NA,NA,0.08658008658008658,NA,NA,0.2597402597402597,NA,NA,0,NA,0,NA,NA,NA,NA,NA,NA,NA,NA,NA,NA,NA,0.08658008658008658,NA,NA,NA,60.952380952380956,15.151515151515152,NA,NA,NA,NA,NA,NA,NA,0,NA,NA,NA,NA,NA,NA,NA,NA,NA
27043,2005,27,Lugo,43,Páramo (O),1658,1177,481,7,9,1161,1170,70.9891435464415,NA,NA,NA,0,215,NA,NA,NA,NA,0,NA,NA,NA,NA,NA,NA,NA,NA,NA,NA,NA,NA,NA,3,0,0,NA,NA,NA,NA,NA,NA,0,NA,NA,NA,NA,0,NA,NA,NA,607,336,NA,NA,NA,NA,NA,NA,NA,NA,NA,NA,NA,NA,NA,NA,NA,NA,NA,NA,NA,NA,0,18.37606837606838,NA,NA,NA,NA,0,NA,NA,NA,NA,NA,NA,NA,NA,NA,NA,NA,NA,NA,0.2564102564102564,0,0,NA,NA,NA,NA,NA,NA,0,NA,NA,NA,NA,0,NA,NA,NA,51.88034188034189,28.717948717948715,NA,NA,NA,NA,NA,NA,NA,NA,NA,NA,NA,NA,NA,NA,NA,NA,NA
27043,2009,27,Lugo,43,Páramo (O),1519,1086,433,5,14,1067,1081,71.49440421329822,NA,NA,NA,NA,143,NA,NA,NA,NA,NA,NA,NA,NA,NA,NA,NA,NA,NA,NA,NA,NA,NA,NA,2,0,1,NA,0,NA,NA,1,NA,0,NA,NA,NA,NA,0,NA,NA,NA,604,308,NA,2,NA,NA,NA,NA,NA,NA,NA,4,NA,NA,NA,NA,2,NA,NA,NA,NA,NA,NA,13.228492136910269,NA,NA,NA,NA,NA,NA,NA,NA,NA,NA,NA,NA,NA,NA,NA,NA,NA,NA,0.18501387604070307,0,0.09250693802035154,NA,0,NA,NA,0.09250693802035154,NA,0,NA,NA,NA,NA,0,NA,NA,NA,55.87419056429233,28.492136910268268,NA,0.18501387604070307,NA,NA,NA,NA,NA,NA,NA,0.37002775208140615,NA,NA,NA,NA,0.18501387604070307,NA,NA
27043,2012,27,Lugo,43,Páramo (O),1397,859,538,23,25,811,836,61.4889047959914,0,72,NA,NA,59,NA,0,NA,4,NA,NA,NA,NA,0,0,NA,0,NA,1,NA,NA,NA,NA,NA,0,NA,NA,NA,0,NA,NA,NA,NA,NA,0,NA,0,0,0,NA,NA,462,204,0,0,0,NA,NA,0,0,0,NA,NA,0,NA,NA,0,9,NA,NA,0,8.61244019138756,NA,NA,7.057416267942583,NA,0,NA,0.4784688995215311,NA,NA,NA,NA,0,0,NA,0,NA,0.11961722488038277,NA,NA,NA,NA,NA,0,NA,NA,NA,0,NA,NA,NA,NA,NA,0,NA,0,0,0,NA,NA,55.26315789473685,24.401913875598087,0,0,0,NA,NA,0,0,0,NA,NA,0,NA,NA,0,1.076555023923445,NA,NA
27043,2016,27,Lugo,43,O Páramo,1281,843,438,12,5,826,831,65.807962529274,0,NA,0,NA,NA,89,0,0,NA,NA,NA,NA,18,22,NA,NA,0,NA,0,NA,NA,79,NA,NA,NA,NA,3,NA,NA,NA,NA,NA,NA,0,3,0,0,NA,NA,NA,NA,481,131,NA,NA,NA,0,NA,NA,NA,NA,NA,NA,NA,NA,0,NA,NA,0,NA,0,NA,0,NA,NA,10.709987966305656,0,0,NA,NA,NA,NA,2.166064981949458,2.6474127557160045,NA,NA,0,NA,0,NA,NA,9.50661853188929,NA,NA,NA,NA,0.36101083032490977,NA,NA,NA,NA,NA,NA,0,0.36101083032490977,0,0,NA,NA,NA,NA,57.88206979542719,15.764139590854393,NA,NA,NA,0,NA,NA,NA,NA,NA,NA,NA,NA,0,NA,NA,0,NA
27043,2020,27,Lugo,43,O Páramo,1216,674,542,4,5,665,670,55.42763157894737,NA,NA,NA,NA,109,NA,0,NA,NA,NA,1216,NA,2,NA,NA,NA,NA,NA,NA,NA,NA,NA,0,NA,NA,NA,NA,NA,NA,NA,NA,1,NA,NA,0,NA,0,NA,NA,NA,15,420,107,NA,0,NA,NA,0,NA,NA,NA,NA,NA,NA,NA,NA,NA,NA,NA,11,NA,NA,NA,NA,16.268656716417908,NA,0,NA,NA,NA,181.49253731343285,NA,0.2985074626865672,NA,NA,NA,NA,NA,NA,NA,NA,NA,0,NA,NA,NA,NA,NA,NA,NA,NA,0.1492537313432836,NA,NA,0,NA,0,NA,NA,NA,2.2388059701492535,62.68656716417911,15.970149253731345,NA,0,NA,NA,0,NA,NA,NA,NA,NA,NA,NA,NA,NA,NA,NA,1.6417910447761193
27043,2024,27,Lugo,43,O Páramo,1172,794,378,6,7,781,788,67.74744027303754,NA,NA,NA,NA,193,NA,NA,NA,NA,NA,1172,NA,NA,NA,NA,NA,NA,NA,0,6,NA,NA,NA,NA,NA,NA,NA,NA,NA,NA,NA,NA,NA,NA,0,NA,NA,NA,NA,0,NA,449,115,NA,0,NA,NA,NA,NA,NA,NA,4,NA,NA,NA,NA,NA,NA,NA,14,NA,NA,NA,NA,24.492385786802032,NA,NA,NA,NA,NA,148.73096446700507,NA,NA,NA,NA,NA,NA,NA,0,0.7614213197969544,NA,NA,NA,NA,NA,NA,NA,NA,NA,NA,NA,NA,NA,NA,0,NA,NA,NA,NA,0,NA,56.97969543147208,14.593908629441623,NA,0,NA,NA,NA,NA,NA,NA,0.5076142131979695,NA,NA,NA,NA,NA,NA,NA,1.7766497461928936
27044,2001,27,Lugo,44,Pastoriza (A),3497,2510,987,11,17,2482,2499,71.77580783528738,NA,NA,NA,4,568,NA,NA,NA,NA,NA,NA,NA,NA,NA,NA,NA,NA,3,NA,NA,3,NA,NA,1,NA,10,NA,NA,NA,NA,NA,NA,NA,NA,NA,NA,NA,2,NA,NA,NA,1555,336,NA,NA,NA,NA,NA,NA,NA,0,NA,NA,NA,NA,NA,NA,NA,NA,NA,NA,NA,NA,0.1600640256102441,22.729091636654662,NA,NA,NA,NA,NA,NA,NA,NA,NA,NA,NA,NA,0.12004801920768307,NA,NA,0.12004801920768307,NA,NA,0.040016006402561026,NA,0.4001600640256103,NA,NA,NA,NA,NA,NA,NA,NA,NA,NA,NA,0.08003201280512205,NA,NA,NA,62.22488995598239,13.445378151260504,NA,NA,NA,NA,NA,NA,NA,0,NA,NA,NA,NA,NA,NA,NA,NA,NA
27044,2005,27,Lugo,44,Pastoriza (A),3352,2366,986,15,17,2334,2351,70.58472553699285,NA,NA,NA,2,474,NA,NA,NA,NA,1,NA,NA,NA,NA,NA,NA,NA,NA,NA,NA,NA,NA,NA,2,0,6,NA,NA,NA,NA,NA,NA,4,NA,NA,NA,NA,4,NA,NA,NA,1170,671,NA,NA,NA,NA,NA,NA,NA,NA,NA,NA,NA,NA,NA,NA,NA,NA,NA,NA,NA,NA,0.08507018290089324,20.1616333475117,NA,NA,NA,NA,0.04253509145044662,NA,NA,NA,NA,NA,NA,NA,NA,NA,NA,NA,NA,NA,0.08507018290089324,0,0.25521054870267973,NA,NA,NA,NA,NA,NA,0.1701403658017865,NA,NA,NA,NA,0.1701403658017865,NA,NA,NA,49.766056997022545,28.541046363249684,NA,NA,NA,NA,NA,NA,NA,NA,NA,NA,NA,NA,NA,NA,NA,NA,NA
27044,2009,27,Lugo,44,Pastoriza (A),3197,2307,890,22,27,2258,2285,72.16140131373162,NA,NA,NA,NA,549,NA,NA,NA,NA,NA,NA,NA,NA,NA,NA,NA,NA,NA,NA,NA,NA,NA,NA,8,1,7,NA,4,NA,NA,0,NA,1,NA,NA,NA,NA,3,NA,NA,NA,961,704,NA,6,NA,NA,NA,NA,NA,NA,NA,9,NA,NA,NA,NA,5,NA,NA,NA,NA,NA,NA,24.026258205689278,NA,NA,NA,NA,NA,NA,NA,NA,NA,NA,NA,NA,NA,NA,NA,NA,NA,NA,0.350109409190372,0.0437636761487965,0.3063457330415755,NA,0.175054704595186,NA,NA,0,NA,0.0437636761487965,NA,NA,NA,NA,0.13129102844638948,NA,NA,NA,42.056892778993436,30.80962800875274,NA,0.26258205689277897,NA,NA,NA,NA,NA,NA,NA,0.39387308533916854,NA,NA,NA,NA,0.2188183807439825,NA,NA
27044,2012,27,Lugo,44,Pastoriza (A),3039,1955,1084,48,30,1877,1907,64.33037183283975,0,148,NA,NA,260,NA,1,NA,1,NA,NA,NA,NA,63,0,NA,0,NA,2,NA,NA,NA,NA,NA,0,NA,NA,NA,4,NA,NA,NA,NA,NA,5,NA,0,0,0,NA,NA,1031,350,3,1,2,NA,NA,0,2,0,NA,NA,0,NA,NA,0,4,NA,NA,0,7.760880964866282,NA,NA,13.63398007341374,NA,0.05243838489774515,NA,0.05243838489774515,NA,NA,NA,NA,3.303618248557944,0,NA,0,NA,0.1048767697954903,NA,NA,NA,NA,NA,0,NA,NA,NA,0.2097535395909806,NA,NA,NA,NA,NA,0.26219192448872575,NA,0,0,0,NA,NA,54.063974829575244,18.353434714210803,0.15731515469323545,0.05243838489774515,0.1048767697954903,NA,NA,0,0.1048767697954903,0,NA,NA,0,NA,NA,0,0.2097535395909806,NA,NA
27044,2016,27,Lugo,44,A Pastoriza,2859,1766,1093,28,13,1725,1738,61.76984959776145,0,NA,0,NA,NA,239,1,0,NA,NA,NA,NA,22,5,NA,NA,0,NA,0,NA,NA,190,NA,NA,NA,NA,4,NA,NA,NA,NA,NA,NA,0,6,5,0,NA,NA,NA,NA,984,268,NA,NA,NA,1,NA,NA,NA,NA,NA,NA,NA,NA,0,NA,NA,0,NA,0,NA,0,NA,NA,13.751438434982738,0.05753739930955121,0,NA,NA,NA,NA,1.2658227848101267,0.28768699654775604,NA,NA,0,NA,0,NA,NA,10.93210586881473,NA,NA,NA,NA,0.23014959723820483,NA,NA,NA,NA,NA,NA,0,0.34522439585730724,0.28768699654775604,0,NA,NA,NA,NA,56.616800920598386,15.420023014959725,NA,NA,NA,0.05753739930955121,NA,NA,NA,NA,NA,NA,NA,NA,0,NA,NA,0,NA
27044,2020,27,Lugo,44,A Pastoriza,2667,1469,1198,20,11,1438,1449,55.080614923134604,NA,NA,NA,NA,345,NA,0,NA,NA,NA,2667,NA,0,NA,NA,NA,NA,NA,NA,NA,NA,NA,0,NA,NA,NA,NA,NA,NA,NA,NA,3,NA,NA,4,NA,0,NA,NA,NA,15,836,203,NA,3,NA,NA,1,NA,NA,NA,NA,NA,NA,NA,NA,NA,NA,NA,28,NA,NA,NA,NA,23.809523809523807,NA,0,NA,NA,NA,184.05797101449275,NA,0,NA,NA,NA,NA,NA,NA,NA,NA,NA,0,NA,NA,NA,NA,NA,NA,NA,NA,0.2070393374741201,NA,NA,0.27605244996549344,NA,0,NA,NA,NA,1.0351966873706004,57.694962042788134,14.009661835748794,NA,0.2070393374741201,NA,NA,0.06901311249137336,NA,NA,NA,NA,NA,NA,NA,NA,NA,NA,NA,1.932367149758454
27044,2024,27,Lugo,44,A Pastoriza,2480,1727,753,25,17,1685,1702,69.63709677419355,NA,NA,NA,NA,325,NA,NA,NA,NA,NA,2480,NA,NA,NA,NA,NA,NA,NA,2,5,NA,NA,NA,NA,NA,NA,NA,NA,NA,NA,NA,NA,NA,NA,1,NA,NA,NA,NA,2,NA,1116,215,NA,2,NA,NA,NA,NA,NA,NA,4,NA,NA,NA,NA,NA,NA,NA,13,NA,NA,NA,NA,19.095182138660398,NA,NA,NA,NA,NA,145.71092831962397,NA,NA,NA,NA,NA,NA,NA,0.11750881316098707,0.2937720329024677,NA,NA,NA,NA,NA,NA,NA,NA,NA,NA,NA,NA,NA,NA,0.05875440658049354,NA,NA,NA,NA,0.11750881316098707,NA,65.56991774383079,12.63219741480611,NA,0.11750881316098707,NA,NA,NA,NA,NA,NA,0.23501762632197415,NA,NA,NA,NA,NA,NA,NA,0.763807285546416
27045,2001,27,Lugo,45,Pedrafita do Cebreiro,1421,1007,414,4,7,996,1003,70.86558761435609,NA,NA,NA,0,134,NA,NA,NA,NA,NA,NA,NA,NA,NA,NA,NA,NA,2,NA,NA,4,NA,NA,3,NA,1,NA,NA,NA,NA,NA,NA,NA,NA,NA,NA,NA,0,NA,NA,NA,271,581,NA,NA,NA,NA,NA,NA,NA,0,NA,NA,NA,NA,NA,NA,NA,NA,NA,NA,NA,NA,0,13.359920239282152,NA,NA,NA,NA,NA,NA,NA,NA,NA,NA,NA,NA,0.19940179461615154,NA,NA,0.3988035892323031,NA,NA,0.29910269192422734,NA,0.09970089730807577,NA,NA,NA,NA,NA,NA,NA,NA,NA,NA,NA,0,NA,NA,NA,27.018943170488534,57.926221335992025,NA,NA,NA,NA,NA,NA,NA,0,NA,NA,NA,NA,NA,NA,NA,NA,NA
27045,2005,27,Lugo,45,Pedrafita do Cebreiro,1334,944,390,2,9,933,942,70.76461769115441,NA,NA,NA,0,76,NA,NA,NA,NA,0,NA,NA,NA,NA,NA,NA,NA,NA,NA,NA,NA,NA,NA,0,0,0,NA,NA,NA,NA,NA,NA,0,NA,NA,NA,NA,0,NA,NA,NA,244,613,NA,NA,NA,NA,NA,NA,NA,NA,NA,NA,NA,NA,NA,NA,NA,NA,NA,NA,NA,NA,0,8.067940552016985,NA,NA,NA,NA,0,NA,NA,NA,NA,NA,NA,NA,NA,NA,NA,NA,NA,NA,0,0,0,NA,NA,NA,NA,NA,NA,0,NA,NA,NA,NA,0,NA,NA,NA,25.902335456475583,65.07430997876857,NA,NA,NA,NA,NA,NA,NA,NA,NA,NA,NA,NA,NA,NA,NA,NA,NA
27045,2009,27,Lugo,45,Pedrafita do Cebreiro,1228,913,315,6,8,899,907,74.3485342019544,NA,NA,NA,NA,74,NA,NA,NA,NA,NA,NA,NA,NA,NA,NA,NA,NA,NA,NA,NA,NA,NA,NA,4,0,0,NA,0,NA,NA,1,NA,0,NA,NA,NA,NA,0,NA,NA,NA,244,572,NA,1,NA,NA,NA,NA,NA,NA,NA,2,NA,NA,NA,NA,1,NA,NA,NA,NA,NA,NA,8.158765159867695,NA,NA,NA,NA,NA,NA,NA,NA,NA,NA,NA,NA,NA,NA,NA,NA,NA,NA,0.4410143329658214,0,0,NA,0,NA,NA,0.11025358324145534,NA,0,NA,NA,NA,NA,0,NA,NA,NA,26.9018743109151,63.06504961411245,NA,0.11025358324145534,NA,NA,NA,NA,NA,NA,NA,0.2205071664829107,NA,NA,NA,NA,0.11025358324145534,NA,NA
27045,2012,27,Lugo,45,Pedrafita do Cebreiro,1125,779,346,13,18,748,766,69.24444444444444,0,39,NA,NA,21,NA,0,NA,0,NA,NA,NA,NA,0,0,NA,0,NA,2,NA,NA,NA,NA,NA,0,NA,NA,NA,2,NA,NA,NA,NA,NA,0,NA,0,0,0,NA,NA,246,435,1,0,0,NA,NA,0,1,0,NA,NA,0,NA,NA,0,1,NA,NA,0,5.091383812010443,NA,NA,2.741514360313316,NA,0,NA,0,NA,NA,NA,NA,0,0,NA,0,NA,0.26109660574412535,NA,NA,NA,NA,NA,0,NA,NA,NA,0.26109660574412535,NA,NA,NA,NA,NA,0,NA,0,0,0,NA,NA,32.114882506527415,56.78851174934726,0.13054830287206268,0,0,NA,NA,0,0.13054830287206268,0,NA,NA,0,NA,NA,0,0.13054830287206268,NA,NA
27045,2016,27,Lugo,45,Pedrafita do Cebreiro,1026,637,389,2,9,626,635,62.085769980506825,0,NA,0,NA,NA,9,0,0,NA,NA,NA,NA,8,0,NA,NA,0,NA,0,NA,NA,51,NA,NA,NA,NA,0,NA,NA,NA,NA,NA,NA,0,2,0,0,NA,NA,NA,NA,237,318,NA,NA,NA,1,NA,NA,NA,NA,NA,NA,NA,NA,0,NA,NA,0,NA,0,NA,0,NA,NA,1.4173228346456692,0,0,NA,NA,NA,NA,1.2598425196850394,0,NA,NA,0,NA,0,NA,NA,8.031496062992126,NA,NA,NA,NA,0,NA,NA,NA,NA,NA,NA,0,0.31496062992125984,0,0,NA,NA,NA,NA,37.32283464566929,50.07874015748032,NA,NA,NA,0.15748031496062992,NA,NA,NA,NA,NA,NA,NA,NA,0,NA,NA,0,NA
27045,2020,27,Lugo,45,Pedrafita do Cebreiro,907,581,326,4,7,570,577,64.05733186328555,NA,NA,NA,NA,43,NA,0,NA,NA,NA,907,NA,3,NA,NA,NA,NA,NA,NA,NA,NA,NA,0,NA,NA,NA,NA,NA,NA,NA,NA,1,NA,NA,0,NA,0,NA,NA,NA,4,204,309,NA,0,NA,NA,0,NA,NA,NA,NA,NA,NA,NA,NA,NA,NA,NA,6,NA,NA,NA,NA,7.452339688041594,NA,0,NA,NA,NA,157.19237435008665,NA,0.5199306759098787,NA,NA,NA,NA,NA,NA,NA,NA,NA,0,NA,NA,NA,NA,NA,NA,NA,NA,0.17331022530329288,NA,NA,0,NA,0,NA,NA,NA,0.6932409012131715,35.35528596187175,53.552859618717505,NA,0,NA,NA,0,NA,NA,NA,NA,NA,NA,NA,NA,NA,NA,NA,1.0398613518197575
27045,2024,27,Lugo,45,Pedrafita do Cebreiro,857,610,247,6,3,601,604,71.17852975495916,NA,NA,NA,NA,72,NA,NA,NA,NA,NA,857,NA,NA,NA,NA,NA,NA,NA,2,0,NA,NA,NA,NA,NA,NA,NA,NA,NA,NA,NA,NA,NA,NA,0,NA,NA,NA,NA,0,NA,239,279,NA,0,NA,NA,NA,NA,NA,NA,2,NA,NA,NA,NA,NA,NA,NA,7,NA,NA,NA,NA,11.920529801324504,NA,NA,NA,NA,NA,141.88741721854305,NA,NA,NA,NA,NA,NA,NA,0.33112582781456956,0,NA,NA,NA,NA,NA,NA,NA,NA,NA,NA,NA,NA,NA,NA,0,NA,NA,NA,NA,0,NA,39.569536423841065,46.19205298013245,NA,0,NA,NA,NA,NA,NA,NA,0.33112582781456956,NA,NA,NA,NA,NA,NA,NA,1.1589403973509933
27046,2001,27,Lugo,46,Pol,1872,1461,411,7,14,1440,1454,78.0448717948718,NA,NA,NA,0,330,NA,NA,NA,NA,NA,NA,NA,NA,NA,NA,NA,NA,4,NA,NA,0,NA,NA,1,NA,3,NA,NA,NA,NA,NA,NA,NA,NA,NA,NA,NA,1,NA,NA,NA,943,158,NA,NA,NA,NA,NA,NA,NA,0,NA,NA,NA,NA,NA,NA,NA,NA,NA,NA,NA,NA,0,22.696011004126547,NA,NA,NA,NA,NA,NA,NA,NA,NA,NA,NA,NA,0.2751031636863824,NA,NA,0,NA,NA,0.0687757909215956,NA,0.20632737276478677,NA,NA,NA,NA,NA,NA,NA,NA,NA,NA,NA,0.0687757909215956,NA,NA,NA,64.85557083906464,10.866574965612106,NA,NA,NA,NA,NA,NA,NA,0,NA,NA,NA,NA,NA,NA,NA,NA,NA
27046,2005,27,Lugo,46,Pol,1770,1493,277,9,7,1477,1484,84.35028248587571,NA,NA,NA,1,292,NA,NA,NA,NA,0,NA,NA,NA,NA,NA,NA,NA,NA,NA,NA,NA,NA,NA,3,1,0,NA,NA,NA,NA,NA,NA,0,NA,NA,NA,NA,0,NA,NA,NA,801,379,NA,NA,NA,NA,NA,NA,NA,NA,NA,NA,NA,NA,NA,NA,NA,NA,NA,NA,NA,NA,0.06738544474393532,19.67654986522911,NA,NA,NA,NA,0,NA,NA,NA,NA,NA,NA,NA,NA,NA,NA,NA,NA,NA,0.20215633423180593,0.06738544474393532,0,NA,NA,NA,NA,NA,NA,0,NA,NA,NA,NA,0,NA,NA,NA,53.97574123989218,25.539083557951482,NA,NA,NA,NA,NA,NA,NA,NA,NA,NA,NA,NA,NA,NA,NA,NA,NA
27046,2009,27,Lugo,46,Pol,1658,1331,327,16,20,1295,1315,80.27744270205066,NA,NA,NA,NA,199,NA,NA,NA,NA,NA,NA,NA,NA,NA,NA,NA,NA,NA,NA,NA,NA,NA,NA,3,0,1,NA,4,NA,NA,1,NA,2,NA,NA,NA,NA,0,NA,NA,NA,566,506,NA,5,NA,NA,NA,NA,NA,NA,NA,1,NA,NA,NA,NA,7,NA,NA,NA,NA,NA,NA,15.133079847908744,NA,NA,NA,NA,NA,NA,NA,NA,NA,NA,NA,NA,NA,NA,NA,NA,NA,NA,0.22813688212927757,0,0.07604562737642585,NA,0.3041825095057034,NA,NA,0.07604562737642585,NA,0.1520912547528517,NA,NA,NA,NA,0,NA,NA,NA,43.041825095057035,38.47908745247148,NA,0.38022813688212925,NA,NA,NA,NA,NA,NA,NA,0.07604562737642585,NA,NA,NA,NA,0.532319391634981,NA,NA
27046,2012,27,Lugo,46,Pol,1612,1178,434,29,19,1130,1149,73.07692307692307,0,94,NA,NA,97,NA,0,NA,1,NA,NA,NA,NA,1,0,NA,0,NA,4,NA,NA,NA,NA,NA,3,NA,NA,NA,2,NA,NA,NA,NA,NA,1,NA,0,0,0,NA,NA,505,412,1,2,1,NA,NA,0,1,0,NA,NA,1,NA,NA,0,4,NA,NA,0,8.181026979982594,NA,NA,8.44212358572672,NA,0,NA,0.08703220191470844,NA,NA,NA,NA,0.08703220191470844,0,NA,0,NA,0.34812880765883375,NA,NA,NA,NA,NA,0.26109660574412535,NA,NA,NA,0.17406440382941687,NA,NA,NA,NA,NA,0.08703220191470844,NA,0,0,0,NA,NA,43.95126196692776,35.85726718885988,0.08703220191470844,0.17406440382941687,0.08703220191470844,NA,NA,0,0.08703220191470844,0,NA,NA,0.08703220191470844,NA,NA,0,0.34812880765883375,NA,NA
27046,2016,27,Lugo,46,Pol,1523,1054,469,12,11,1031,1042,69.20551543007223,0,NA,0,NA,NA,82,0,0,NA,NA,NA,NA,18,0,NA,NA,0,NA,0,NA,NA,129,NA,NA,NA,NA,2,NA,NA,NA,NA,NA,NA,0,3,0,0,NA,NA,NA,NA,465,331,NA,NA,NA,1,NA,NA,NA,NA,NA,NA,NA,NA,0,NA,NA,0,NA,0,NA,0,NA,NA,7.869481765834934,0,0,NA,NA,NA,NA,1.727447216890595,0,NA,NA,0,NA,0,NA,NA,12.380038387715931,NA,NA,NA,NA,0.19193857965451055,NA,NA,NA,NA,NA,NA,0,0.28790786948176583,0,0,NA,NA,NA,NA,44.62571976967371,31.765834932821495,NA,NA,NA,0.09596928982725528,NA,NA,NA,NA,NA,NA,NA,NA,0,NA,NA,0,NA
27046,2020,27,Lugo,46,Pol,1449,895,554,10,8,877,885,61.76673567977916,NA,NA,NA,NA,181,NA,0,NA,NA,NA,1449,NA,1,NA,NA,NA,NA,NA,NA,NA,NA,NA,0,NA,NA,NA,NA,NA,NA,NA,NA,2,NA,NA,2,NA,0,NA,NA,NA,16,441,219,NA,0,NA,NA,0,NA,NA,NA,NA,NA,NA,NA,NA,NA,NA,NA,15,NA,NA,NA,NA,20.451977401129945,NA,0,NA,NA,NA,163.72881355932202,NA,0.11299435028248588,NA,NA,NA,NA,NA,NA,NA,NA,NA,0,NA,NA,NA,NA,NA,NA,NA,NA,0.22598870056497175,NA,NA,0.22598870056497175,NA,0,NA,NA,NA,1.807909604519774,49.83050847457628,24.74576271186441,NA,0,NA,NA,0,NA,NA,NA,NA,NA,NA,NA,NA,NA,NA,NA,1.694915254237288
27046,2024,27,Lugo,46,Pol,1362,1058,304,16,6,1036,1042,77.67988252569751,NA,NA,NA,NA,225,NA,NA,NA,NA,NA,1362,NA,NA,NA,NA,NA,NA,NA,0,0,NA,NA,NA,NA,NA,NA,NA,NA,NA,NA,NA,NA,NA,NA,0,NA,NA,NA,NA,3,NA,489,302,NA,0,NA,NA,NA,NA,NA,NA,3,NA,NA,NA,NA,NA,NA,NA,14,NA,NA,NA,NA,21.593090211132438,NA,NA,NA,NA,NA,130.7101727447217,NA,NA,NA,NA,NA,NA,NA,0,0,NA,NA,NA,NA,NA,NA,NA,NA,NA,NA,NA,NA,NA,NA,0,NA,NA,NA,NA,0.28790786948176583,NA,46.92898272552783,28.982725527831093,NA,0,NA,NA,NA,NA,NA,NA,0.28790786948176583,NA,NA,NA,NA,NA,NA,NA,1.3435700575815739
27047,2001,27,Lugo,47,Pobra de Brollón (A),2356,1597,759,14,3,1580,1583,67.78438030560272,NA,NA,NA,4,298,NA,NA,NA,NA,NA,NA,NA,NA,NA,NA,NA,NA,3,NA,NA,2,NA,NA,1,NA,2,NA,NA,NA,NA,NA,NA,NA,NA,NA,NA,NA,0,NA,NA,NA,958,312,NA,NA,NA,NA,NA,NA,NA,0,NA,NA,NA,NA,NA,NA,NA,NA,NA,NA,NA,NA,0.2526847757422615,18.82501579279848,NA,NA,NA,NA,NA,NA,NA,NA,NA,NA,NA,NA,0.18951358180669614,NA,NA,0.12634238787113075,NA,NA,0.06317119393556538,NA,0.12634238787113075,NA,NA,NA,NA,NA,NA,NA,NA,NA,NA,NA,0,NA,NA,NA,60.518003790271635,19.7094125078964,NA,NA,NA,NA,NA,NA,NA,0,NA,NA,NA,NA,NA,NA,NA,NA,NA
27047,2005,27,Lugo,47,Pobra de Brollón (A),2167,1515,652,4,15,1496,1511,69.91232118135672,NA,NA,NA,1,238,NA,NA,NA,NA,0,NA,NA,NA,NA,NA,NA,NA,NA,NA,NA,NA,NA,NA,7,0,2,NA,NA,NA,NA,NA,NA,0,NA,NA,NA,NA,0,NA,NA,NA,749,499,NA,NA,NA,NA,NA,NA,NA,NA,NA,NA,NA,NA,NA,NA,NA,NA,NA,NA,NA,NA,0.06618133686300463,15.751158173395103,NA,NA,NA,NA,0,NA,NA,NA,NA,NA,NA,NA,NA,NA,NA,NA,NA,NA,0.4632693580410324,0,0.13236267372600927,NA,NA,NA,NA,NA,NA,0,NA,NA,NA,NA,0,NA,NA,NA,49.56982131039047,33.02448709463931,NA,NA,NA,NA,NA,NA,NA,NA,NA,NA,NA,NA,NA,NA,NA,NA,NA
27047,2009,27,Lugo,47,Pobra de Brollón (A),1944,1509,435,10,10,1489,1499,77.62345679012346,NA,NA,NA,NA,482,NA,NA,NA,NA,NA,NA,NA,NA,NA,NA,NA,NA,NA,NA,NA,NA,NA,NA,0,1,1,NA,0,NA,NA,0,NA,2,NA,NA,NA,NA,0,NA,NA,NA,572,414,NA,0,NA,NA,NA,NA,NA,NA,NA,5,NA,NA,NA,NA,12,NA,NA,NA,NA,NA,NA,32.15476984656437,NA,NA,NA,NA,NA,NA,NA,NA,NA,NA,NA,NA,NA,NA,NA,NA,NA,NA,0,0.06671114076050699,0.06671114076050699,NA,0,NA,NA,0,NA,0.13342228152101399,NA,NA,NA,NA,0,NA,NA,NA,38.15877251501001,27.618412274849902,NA,0,NA,NA,NA,NA,NA,NA,NA,0.333555703802535,NA,NA,NA,NA,0.8005336891260841,NA,NA
27047,2012,27,Lugo,47,Pobra do Brollón (A),1796,1185,611,32,21,1132,1153,65.97995545657017,0,74,NA,NA,235,NA,0,NA,0,NA,NA,NA,NA,0,0,NA,0,NA,4,NA,NA,NA,NA,NA,0,NA,NA,NA,3,NA,NA,NA,NA,NA,3,NA,0,0,0,NA,NA,477,302,1,0,27,NA,NA,0,1,0,NA,NA,0,NA,NA,0,5,NA,NA,0,6.418039895923677,NA,NA,20.38161318300087,NA,0,NA,0,NA,NA,NA,NA,0,0,NA,0,NA,0.3469210754553339,NA,NA,NA,NA,NA,0,NA,NA,NA,0.26019080659150046,NA,NA,NA,NA,NA,0.26019080659150046,NA,0,0,0,NA,NA,41.37033824804857,26.192541196877713,0.08673026886383348,0,2.3417172593235036,NA,NA,0,0.08673026886383348,0,NA,NA,0,NA,NA,0,0.43365134431916735,NA,NA
27047,2016,27,Lugo,47,A Pobra do Brollón,1611,1088,523,13,9,1066,1075,67.5356921166977,0,NA,0,NA,NA,232,0,0,NA,NA,NA,NA,29,1,NA,NA,0,NA,0,NA,NA,133,NA,NA,NA,NA,4,NA,NA,NA,NA,NA,NA,0,4,0,0,NA,NA,NA,NA,469,194,NA,NA,NA,0,NA,NA,NA,NA,NA,NA,NA,NA,0,NA,NA,0,NA,0,NA,0,NA,NA,21.58139534883721,0,0,NA,NA,NA,NA,2.697674418604651,0.09302325581395349,NA,NA,0,NA,0,NA,NA,12.372093023255815,NA,NA,NA,NA,0.37209302325581395,NA,NA,NA,NA,NA,NA,0,0.37209302325581395,0,0,NA,NA,NA,NA,43.627906976744185,18.046511627906977,NA,NA,NA,0,NA,NA,NA,NA,NA,NA,NA,NA,0,NA,NA,0,NA
27047,2020,27,Lugo,47,A Pobra do Brollón,1483,884,599,8,5,871,876,59.60890087660148,NA,NA,NA,NA,261,NA,0,NA,NA,NA,1482,NA,4,NA,NA,NA,NA,NA,NA,NA,NA,NA,1,NA,NA,NA,NA,NA,NA,NA,NA,3,NA,NA,3,NA,0,NA,NA,NA,18,424,145,NA,0,NA,NA,0,NA,NA,NA,NA,NA,NA,NA,NA,NA,NA,NA,12,NA,NA,NA,NA,29.794520547945208,NA,0,NA,NA,NA,169.17808219178085,NA,0.45662100456621,NA,NA,NA,NA,NA,NA,NA,NA,NA,0.1141552511415525,NA,NA,NA,NA,NA,NA,NA,NA,0.3424657534246575,NA,NA,0.3424657534246575,NA,0,NA,NA,NA,2.054794520547945,48.401826484018265,16.552511415525114,NA,0,NA,NA,0,NA,NA,NA,NA,NA,NA,NA,NA,NA,NA,NA,1.36986301369863
27047,2024,27,Lugo,47,A Pobra do Brollón,1417,1026,391,5,8,1013,1021,72.40649258997884,NA,NA,NA,NA,362,NA,NA,NA,NA,NA,1417,NA,NA,NA,NA,NA,NA,NA,1,0,NA,NA,NA,NA,NA,NA,NA,NA,NA,NA,NA,NA,NA,NA,2,NA,NA,NA,NA,2,NA,481,147,NA,0,NA,NA,NA,NA,NA,NA,1,NA,NA,NA,NA,NA,NA,NA,17,NA,NA,NA,NA,35.45543584720862,NA,NA,NA,NA,NA,138.78550440744368,NA,NA,NA,NA,NA,NA,NA,0.0979431929480901,0,NA,NA,NA,NA,NA,NA,NA,NA,NA,NA,NA,NA,NA,NA,0.1958863858961802,NA,NA,NA,NA,0.1958863858961802,NA,47.110675808031345,14.397649363369247,NA,0,NA,NA,NA,NA,NA,NA,0.0979431929480901,NA,NA,NA,NA,NA,NA,NA,1.665034280117532
27048,2001,27,Lugo,48,Pontenova (A),3009,2333,676,20,23,2290,2313,77.53406447324693,NA,NA,NA,8,375,NA,NA,NA,NA,NA,NA,NA,NA,NA,NA,NA,NA,2,NA,NA,4,NA,NA,2,NA,0,NA,NA,NA,NA,NA,NA,NA,NA,NA,NA,NA,4,NA,NA,NA,1533,362,NA,NA,NA,NA,NA,NA,NA,0,NA,NA,NA,NA,NA,NA,NA,NA,NA,NA,NA,NA,0.34587116299178555,16.212710765239947,NA,NA,NA,NA,NA,NA,NA,NA,NA,NA,NA,NA,0.08646779074794639,NA,NA,0.17293558149589278,NA,NA,0.08646779074794639,NA,0,NA,NA,NA,NA,NA,NA,NA,NA,NA,NA,NA,0.17293558149589278,NA,NA,NA,66.2775616083009,15.650670125378296,NA,NA,NA,NA,NA,NA,NA,0,NA,NA,NA,NA,NA,NA,NA,NA,NA
27048,2005,27,Lugo,48,Pontenova (A),2741,2174,567,26,32,2116,2148,79.31411893469537,NA,NA,NA,6,241,NA,NA,NA,NA,1,NA,NA,NA,NA,NA,NA,NA,NA,NA,NA,NA,NA,NA,2,2,1,NA,NA,NA,NA,NA,NA,1,NA,NA,NA,NA,2,NA,NA,NA,1187,673,NA,NA,NA,NA,NA,NA,NA,NA,NA,NA,NA,NA,NA,NA,NA,NA,NA,NA,NA,NA,0.27932960893854747,11.219739292364991,NA,NA,NA,NA,0.04655493482309125,NA,NA,NA,NA,NA,NA,NA,NA,NA,NA,NA,NA,NA,0.0931098696461825,0.0931098696461825,0.04655493482309125,NA,NA,NA,NA,NA,NA,0.04655493482309125,NA,NA,NA,NA,0.0931098696461825,NA,NA,NA,55.26070763500931,31.331471135940408,NA,NA,NA,NA,NA,NA,NA,NA,NA,NA,NA,NA,NA,NA,NA,NA,NA
27048,2009,27,Lugo,48,Pontenova (A),2566,2054,512,34,24,1996,2020,80.04676539360874,NA,NA,NA,NA,220,NA,NA,NA,NA,NA,NA,NA,NA,NA,NA,NA,NA,NA,NA,NA,NA,NA,NA,1,1,3,NA,0,NA,NA,1,NA,1,NA,NA,NA,NA,2,NA,NA,NA,794,969,NA,1,NA,NA,NA,NA,NA,NA,NA,1,NA,NA,NA,NA,2,NA,NA,NA,NA,NA,NA,10.891089108910892,NA,NA,NA,NA,NA,NA,NA,NA,NA,NA,NA,NA,NA,NA,NA,NA,NA,NA,0.04950495049504951,0.04950495049504951,0.1485148514851485,NA,0,NA,NA,0.04950495049504951,NA,0.04950495049504951,NA,NA,NA,NA,0.09900990099009901,NA,NA,NA,39.30693069306931,47.97029702970297,NA,0.04950495049504951,NA,NA,NA,NA,NA,NA,NA,0.04950495049504951,NA,NA,NA,NA,0.09900990099009901,NA,NA
27048,2012,27,Lugo,48,Pontenova (A),2342,1798,544,56,35,1707,1742,76.77198975234842,0,91,NA,NA,100,NA,0,NA,0,NA,NA,NA,NA,13,0,NA,0,NA,8,NA,NA,NA,NA,NA,0,NA,NA,NA,3,NA,NA,NA,NA,NA,0,NA,0,0,0,NA,NA,820,651,0,2,1,NA,NA,0,3,0,NA,NA,2,NA,NA,0,13,NA,NA,0,5.223880597014925,NA,NA,5.7405281285878305,NA,0,NA,0,NA,NA,NA,NA,0.7462686567164178,0,NA,0,NA,0.4592422502870264,NA,NA,NA,NA,NA,0,NA,NA,NA,0.1722158438576349,NA,NA,NA,NA,NA,0,NA,0,0,0,NA,NA,47.072330654420206,37.37083811710677,0,0.1148105625717566,0.0574052812858783,NA,NA,0,0.1722158438576349,0,NA,NA,0.1148105625717566,NA,NA,0,0.7462686567164178,NA,NA
27048,2016,27,Lugo,48,A Pontenova,2115,1483,632,23,9,1451,1460,70.11820330969267,0,NA,0,NA,NA,72,0,0,NA,NA,NA,NA,20,2,NA,NA,0,NA,0,NA,NA,110,NA,NA,NA,NA,1,NA,NA,NA,NA,NA,NA,0,2,0,0,NA,NA,NA,NA,720,520,NA,NA,NA,4,NA,NA,NA,NA,NA,NA,NA,NA,0,NA,NA,0,NA,0,NA,0,NA,NA,4.931506849315069,0,0,NA,NA,NA,NA,1.36986301369863,0.136986301369863,NA,NA,0,NA,0,NA,NA,7.534246575342466,NA,NA,NA,NA,0.0684931506849315,NA,NA,NA,NA,NA,NA,0,0.136986301369863,0,0,NA,NA,NA,NA,49.31506849315068,35.61643835616438,NA,NA,NA,0.273972602739726,NA,NA,NA,NA,NA,NA,NA,NA,0,NA,NA,0,NA
27048,2020,27,Lugo,48,A Pontenova,1965,1253,712,25,19,1209,1228,63.76590330788804,NA,NA,NA,NA,153,NA,0,NA,NA,NA,1965,NA,2,NA,NA,NA,NA,NA,NA,NA,NA,NA,0,NA,NA,NA,NA,NA,NA,NA,NA,1,NA,NA,4,NA,0,NA,NA,NA,23,594,408,NA,1,NA,NA,0,NA,NA,NA,NA,NA,NA,NA,NA,NA,NA,NA,23,NA,NA,NA,NA,12.45928338762215,NA,0,NA,NA,NA,160.01628664495112,NA,0.16286644951140067,NA,NA,NA,NA,NA,NA,NA,NA,NA,0,NA,NA,NA,NA,NA,NA,NA,NA,0.08143322475570033,NA,NA,0.32573289902280134,NA,0,NA,NA,NA,1.8729641693811077,48.37133550488599,33.22475570032573,NA,0.08143322475570033,NA,NA,0,NA,NA,NA,NA,NA,NA,NA,NA,NA,NA,NA,1.8729641693811077
27048,2024,27,Lugo,48,A Pontenova,1857,1347,510,11,11,1325,1336,72.53634894991923,NA,NA,NA,NA,227,NA,NA,NA,NA,NA,1857,NA,NA,NA,NA,NA,NA,NA,1,1,NA,NA,NA,NA,NA,NA,NA,NA,NA,NA,NA,NA,NA,NA,2,NA,NA,NA,NA,3,NA,640,423,NA,1,NA,NA,NA,NA,NA,NA,7,NA,NA,NA,NA,NA,NA,NA,20,NA,NA,NA,NA,16.991017964071855,NA,NA,NA,NA,NA,138.99700598802397,NA,NA,NA,NA,NA,NA,NA,0.07485029940119761,0.07485029940119761,NA,NA,NA,NA,NA,NA,NA,NA,NA,NA,NA,NA,NA,NA,0.14970059880239522,NA,NA,NA,NA,0.2245508982035928,NA,47.90419161676647,31.66167664670659,NA,0.07485029940119761,NA,NA,NA,NA,NA,NA,0.5239520958083832,NA,NA,NA,NA,NA,NA,NA,1.4970059880239521
27049,2001,27,Lugo,49,Portomarín,1815,1157,658,12,5,1140,1145,63.746556473829195,NA,NA,NA,0,250,NA,NA,NA,NA,NA,NA,NA,NA,NA,NA,NA,NA,3,NA,NA,3,NA,NA,1,NA,3,NA,NA,NA,NA,NA,NA,NA,NA,NA,NA,NA,3,NA,NA,NA,734,143,NA,NA,NA,NA,NA,NA,NA,0,NA,NA,NA,NA,NA,NA,NA,NA,NA,NA,NA,NA,0,21.83406113537118,NA,NA,NA,NA,NA,NA,NA,NA,NA,NA,NA,NA,0.26200873362445415,NA,NA,0.26200873362445415,NA,NA,0.08733624454148471,NA,0.26200873362445415,NA,NA,NA,NA,NA,NA,NA,NA,NA,NA,NA,0.26200873362445415,NA,NA,NA,64.10480349344978,12.489082969432316,NA,NA,NA,NA,NA,NA,NA,0,NA,NA,NA,NA,NA,NA,NA,NA,NA
27049,2005,27,Lugo,49,Portomarín,1735,1206,529,3,8,1195,1203,69.5100864553314,NA,NA,NA,2,176,NA,NA,NA,NA,1,NA,NA,NA,NA,NA,NA,NA,NA,NA,NA,NA,NA,NA,0,0,1,NA,NA,NA,NA,NA,NA,1,NA,NA,NA,NA,0,NA,NA,NA,705,309,NA,NA,NA,NA,NA,NA,NA,NA,NA,NA,NA,NA,NA,NA,NA,NA,NA,NA,NA,NA,0.1662510390689942,14.630091438071489,NA,NA,NA,NA,0.0831255195344971,NA,NA,NA,NA,NA,NA,NA,NA,NA,NA,NA,NA,NA,0,0,0.0831255195344971,NA,NA,NA,NA,NA,NA,0.0831255195344971,NA,NA,NA,NA,0,NA,NA,NA,58.60349127182045,25.6857855361596,NA,NA,NA,NA,NA,NA,NA,NA,NA,NA,NA,NA,NA,NA,NA,NA,NA
27049,2009,27,Lugo,49,Portomarín,1607,1166,441,10,11,1145,1156,72.55756067205974,NA,NA,NA,NA,255,NA,NA,NA,NA,NA,NA,NA,NA,NA,NA,NA,NA,NA,NA,NA,NA,NA,NA,2,0,0,NA,0,NA,NA,0,NA,0,NA,NA,NA,NA,0,NA,NA,NA,589,293,NA,1,NA,NA,NA,NA,NA,NA,NA,0,NA,NA,NA,NA,5,NA,NA,NA,NA,NA,NA,22.058823529411764,NA,NA,NA,NA,NA,NA,NA,NA,NA,NA,NA,NA,NA,NA,NA,NA,NA,NA,0.17301038062283738,0,0,NA,0,NA,NA,0,NA,0,NA,NA,NA,NA,0,NA,NA,NA,50.951557093425606,25.346020761245676,NA,0.08650519031141869,NA,NA,NA,NA,NA,NA,NA,0,NA,NA,NA,NA,0.43252595155709345,NA,NA
27049,2012,27,Lugo,49,Portomarín,1506,974,532,15,19,940,959,64.6746347941567,0,77,NA,NA,56,NA,0,NA,4,NA,NA,NA,NA,0,0,NA,0,NA,5,NA,NA,NA,NA,NA,1,NA,NA,NA,2,NA,NA,NA,NA,NA,0,NA,0,0,0,NA,NA,580,204,1,2,0,NA,NA,0,0,0,NA,NA,0,NA,NA,0,8,NA,NA,0,8.02919708029197,NA,NA,5.839416058394161,NA,0,NA,0.4171011470281543,NA,NA,NA,NA,0,0,NA,0,NA,0.5213764337851928,NA,NA,NA,NA,NA,0.10427528675703858,NA,NA,NA,0.20855057351407716,NA,NA,NA,NA,NA,0,NA,0,0,0,NA,NA,60.479666319082384,21.27215849843587,0.10427528675703858,0.20855057351407716,0,NA,NA,0,0,0,NA,NA,0,NA,NA,0,0.8342022940563086,NA,NA
27049,2016,27,Lugo,49,Portomarín,1396,950,446,4,3,943,946,68.0515759312321,0,NA,0,NA,NA,39,1,0,NA,NA,NA,NA,26,1,NA,NA,0,NA,0,NA,NA,66,NA,NA,NA,NA,0,NA,NA,NA,NA,NA,NA,0,4,0,0,NA,NA,NA,NA,615,189,NA,NA,NA,2,NA,NA,NA,NA,NA,NA,NA,NA,0,NA,NA,0,NA,0,NA,0,NA,NA,4.12262156448203,0.10570824524312897,0,NA,NA,NA,NA,2.748414376321353,0.10570824524312897,NA,NA,0,NA,0,NA,NA,6.976744186046512,NA,NA,NA,NA,0,NA,NA,NA,NA,NA,NA,0,0.42283298097251587,0,0,NA,NA,NA,NA,65.01057082452432,19.978858350951374,NA,NA,NA,0.21141649048625794,NA,NA,NA,NA,NA,NA,NA,NA,0,NA,NA,0,NA
27049,2020,27,Lugo,49,Portomarín,1287,869,418,8,13,848,861,67.52136752136752,NA,NA,NA,NA,97,NA,0,NA,NA,NA,1284,NA,0,NA,NA,NA,NA,NA,NA,NA,NA,NA,0,NA,NA,NA,NA,NA,NA,NA,NA,2,NA,NA,0,NA,1,NA,NA,NA,2,609,114,NA,0,NA,NA,0,NA,NA,NA,NA,NA,NA,NA,NA,NA,NA,NA,23,NA,NA,NA,NA,11.265969802555169,NA,0,NA,NA,NA,149.12891986062718,NA,0,NA,NA,NA,NA,NA,NA,NA,NA,NA,0,NA,NA,NA,NA,NA,NA,NA,NA,0.23228803716608595,NA,NA,0,NA,0.11614401858304298,NA,NA,NA,0.23228803716608595,70.73170731707317,13.240418118466899,NA,0,NA,NA,0,NA,NA,NA,NA,NA,NA,NA,NA,NA,NA,NA,2.671312427409988
27049,2024,27,Lugo,49,Portomarín,1210,902,308,11,3,888,891,74.54545454545455,NA,NA,NA,NA,134,NA,NA,NA,NA,NA,1210,NA,NA,NA,NA,NA,NA,NA,0,0,NA,NA,NA,NA,NA,NA,NA,NA,NA,NA,NA,NA,NA,NA,1,NA,NA,NA,NA,0,NA,602,135,NA,2,NA,NA,NA,NA,NA,NA,1,NA,NA,NA,NA,NA,NA,NA,13,NA,NA,NA,NA,15.039281705948374,NA,NA,NA,NA,NA,135.80246913580248,NA,NA,NA,NA,NA,NA,NA,0,0,NA,NA,NA,NA,NA,NA,NA,NA,NA,NA,NA,NA,NA,NA,0.11223344556677892,NA,NA,NA,NA,0,NA,67.5645342312009,15.151515151515152,NA,0.22446689113355783,NA,NA,NA,NA,NA,NA,0.11223344556677892,NA,NA,NA,NA,NA,NA,NA,1.4590347923681257
27050,2001,27,Lugo,50,Quiroga,3839,2848,991,22,20,2806,2826,74.18598593383695,NA,NA,NA,1,317,NA,NA,NA,NA,NA,NA,NA,NA,NA,NA,NA,NA,2,NA,NA,0,NA,NA,2,NA,5,NA,NA,NA,NA,NA,NA,NA,NA,NA,NA,NA,2,NA,NA,NA,2036,441,NA,NA,NA,NA,NA,NA,NA,0,NA,NA,NA,NA,NA,NA,NA,NA,NA,NA,NA,NA,0.035385704175513094,11.21726822363765,NA,NA,NA,NA,NA,NA,NA,NA,NA,NA,NA,NA,0.07077140835102619,NA,NA,0,NA,NA,0.07077140835102619,NA,0.17692852087756544,NA,NA,NA,NA,NA,NA,NA,NA,NA,NA,NA,0.07077140835102619,NA,NA,NA,72.04529370134466,15.605095541401273,NA,NA,NA,NA,NA,NA,NA,0,NA,NA,NA,NA,NA,NA,NA,NA,NA
27050,2005,27,Lugo,50,Quiroga,3685,2931,754,16,10,2905,2915,79.53867028493895,NA,NA,NA,1,218,NA,NA,NA,NA,1,NA,NA,NA,NA,NA,NA,NA,NA,NA,NA,NA,NA,NA,3,0,1,NA,NA,NA,NA,NA,NA,5,NA,NA,NA,NA,2,NA,NA,NA,1998,676,NA,NA,NA,NA,NA,NA,NA,NA,NA,NA,NA,NA,NA,NA,NA,NA,NA,NA,NA,NA,0.03430531732418524,7.478559176672384,NA,NA,NA,NA,0.03430531732418524,NA,NA,NA,NA,NA,NA,NA,NA,NA,NA,NA,NA,NA,0.10291595197255575,0,0.03430531732418524,NA,NA,NA,NA,NA,NA,0.17152658662092624,NA,NA,NA,NA,0.06861063464837049,NA,NA,NA,68.54202401372213,23.19039451114923,NA,NA,NA,NA,NA,NA,NA,NA,NA,NA,NA,NA,NA,NA,NA,NA,NA
27050,2009,27,Lugo,50,Quiroga,3377,2631,746,14,19,2598,2617,77.9093870299082,NA,NA,NA,NA,249,NA,NA,NA,NA,NA,NA,NA,NA,NA,NA,NA,NA,NA,NA,NA,NA,NA,NA,1,0,0,NA,0,NA,NA,2,NA,7,NA,NA,NA,NA,1,NA,NA,NA,1707,621,NA,2,NA,NA,NA,NA,NA,NA,NA,1,NA,NA,NA,NA,7,NA,NA,NA,NA,NA,NA,9.514711501719527,NA,NA,NA,NA,NA,NA,NA,NA,NA,NA,NA,NA,NA,NA,NA,NA,NA,NA,0.03821169277799007,0,0,NA,0,NA,NA,0.07642338555598013,NA,0.26748184944593045,NA,NA,NA,NA,0.03821169277799007,NA,NA,NA,65.22735957202904,23.72946121513183,NA,0.07642338555598013,NA,NA,NA,NA,NA,NA,NA,0.03821169277799007,NA,NA,NA,NA,0.26748184944593045,NA,NA
27050,2012,27,Lugo,50,Quiroga,3164,2271,893,71,30,2170,2200,71.77623261694059,0,87,NA,NA,165,NA,2,NA,2,NA,NA,NA,NA,4,0,NA,0,NA,10,NA,NA,NA,NA,NA,0,NA,NA,NA,5,NA,NA,NA,NA,NA,3,NA,0,0,0,NA,NA,1487,390,3,0,0,NA,NA,0,2,0,NA,NA,1,NA,NA,0,9,NA,NA,0,3.954545454545454,NA,NA,7.5,NA,0.09090909090909091,NA,0.09090909090909091,NA,NA,NA,NA,0.18181818181818182,0,NA,0,NA,0.45454545454545453,NA,NA,NA,NA,NA,0,NA,NA,NA,0.22727272727272727,NA,NA,NA,NA,NA,0.13636363636363638,NA,0,0,0,NA,NA,67.5909090909091,17.727272727272727,0.13636363636363638,0,0,NA,NA,0,0.09090909090909091,0,NA,NA,0.045454545454545456,NA,NA,0,0.4090909090909091,NA,NA
27050,2016,27,Lugo,50,Quiroga,2945,2065,880,26,13,2026,2039,70.11884550084889,0,NA,0,NA,NA,95,1,0,NA,NA,NA,NA,46,1,NA,NA,0,NA,0,NA,NA,259,NA,NA,NA,NA,2,NA,NA,NA,NA,NA,NA,0,4,3,0,NA,NA,NA,NA,1340,273,NA,NA,NA,2,NA,NA,NA,NA,NA,NA,NA,NA,0,NA,NA,0,NA,0,NA,0,NA,NA,4.659146640510055,0.04904364884747425,0,NA,NA,NA,NA,2.2560078469838154,0.04904364884747425,NA,NA,0,NA,0,NA,NA,12.702305051495832,NA,NA,NA,NA,0.0980872976949485,NA,NA,NA,NA,NA,NA,0,0.196174595389897,0.14713094654242276,0,NA,NA,NA,NA,65.7184894556155,13.388916135360471,NA,NA,NA,0.0980872976949485,NA,NA,NA,NA,NA,NA,NA,NA,0,NA,NA,0,NA
27050,2020,27,Lugo,50,Quiroga,2794,1775,1019,23,11,1741,1752,63.52899069434502,NA,NA,NA,NA,224,NA,0,NA,NA,NA,2794,NA,3,NA,NA,NA,NA,NA,NA,NA,NA,NA,0,NA,NA,NA,NA,NA,NA,NA,NA,1,NA,NA,3,NA,0,NA,NA,NA,42,1175,263,NA,1,NA,NA,0,NA,NA,NA,NA,NA,NA,NA,NA,NA,NA,NA,29,NA,NA,NA,NA,12.785388127853881,NA,0,NA,NA,NA,159.47488584474885,NA,0.17123287671232876,NA,NA,NA,NA,NA,NA,NA,NA,NA,0,NA,NA,NA,NA,NA,NA,NA,NA,0.05707762557077625,NA,NA,0.17123287671232876,NA,0,NA,NA,NA,2.3972602739726026,67.0662100456621,15.011415525114154,NA,0.05707762557077625,NA,NA,0,NA,NA,NA,NA,NA,NA,NA,NA,NA,NA,NA,1.6552511415525113
27050,2024,27,Lugo,50,Quiroga,2677,1840,837,26,10,1804,1814,68.73365707881958,NA,NA,NA,NA,358,NA,NA,NA,NA,NA,2677,NA,NA,NA,NA,NA,NA,NA,3,0,NA,NA,NA,NA,NA,NA,NA,NA,NA,NA,NA,NA,NA,NA,6,NA,NA,NA,NA,4,NA,1085,310,NA,0,NA,NA,NA,NA,NA,NA,8,NA,NA,NA,NA,NA,NA,NA,30,NA,NA,NA,NA,19.735391400220507,NA,NA,NA,NA,NA,147.57442116868796,NA,NA,NA,NA,NA,NA,NA,0.16538037486218302,0,NA,NA,NA,NA,NA,NA,NA,NA,NA,NA,NA,NA,NA,NA,0.33076074972436603,NA,NA,NA,NA,0.2205071664829107,NA,59.812568908489524,17.089305402425577,NA,0,NA,NA,NA,NA,NA,NA,0.4410143329658214,NA,NA,NA,NA,NA,NA,NA,1.6538037486218304
27051,2001,27,Lugo,51,Ribadeo,7716,5404,2312,40,67,5297,5364,70.03628823224469,NA,NA,NA,10,1237,NA,NA,NA,NA,NA,NA,NA,NA,NA,NA,NA,NA,9,NA,NA,22,NA,NA,33,NA,6,NA,NA,NA,NA,NA,NA,NA,NA,NA,NA,NA,14,NA,NA,NA,2687,1279,NA,NA,NA,NA,NA,NA,NA,0,NA,NA,NA,NA,NA,NA,NA,NA,NA,NA,NA,NA,0.18642803877703207,23.061148396718867,NA,NA,NA,NA,NA,NA,NA,NA,NA,NA,NA,NA,0.16778523489932887,NA,NA,0.41014168530947054,NA,NA,0.6152125279642058,NA,0.11185682326621924,NA,NA,NA,NA,NA,NA,NA,NA,NA,NA,NA,0.2609992542878449,NA,NA,NA,50.09321401938852,23.8441461595824,NA,NA,NA,NA,NA,NA,NA,0,NA,NA,NA,NA,NA,NA,NA,NA,NA
27051,2005,27,Lugo,51,Ribadeo,8017,5620,2397,48,77,5495,5572,70.10103529998753,NA,NA,NA,11,1046,NA,NA,NA,NA,8,NA,NA,NA,NA,NA,NA,NA,NA,NA,NA,NA,NA,NA,26,3,5,NA,NA,NA,NA,NA,NA,3,NA,NA,NA,NA,9,NA,NA,NA,2607,1777,NA,NA,NA,NA,NA,NA,NA,NA,NA,NA,NA,NA,NA,NA,NA,NA,NA,NA,NA,NA,0.1974156496769562,18.7724335965542,NA,NA,NA,NA,0.14357501794687724,NA,NA,NA,NA,NA,NA,NA,NA,NA,NA,NA,NA,NA,0.46661880832735103,0.05384063173007896,0.08973438621679827,NA,NA,NA,NA,NA,NA,0.05384063173007896,NA,NA,NA,NA,0.1615218951902369,NA,NA,NA,46.78750897343863,31.891600861450108,NA,NA,NA,NA,NA,NA,NA,NA,NA,NA,NA,NA,NA,NA,NA,NA,NA
27051,2009,27,Lugo,51,Ribadeo,8254,5844,2410,77,115,5652,5767,70.802035376787,NA,NA,NA,NA,1226,NA,NA,NA,NA,NA,NA,NA,NA,NA,NA,NA,NA,NA,NA,NA,NA,NA,NA,42,1,7,NA,3,NA,NA,2,NA,11,NA,NA,NA,NA,6,NA,NA,NA,2659,1522,NA,9,NA,NA,NA,NA,NA,NA,NA,9,NA,NA,NA,NA,155,NA,NA,NA,NA,NA,NA,21.258886769550895,NA,NA,NA,NA,NA,NA,NA,NA,NA,NA,NA,NA,NA,NA,NA,NA,NA,NA,0.7282816022195249,0.017340038148083926,0.12138026703658747,NA,0.05202011444425178,NA,NA,0.03468007629616785,NA,0.19074041962892319,NA,NA,NA,NA,0.10404022888850356,NA,NA,NA,46.10716143575516,26.391538061383734,NA,0.15606034333275534,NA,NA,NA,NA,NA,NA,NA,0.15606034333275534,NA,NA,NA,NA,2.6877059129530085,NA,NA
27051,2012,27,Lugo,51,Ribadeo,8179,5118,3061,144,157,4817,4974,62.57488690548967,0,531,NA,NA,818,NA,1,NA,1,NA,NA,NA,NA,48,0,NA,0,NA,35,NA,NA,NA,NA,NA,10,NA,NA,NA,22,NA,NA,NA,NA,NA,18,NA,0,0,0,NA,NA,2396,855,5,4,4,NA,NA,0,10,0,NA,NA,3,NA,NA,0,56,NA,NA,0,10.675512665862485,NA,NA,16.44551668677121,NA,0.02010454362685967,NA,0.02010454362685967,NA,NA,NA,NA,0.9650180940892641,0,NA,0,NA,0.7036590269400885,NA,NA,NA,NA,NA,0.2010454362685967,NA,NA,NA,0.4422999597909127,NA,NA,NA,NA,NA,0.3618817852834741,NA,0,0,0,NA,NA,48.17048652995577,17.18938480096502,0.10052271813429835,0.08041817450743868,0.08041817450743868,NA,NA,0,0.2010454362685967,0,NA,NA,0.060313630880579006,NA,NA,0,1.1258544431041415,NA,NA
27051,2016,27,Lugo,51,Ribadeo,8096,5109,2987,44,49,5016,5065,63.105237154150196,0,NA,0,NA,NA,596,1,0,NA,NA,NA,NA,185,7,NA,NA,0,NA,0,NA,NA,864,NA,NA,NA,NA,13,NA,NA,NA,NA,NA,NA,0,39,9,0,NA,NA,NA,NA,2544,748,NA,NA,NA,10,NA,NA,NA,NA,NA,NA,NA,NA,0,NA,NA,0,NA,0,NA,0,NA,NA,11.767028627838105,0.019743336623889437,0,NA,NA,NA,NA,3.652517275419546,0.13820335636722605,NA,NA,0,NA,0,NA,NA,17.058242843040475,NA,NA,NA,NA,0.25666337611056267,NA,NA,NA,NA,NA,NA,0,0.7699901283316881,0.17769002961500494,0,NA,NA,NA,NA,50.22704837117473,14.768015794669298,NA,NA,NA,0.19743336623889435,NA,NA,NA,NA,NA,NA,NA,NA,0,NA,NA,0,NA
27051,2020,27,Lugo,51,Ribadeo,8024,4575,3449,39,47,4489,4536,57.01645064805583,NA,NA,NA,NA,1291,NA,0,NA,NA,NA,8024,NA,18,NA,NA,NA,NA,NA,NA,NA,NA,NA,2,NA,NA,NA,NA,NA,NA,NA,NA,25,NA,NA,16,NA,4,NA,NA,NA,134,2282,620,NA,2,NA,NA,3,NA,NA,NA,NA,NA,NA,NA,NA,NA,NA,NA,92,NA,NA,NA,NA,28.46119929453263,NA,0,NA,NA,NA,176.89594356261023,NA,0.3968253968253968,NA,NA,NA,NA,NA,NA,NA,NA,NA,0.04409171075837742,NA,NA,NA,NA,NA,NA,NA,NA,0.5511463844797178,NA,NA,0.3527336860670194,NA,0.08818342151675485,NA,NA,NA,2.954144620811287,50.308641975308646,13.668430335097002,NA,0.04409171075837742,NA,NA,0.06613756613756613,NA,NA,NA,NA,NA,NA,NA,NA,NA,NA,NA,2.0282186948853616
27051,2024,27,Lugo,51,Ribadeo,7992,5352,2640,47,37,5268,5305,66.96696696696696,NA,NA,NA,NA,1562,NA,NA,NA,NA,NA,7992,NA,NA,NA,NA,NA,NA,NA,11,3,NA,NA,NA,NA,NA,NA,NA,NA,NA,NA,NA,NA,NA,NA,13,NA,NA,NA,NA,9,NA,2808,702,NA,3,NA,NA,NA,NA,NA,NA,53,NA,NA,NA,NA,NA,NA,NA,104,NA,NA,NA,NA,29.443920829406224,NA,NA,NA,NA,NA,150.6503298774741,NA,NA,NA,NA,NA,NA,NA,0.20735155513666353,0.05655042412818096,NA,NA,NA,NA,NA,NA,NA,NA,NA,NA,NA,NA,NA,NA,0.24505183788878418,NA,NA,NA,NA,0.16965127238454286,NA,52.93119698397738,13.232799245994345,NA,0.05655042412818096,NA,NA,NA,NA,NA,NA,0.9990574929311969,NA,NA,NA,NA,NA,NA,NA,1.9604147031102734
27052,2001,27,Lugo,52,Ribas de Sil,1204,850,354,1,5,844,849,70.59800664451828,NA,NA,NA,0,80,NA,NA,NA,NA,NA,NA,NA,NA,NA,NA,NA,NA,0,NA,NA,1,NA,NA,0,NA,0,NA,NA,NA,NA,NA,NA,NA,NA,NA,NA,NA,2,NA,NA,NA,379,382,NA,NA,NA,NA,NA,NA,NA,0,NA,NA,NA,NA,NA,NA,NA,NA,NA,NA,NA,NA,0,9.422850412249705,NA,NA,NA,NA,NA,NA,NA,NA,NA,NA,NA,NA,0,NA,NA,0.11778563015312131,NA,NA,0,NA,0,NA,NA,NA,NA,NA,NA,NA,NA,NA,NA,NA,0.23557126030624262,NA,NA,NA,44.64075382803298,44.994110718492344,NA,NA,NA,NA,NA,NA,NA,0,NA,NA,NA,NA,NA,NA,NA,NA,NA
27052,2005,27,Lugo,52,Ribas de Sil,1132,877,255,2,2,873,875,77.47349823321554,NA,NA,NA,0,36,NA,NA,NA,NA,0,NA,NA,NA,NA,NA,NA,NA,NA,NA,NA,NA,NA,NA,1,1,1,NA,NA,NA,NA,NA,NA,0,NA,NA,NA,NA,1,NA,NA,NA,373,460,NA,NA,NA,NA,NA,NA,NA,NA,NA,NA,NA,NA,NA,NA,NA,NA,NA,NA,NA,NA,0,4.114285714285714,NA,NA,NA,NA,0,NA,NA,NA,NA,NA,NA,NA,NA,NA,NA,NA,NA,NA,0.1142857142857143,0.1142857142857143,0.1142857142857143,NA,NA,NA,NA,NA,NA,0,NA,NA,NA,NA,0.1142857142857143,NA,NA,NA,42.628571428571426,52.57142857142857,NA,NA,NA,NA,NA,NA,NA,NA,NA,NA,NA,NA,NA,NA,NA,NA,NA
27052,2009,27,Lugo,52,Ribas de Sil,1037,818,219,5,12,801,813,78.88138862102217,NA,NA,NA,NA,42,NA,NA,NA,NA,NA,NA,NA,NA,NA,NA,NA,NA,NA,NA,NA,NA,NA,NA,0,1,0,NA,0,NA,NA,0,NA,0,NA,NA,NA,NA,0,NA,NA,NA,332,420,NA,1,NA,NA,NA,NA,NA,NA,NA,0,NA,NA,NA,NA,5,NA,NA,NA,NA,NA,NA,5.166051660516605,NA,NA,NA,NA,NA,NA,NA,NA,NA,NA,NA,NA,NA,NA,NA,NA,NA,NA,0,0.12300123001230012,0,NA,0,NA,NA,0,NA,0,NA,NA,NA,NA,0,NA,NA,NA,40.836408364083645,51.66051660516605,NA,0.12300123001230012,NA,NA,NA,NA,NA,NA,NA,0,NA,NA,NA,NA,0.6150061500615006,NA,NA
27052,2012,27,Lugo,52,Ribas de Sil,943,664,279,13,10,641,651,70.4135737009544,0,25,NA,NA,18,NA,0,NA,0,NA,NA,NA,NA,1,0,NA,0,NA,1,NA,NA,NA,NA,NA,0,NA,NA,NA,1,NA,NA,NA,NA,NA,2,NA,0,0,0,NA,NA,306,283,0,0,0,NA,NA,0,1,0,NA,NA,0,NA,NA,0,3,NA,NA,0,3.840245775729647,NA,NA,2.7649769585253456,NA,0,NA,0,NA,NA,NA,NA,0.15360983102918588,0,NA,0,NA,0.15360983102918588,NA,NA,NA,NA,NA,0,NA,NA,NA,0.15360983102918588,NA,NA,NA,NA,NA,0.30721966205837176,NA,0,0,0,NA,NA,47.004608294930875,43.4715821812596,0,0,0,NA,NA,0,0.15360983102918588,0,NA,NA,0,NA,NA,0,0.4608294930875576,NA,NA
27052,2016,27,Lugo,52,Ribas de Sil,912,627,285,4,5,618,623,68.75,0,NA,0,NA,NA,20,0,0,NA,NA,NA,NA,24,0,NA,NA,0,NA,0,NA,NA,55,NA,NA,NA,NA,0,NA,NA,NA,NA,NA,NA,0,1,0,0,NA,NA,NA,NA,302,215,NA,NA,NA,1,NA,NA,NA,NA,NA,NA,NA,NA,0,NA,NA,0,NA,0,NA,0,NA,NA,3.210272873194221,0,0,NA,NA,NA,NA,3.8523274478330656,0,NA,NA,0,NA,0,NA,NA,8.828250401284109,NA,NA,NA,NA,0,NA,NA,NA,NA,NA,NA,0,0.16051364365971107,0,0,NA,NA,NA,NA,48.47512038523274,34.51043338683788,NA,NA,NA,0.16051364365971107,NA,NA,NA,NA,NA,NA,NA,NA,0,NA,NA,0,NA
27052,2020,27,Lugo,52,Ribas de Sil,856,531,325,6,3,522,525,62.032710280373834,NA,NA,NA,NA,67,NA,0,NA,NA,NA,856,NA,0,NA,NA,NA,NA,NA,NA,NA,NA,NA,0,NA,NA,NA,NA,NA,NA,NA,NA,1,NA,NA,1,NA,0,NA,NA,NA,7,246,193,NA,0,NA,NA,1,NA,NA,NA,NA,NA,NA,NA,NA,NA,NA,NA,6,NA,NA,NA,NA,12.761904761904763,NA,0,NA,NA,NA,163.04761904761904,NA,0,NA,NA,NA,NA,NA,NA,NA,NA,NA,0,NA,NA,NA,NA,NA,NA,NA,NA,0.19047619047619047,NA,NA,0.19047619047619047,NA,0,NA,NA,NA,1.3333333333333335,46.85714285714286,36.76190476190476,NA,0,NA,NA,0.19047619047619047,NA,NA,NA,NA,NA,NA,NA,NA,NA,NA,NA,1.1428571428571428
27052,2024,27,Lugo,52,Ribas de Sil,811,576,235,2,2,572,574,71.02342786683107,NA,NA,NA,NA,97,NA,NA,NA,NA,NA,811,NA,NA,NA,NA,NA,NA,NA,0,0,NA,NA,NA,NA,NA,NA,NA,NA,NA,NA,NA,NA,NA,NA,0,NA,NA,NA,NA,0,NA,283,179,NA,1,NA,NA,NA,NA,NA,NA,2,NA,NA,NA,NA,NA,NA,NA,10,NA,NA,NA,NA,16.898954703832754,NA,NA,NA,NA,NA,141.28919860627178,NA,NA,NA,NA,NA,NA,NA,0,0,NA,NA,NA,NA,NA,NA,NA,NA,NA,NA,NA,NA,NA,NA,0,NA,NA,NA,NA,0,NA,49.30313588850174,31.18466898954704,NA,0.17421602787456447,NA,NA,NA,NA,NA,NA,0.34843205574912894,NA,NA,NA,NA,NA,NA,NA,1.7421602787456445
27053,2001,27,Lugo,53,Ribeira de Piquín,791,538,253,1,4,533,537,68.01517067003793,NA,NA,NA,1,94,NA,NA,NA,NA,NA,NA,NA,NA,NA,NA,NA,NA,0,NA,NA,1,NA,NA,1,NA,1,NA,NA,NA,NA,NA,NA,NA,NA,NA,NA,NA,0,NA,NA,NA,317,118,NA,NA,NA,NA,NA,NA,NA,0,NA,NA,NA,NA,NA,NA,NA,NA,NA,NA,NA,NA,0.186219739292365,17.50465549348231,NA,NA,NA,NA,NA,NA,NA,NA,NA,NA,NA,NA,0,NA,NA,0.186219739292365,NA,NA,0.186219739292365,NA,0.186219739292365,NA,NA,NA,NA,NA,NA,NA,NA,NA,NA,NA,0,NA,NA,NA,59.0316573556797,21.973929236499067,NA,NA,NA,NA,NA,NA,NA,0,NA,NA,NA,NA,NA,NA,NA,NA,NA
27053,2005,27,Lugo,53,Ribeira de Piquín,728,545,183,0,5,540,545,74.86263736263736,NA,NA,NA,0,47,NA,NA,NA,NA,0,NA,NA,NA,NA,NA,NA,NA,NA,NA,NA,NA,NA,NA,0,0,0,NA,NA,NA,NA,NA,NA,0,NA,NA,NA,NA,1,NA,NA,NA,328,164,NA,NA,NA,NA,NA,NA,NA,NA,NA,NA,NA,NA,NA,NA,NA,NA,NA,NA,NA,NA,0,8.623853211009175,NA,NA,NA,NA,0,NA,NA,NA,NA,NA,NA,NA,NA,NA,NA,NA,NA,NA,0,0,0,NA,NA,NA,NA,NA,NA,0,NA,NA,NA,NA,0.1834862385321101,NA,NA,NA,60.18348623853211,30.091743119266056,NA,NA,NA,NA,NA,NA,NA,NA,NA,NA,NA,NA,NA,NA,NA,NA,NA
27053,2009,27,Lugo,53,Ribeira de Piquín,646,511,135,3,8,500,508,79.10216718266254,NA,NA,NA,NA,38,NA,NA,NA,NA,NA,NA,NA,NA,NA,NA,NA,NA,NA,NA,NA,NA,NA,NA,0,0,0,NA,0,NA,NA,0,NA,0,NA,NA,NA,NA,0,NA,NA,NA,274,184,NA,0,NA,NA,NA,NA,NA,NA,NA,0,NA,NA,NA,NA,4,NA,NA,NA,NA,NA,NA,7.480314960629922,NA,NA,NA,NA,NA,NA,NA,NA,NA,NA,NA,NA,NA,NA,NA,NA,NA,NA,0,0,0,NA,0,NA,NA,0,NA,0,NA,NA,NA,NA,0,NA,NA,NA,53.937007874015755,36.22047244094488,NA,0,NA,NA,NA,NA,NA,NA,NA,0,NA,NA,NA,NA,0.7874015748031495,NA,NA
27053,2012,27,Lugo,53,Ribeira de Piquín,592,410,182,3,5,402,407,69.25675675675676,0,18,NA,NA,15,NA,0,NA,0,NA,NA,NA,NA,0,0,NA,0,NA,1,NA,NA,NA,NA,NA,1,NA,NA,NA,0,NA,NA,NA,NA,NA,0,NA,0,0,0,NA,NA,226,137,1,0,0,NA,NA,0,0,0,NA,NA,0,NA,NA,0,3,NA,NA,0,4.422604422604422,NA,NA,3.6855036855036856,NA,0,NA,0,NA,NA,NA,NA,0,0,NA,0,NA,0.2457002457002457,NA,NA,NA,NA,NA,0.2457002457002457,NA,NA,NA,0,NA,NA,NA,NA,NA,0,NA,0,0,0,NA,NA,55.528255528255535,33.660933660933665,0.2457002457002457,0,0,NA,NA,0,0,0,NA,NA,0,NA,NA,0,0.7371007371007371,NA,NA
27053,2016,27,Lugo,53,Ribeira de Piquín,533,364,169,1,2,361,363,68.29268292682927,0,NA,0,NA,NA,11,0,0,NA,NA,NA,NA,3,0,NA,NA,0,NA,0,NA,NA,15,NA,NA,NA,NA,0,NA,NA,NA,NA,NA,NA,0,1,0,0,NA,NA,NA,NA,155,175,NA,NA,NA,1,NA,NA,NA,NA,NA,NA,NA,NA,0,NA,NA,0,NA,0,NA,0,NA,NA,3.0303030303030303,0,0,NA,NA,NA,NA,0.8264462809917356,0,NA,NA,0,NA,0,NA,NA,4.132231404958678,NA,NA,NA,NA,0,NA,NA,NA,NA,NA,NA,0,0.27548209366391185,0,0,NA,NA,NA,NA,42.69972451790633,48.209366391184574,NA,NA,NA,0.27548209366391185,NA,NA,NA,NA,NA,NA,NA,NA,0,NA,NA,0,NA
27053,2020,27,Lugo,53,Ribeira de Piquín,486,333,153,8,1,324,325,68.51851851851852,NA,NA,NA,NA,32,NA,0,NA,NA,NA,486,NA,1,NA,NA,NA,NA,NA,NA,NA,NA,NA,0,NA,NA,NA,NA,NA,NA,NA,NA,0,NA,NA,0,NA,0,NA,NA,NA,0,134,153,NA,0,NA,NA,0,NA,NA,NA,NA,NA,NA,NA,NA,NA,NA,NA,4,NA,NA,NA,NA,9.846153846153847,NA,0,NA,NA,NA,149.53846153846152,NA,0.3076923076923077,NA,NA,NA,NA,NA,NA,NA,NA,NA,0,NA,NA,NA,NA,NA,NA,NA,NA,0,NA,NA,0,NA,0,NA,NA,NA,0,41.23076923076923,47.07692307692308,NA,0,NA,NA,0,NA,NA,NA,NA,NA,NA,NA,NA,NA,NA,NA,1.2307692307692308
27053,2024,27,Lugo,53,Ribeira de Piquín,464,381,83,7,2,372,374,82.11206896551724,NA,NA,NA,NA,29,NA,NA,NA,NA,NA,464,NA,NA,NA,NA,NA,NA,NA,0,1,NA,NA,NA,NA,NA,NA,NA,NA,NA,NA,NA,NA,NA,NA,0,NA,NA,NA,NA,0,NA,145,189,NA,0,NA,NA,NA,NA,NA,NA,1,NA,NA,NA,NA,NA,NA,NA,7,NA,NA,NA,NA,7.754010695187167,NA,NA,NA,NA,NA,124.06417112299467,NA,NA,NA,NA,NA,NA,NA,0,0.267379679144385,NA,NA,NA,NA,NA,NA,NA,NA,NA,NA,NA,NA,NA,NA,0,NA,NA,NA,NA,0,NA,38.770053475935825,50.534759358288774,NA,0,NA,NA,NA,NA,NA,NA,0.267379679144385,NA,NA,NA,NA,NA,NA,NA,1.8716577540106951
27054,2001,27,Lugo,54,Riotorto,1682,1317,365,12,13,1292,1305,78.29964328180738,NA,NA,NA,3,392,NA,NA,NA,NA,NA,NA,NA,NA,NA,NA,NA,NA,1,NA,NA,0,NA,NA,1,NA,2,NA,NA,NA,NA,NA,NA,NA,NA,NA,NA,NA,1,NA,NA,NA,747,145,NA,NA,NA,NA,NA,NA,NA,0,NA,NA,NA,NA,NA,NA,NA,NA,NA,NA,NA,NA,0.22988505747126436,30.038314176245212,NA,NA,NA,NA,NA,NA,NA,NA,NA,NA,NA,NA,0.07662835249042146,NA,NA,0,NA,NA,0.07662835249042146,NA,0.15325670498084293,NA,NA,NA,NA,NA,NA,NA,NA,NA,NA,NA,0.07662835249042146,NA,NA,NA,57.24137931034483,11.11111111111111,NA,NA,NA,NA,NA,NA,NA,0,NA,NA,NA,NA,NA,NA,NA,NA,NA
27054,2005,27,Lugo,54,Riotorto,1523,1186,337,3,8,1175,1183,77.8726198292843,NA,NA,NA,1,254,NA,NA,NA,NA,0,NA,NA,NA,NA,NA,NA,NA,NA,NA,NA,NA,NA,NA,3,0,0,NA,NA,NA,NA,NA,NA,0,NA,NA,NA,NA,1,NA,NA,NA,645,271,NA,NA,NA,NA,NA,NA,NA,NA,NA,NA,NA,NA,NA,NA,NA,NA,NA,NA,NA,NA,0.08453085376162299,21.47083685545224,NA,NA,NA,NA,0,NA,NA,NA,NA,NA,NA,NA,NA,NA,NA,NA,NA,NA,0.25359256128486896,0,0,NA,NA,NA,NA,NA,NA,0,NA,NA,NA,NA,0.08453085376162299,NA,NA,NA,54.52240067624683,22.907861369399832,NA,NA,NA,NA,NA,NA,NA,NA,NA,NA,NA,NA,NA,NA,NA,NA,NA
27054,2009,27,Lugo,54,Riotorto,1405,1066,339,8,12,1046,1058,75.87188612099645,NA,NA,NA,NA,323,NA,NA,NA,NA,NA,NA,NA,NA,NA,NA,NA,NA,NA,NA,NA,NA,NA,NA,1,0,1,NA,2,NA,NA,0,NA,0,NA,NA,NA,NA,0,NA,NA,NA,430,285,NA,1,NA,NA,NA,NA,NA,NA,NA,1,NA,NA,NA,NA,2,NA,NA,NA,NA,NA,NA,30.529300567107747,NA,NA,NA,NA,NA,NA,NA,NA,NA,NA,NA,NA,NA,NA,NA,NA,NA,NA,0.0945179584120983,0,0.0945179584120983,NA,0.1890359168241966,NA,NA,0,NA,0,NA,NA,NA,NA,0,NA,NA,NA,40.64272211720227,26.937618147448017,NA,0.0945179584120983,NA,NA,NA,NA,NA,NA,NA,0.0945179584120983,NA,NA,NA,NA,0.1890359168241966,NA,NA
27054,2012,27,Lugo,54,Riotorto,1300,961,339,17,27,917,944,73.92307692307692,0,43,NA,NA,183,NA,0,NA,0,NA,NA,NA,NA,1,0,NA,0,NA,0,NA,NA,NA,NA,NA,0,NA,NA,NA,1,NA,NA,NA,NA,NA,0,NA,0,0,0,NA,NA,502,186,0,0,0,NA,NA,0,0,0,NA,NA,1,NA,NA,0,0,NA,NA,0,4.555084745762712,NA,NA,19.385593220338983,NA,0,NA,0,NA,NA,NA,NA,0.1059322033898305,0,NA,0,NA,0,NA,NA,NA,NA,NA,0,NA,NA,NA,0.1059322033898305,NA,NA,NA,NA,NA,0,NA,0,0,0,NA,NA,53.17796610169492,19.703389830508474,0,0,0,NA,NA,0,0,0,NA,NA,0.1059322033898305,NA,NA,0,0,NA,NA
27054,2016,27,Lugo,54,Riotorto,1181,894,287,16,6,872,878,75.69856054191362,0,NA,0,NA,NA,85,1,0,NA,NA,NA,NA,11,0,NA,NA,0,NA,0,NA,NA,96,NA,NA,NA,NA,0,NA,NA,NA,NA,NA,NA,0,1,0,0,NA,NA,NA,NA,539,139,NA,NA,NA,0,NA,NA,NA,NA,NA,NA,NA,NA,0,NA,NA,0,NA,0,NA,0,NA,NA,9.681093394077449,0.11389521640091116,0,NA,NA,NA,NA,1.2528473804100226,0,NA,NA,0,NA,0,NA,NA,10.933940774487471,NA,NA,NA,NA,0,NA,NA,NA,NA,NA,NA,0,0.11389521640091116,0,0,NA,NA,NA,NA,61.38952164009112,15.831435079726653,NA,NA,NA,0,NA,NA,NA,NA,NA,NA,NA,NA,0,NA,NA,0,NA
27054,2020,27,Lugo,54,Riotorto,1108,782,326,11,6,765,771,70.57761732851986,NA,NA,NA,NA,135,NA,0,NA,NA,NA,1108,NA,0,NA,NA,NA,NA,NA,NA,NA,NA,NA,0,NA,NA,NA,NA,NA,NA,NA,NA,0,NA,NA,3,NA,0,NA,NA,NA,14,488,113,NA,0,NA,NA,0,NA,NA,NA,NA,NA,NA,NA,NA,NA,NA,NA,12,NA,NA,NA,NA,17.509727626459142,NA,0,NA,NA,NA,143.7094682230869,NA,0,NA,NA,NA,NA,NA,NA,NA,NA,NA,0,NA,NA,NA,NA,NA,NA,NA,NA,0,NA,NA,0.38910505836575876,NA,0,NA,NA,NA,1.8158236057068744,63.29442282749675,14.656290531776914,NA,0,NA,NA,0,NA,NA,NA,NA,NA,NA,NA,NA,NA,NA,NA,1.556420233463035
27054,2024,27,Lugo,54,Riotorto,1052,845,207,13,4,828,832,80.32319391634981,NA,NA,NA,NA,193,NA,NA,NA,NA,NA,1052,NA,NA,NA,NA,NA,NA,NA,0,0,NA,NA,NA,NA,NA,NA,NA,NA,NA,NA,NA,NA,NA,NA,2,NA,NA,NA,NA,0,NA,482,144,NA,0,NA,NA,NA,NA,NA,NA,2,NA,NA,NA,NA,NA,NA,NA,5,NA,NA,NA,NA,23.197115384615387,NA,NA,NA,NA,NA,126.4423076923077,NA,NA,NA,NA,NA,NA,NA,0,0,NA,NA,NA,NA,NA,NA,NA,NA,NA,NA,NA,NA,NA,NA,0.2403846153846154,NA,NA,NA,NA,0,NA,57.932692307692314,17.307692307692307,NA,0,NA,NA,NA,NA,NA,NA,0.2403846153846154,NA,NA,NA,NA,NA,NA,NA,0.6009615384615385
27055,2001,27,Lugo,55,Samos,1964,1388,576,6,7,1375,1382,70.67209775967413,NA,NA,NA,0,275,NA,NA,NA,NA,NA,NA,NA,NA,NA,NA,NA,NA,0,NA,NA,1,NA,NA,2,NA,0,NA,NA,NA,NA,NA,NA,NA,NA,NA,NA,NA,0,NA,NA,NA,948,149,NA,NA,NA,NA,NA,NA,NA,0,NA,NA,NA,NA,NA,NA,NA,NA,NA,NA,NA,NA,0,19.898697539797393,NA,NA,NA,NA,NA,NA,NA,NA,NA,NA,NA,NA,0,NA,NA,0.0723589001447178,NA,NA,0.1447178002894356,NA,0,NA,NA,NA,NA,NA,NA,NA,NA,NA,NA,NA,0,NA,NA,NA,68.59623733719248,10.781476121562953,NA,NA,NA,NA,NA,NA,NA,0,NA,NA,NA,NA,NA,NA,NA,NA,NA
27055,2005,27,Lugo,55,Samos,1754,1286,468,4,6,1276,1282,73.31812998859749,NA,NA,NA,0,141,NA,NA,NA,NA,0,NA,NA,NA,NA,NA,NA,NA,NA,NA,NA,NA,NA,NA,1,0,1,NA,NA,NA,NA,NA,NA,1,NA,NA,NA,NA,0,NA,NA,NA,766,366,NA,NA,NA,NA,NA,NA,NA,NA,NA,NA,NA,NA,NA,NA,NA,NA,NA,NA,NA,NA,0,10.998439937597503,NA,NA,NA,NA,0,NA,NA,NA,NA,NA,NA,NA,NA,NA,NA,NA,NA,NA,0.078003120124805,0,0.078003120124805,NA,NA,NA,NA,NA,NA,0.078003120124805,NA,NA,NA,NA,0,NA,NA,NA,59.75039001560063,28.549141965678626,NA,NA,NA,NA,NA,NA,NA,NA,NA,NA,NA,NA,NA,NA,NA,NA,NA
27055,2009,27,Lugo,55,Samos,1574,1202,372,5,6,1191,1197,76.36594663278272,NA,NA,NA,NA,101,NA,NA,NA,NA,NA,NA,NA,NA,NA,NA,NA,NA,NA,NA,NA,NA,NA,NA,1,1,2,NA,3,NA,NA,0,NA,0,NA,NA,NA,NA,1,NA,NA,NA,499,528,NA,3,NA,NA,NA,NA,NA,NA,NA,45,NA,NA,NA,NA,7,NA,NA,NA,NA,NA,NA,8.437761069340016,NA,NA,NA,NA,NA,NA,NA,NA,NA,NA,NA,NA,NA,NA,NA,NA,NA,NA,0.0835421888053467,0.0835421888053467,0.1670843776106934,NA,0.2506265664160401,NA,NA,0,NA,0,NA,NA,NA,NA,0.0835421888053467,NA,NA,NA,41.687552213868,44.11027568922306,NA,0.2506265664160401,NA,NA,NA,NA,NA,NA,NA,3.7593984962406015,NA,NA,NA,NA,0.5847953216374269,NA,NA
27055,2012,27,Lugo,55,Samos,1425,1005,420,18,13,974,987,70.52631578947368,0,44,NA,NA,43,NA,0,NA,2,NA,NA,NA,NA,3,0,NA,0,NA,2,NA,NA,NA,NA,NA,1,NA,NA,NA,1,NA,NA,NA,NA,NA,0,NA,0,0,0,NA,NA,468,396,4,1,0,NA,NA,0,0,0,NA,NA,1,NA,NA,0,8,NA,NA,0,4.4579533941236065,NA,NA,4.356636271529888,NA,0,NA,0.2026342451874367,NA,NA,NA,NA,0.303951367781155,0,NA,0,NA,0.2026342451874367,NA,NA,NA,NA,NA,0.10131712259371835,NA,NA,NA,0.10131712259371835,NA,NA,NA,NA,NA,0,NA,0,0,0,NA,NA,47.41641337386018,40.121580547112465,0.4052684903748734,0.10131712259371835,0,NA,NA,0,0,0,NA,NA,0.10131712259371835,NA,NA,0,0.8105369807497468,NA,NA
27055,2016,27,Lugo,55,Samos,1286,810,476,4,2,804,806,62.98600311041991,0,NA,0,NA,NA,67,1,0,NA,NA,NA,NA,8,39,NA,NA,0,NA,0,NA,NA,65,NA,NA,NA,NA,0,NA,NA,NA,NA,NA,NA,0,2,0,0,NA,NA,NA,NA,431,191,NA,NA,NA,0,NA,NA,NA,NA,NA,NA,NA,NA,0,NA,NA,0,NA,0,NA,0,NA,NA,8.312655086848634,0.12406947890818859,0,NA,NA,NA,NA,0.9925558312655087,4.838709677419355,NA,NA,0,NA,0,NA,NA,8.064516129032258,NA,NA,NA,NA,0,NA,NA,NA,NA,NA,NA,0,0.24813895781637718,0,0,NA,NA,NA,NA,53.47394540942928,23.69727047146402,NA,NA,NA,0,NA,NA,NA,NA,NA,NA,NA,NA,0,NA,NA,0,NA
27055,2020,27,Lugo,55,Samos,1169,756,413,6,3,747,750,64.67065868263472,NA,NA,NA,NA,102,NA,0,NA,NA,NA,1169,NA,0,NA,NA,NA,NA,NA,NA,NA,NA,NA,0,NA,NA,NA,NA,NA,NA,NA,NA,10,NA,NA,0,NA,0,NA,NA,NA,11,472,139,NA,0,NA,NA,1,NA,NA,NA,NA,NA,NA,NA,NA,NA,NA,NA,12,NA,NA,NA,NA,13.600000000000001,NA,0,NA,NA,NA,155.86666666666667,NA,0,NA,NA,NA,NA,NA,NA,NA,NA,NA,0,NA,NA,NA,NA,NA,NA,NA,NA,1.3333333333333335,NA,NA,0,NA,0,NA,NA,NA,1.4666666666666666,62.93333333333333,18.53333333333333,NA,0,NA,NA,0.13333333333333333,NA,NA,NA,NA,NA,NA,NA,NA,NA,NA,NA,1.6
27055,2024,27,Lugo,55,Samos,1100,859,241,5,3,851,854,78.0909090909091,NA,NA,NA,NA,251,NA,NA,NA,NA,NA,1100,NA,NA,NA,NA,NA,NA,NA,1,9,NA,NA,NA,NA,NA,NA,NA,NA,NA,NA,NA,NA,NA,NA,0,NA,NA,NA,NA,2,NA,464,118,NA,0,NA,NA,NA,NA,NA,NA,0,NA,NA,NA,NA,NA,NA,NA,6,NA,NA,NA,NA,29.39110070257611,NA,NA,NA,NA,NA,128.80562060889932,NA,NA,NA,NA,NA,NA,NA,0.117096018735363,1.053864168618267,NA,NA,NA,NA,NA,NA,NA,NA,NA,NA,NA,NA,NA,NA,0,NA,NA,NA,NA,0.234192037470726,NA,54.332552693208434,13.817330210772832,NA,0,NA,NA,NA,NA,NA,NA,0,NA,NA,NA,NA,NA,NA,NA,0.702576112412178
27056,2001,27,Lugo,56,Rábade,1454,937,517,3,10,924,934,64.44291609353508,NA,NA,NA,3,161,NA,NA,NA,NA,NA,NA,NA,NA,NA,NA,NA,NA,1,NA,NA,1,NA,NA,4,NA,0,NA,NA,NA,NA,NA,NA,NA,NA,NA,NA,NA,2,NA,NA,NA,532,220,NA,NA,NA,NA,NA,NA,NA,0,NA,NA,NA,NA,NA,NA,NA,NA,NA,NA,NA,NA,0.32119914346895073,17.237687366167023,NA,NA,NA,NA,NA,NA,NA,NA,NA,NA,NA,NA,0.10706638115631692,NA,NA,0.10706638115631692,NA,NA,0.4282655246252677,NA,0,NA,NA,NA,NA,NA,NA,NA,NA,NA,NA,NA,0.21413276231263384,NA,NA,NA,56.9593147751606,23.554603854389722,NA,NA,NA,NA,NA,NA,NA,0,NA,NA,NA,NA,NA,NA,NA,NA,NA
27056,2005,27,Lugo,56,Rábade,1431,995,436,0,13,982,995,69.53179594689028,NA,NA,NA,1,134,NA,NA,NA,NA,3,NA,NA,NA,NA,NA,NA,NA,NA,NA,NA,NA,NA,NA,2,0,1,NA,NA,NA,NA,NA,NA,0,NA,NA,NA,NA,1,NA,NA,NA,508,332,NA,NA,NA,NA,NA,NA,NA,NA,NA,NA,NA,NA,NA,NA,NA,NA,NA,NA,NA,NA,0.10050251256281408,13.467336683417086,NA,NA,NA,NA,0.3015075376884422,NA,NA,NA,NA,NA,NA,NA,NA,NA,NA,NA,NA,NA,0.20100502512562815,0,0.10050251256281408,NA,NA,NA,NA,NA,NA,0,NA,NA,NA,NA,0.10050251256281408,NA,NA,NA,51.05527638190954,33.36683417085427,NA,NA,NA,NA,NA,NA,NA,NA,NA,NA,NA,NA,NA,NA,NA,NA,NA
27056,2009,27,Lugo,56,Rábade,1401,1013,388,8,10,995,1005,72.30549607423269,NA,NA,NA,NA,152,NA,NA,NA,NA,NA,NA,NA,NA,NA,NA,NA,NA,NA,NA,NA,NA,NA,NA,3,0,0,NA,2,NA,NA,0,NA,1,NA,NA,NA,NA,3,NA,NA,NA,513,300,NA,2,NA,NA,NA,NA,NA,NA,NA,6,NA,NA,NA,NA,13,NA,NA,NA,NA,NA,NA,15.124378109452735,NA,NA,NA,NA,NA,NA,NA,NA,NA,NA,NA,NA,NA,NA,NA,NA,NA,NA,0.2985074626865672,0,0,NA,0.1990049751243781,NA,NA,0,NA,0.09950248756218905,NA,NA,NA,NA,0.2985074626865672,NA,NA,NA,51.04477611940299,29.850746268656714,NA,0.1990049751243781,NA,NA,NA,NA,NA,NA,NA,0.5970149253731344,NA,NA,NA,NA,1.2935323383084576,NA,NA
27056,2012,27,Lugo,56,Rábade,1329,873,456,24,18,831,849,65.68848758465012,0,95,NA,NA,63,NA,0,NA,0,NA,NA,NA,NA,9,0,NA,0,NA,9,NA,NA,NA,NA,NA,0,NA,NA,NA,2,NA,NA,NA,NA,NA,2,NA,0,0,0,NA,NA,448,188,1,3,1,NA,NA,0,3,0,NA,NA,0,NA,NA,0,7,NA,NA,0,11.189634864546525,NA,NA,7.420494699646643,NA,0,NA,0,NA,NA,NA,NA,1.0600706713780919,0,NA,0,NA,1.0600706713780919,NA,NA,NA,NA,NA,0,NA,NA,NA,0.23557126030624262,NA,NA,NA,NA,NA,0.23557126030624262,NA,0,0,0,NA,NA,52.76796230859835,22.143698468786805,0.11778563015312131,0.35335689045936397,0.11778563015312131,NA,NA,0,0.35335689045936397,0,NA,NA,0,NA,NA,0,0.8244994110718492,NA,NA
27056,2016,27,Lugo,56,Rábade,1236,794,442,6,2,786,788,64.23948220064725,0,NA,0,NA,NA,54,0,0,NA,NA,NA,NA,21,1,NA,NA,0,NA,0,NA,NA,137,NA,NA,NA,NA,2,NA,NA,NA,NA,NA,NA,0,11,2,0,NA,NA,NA,NA,426,132,NA,NA,NA,0,NA,NA,NA,NA,NA,NA,NA,NA,0,NA,NA,0,NA,0,NA,0,NA,NA,6.852791878172589,0,0,NA,NA,NA,NA,2.66497461928934,0.12690355329949238,NA,NA,0,NA,0,NA,NA,17.385786802030456,NA,NA,NA,NA,0.25380710659898476,NA,NA,NA,NA,NA,NA,0,1.3959390862944163,0.25380710659898476,0,NA,NA,NA,NA,54.06091370558376,16.751269035532996,NA,NA,NA,0,NA,NA,NA,NA,NA,NA,NA,NA,0,NA,NA,0,NA
27056,2020,27,Lugo,56,Rábade,1200,745,455,9,6,730,736,62.083333333333336,NA,NA,NA,NA,166,NA,0,NA,NA,NA,1200,NA,1,NA,NA,NA,NA,NA,NA,NA,NA,NA,0,NA,NA,NA,NA,NA,NA,NA,NA,1,NA,NA,5,NA,0,NA,NA,NA,13,396,132,NA,0,NA,NA,0,NA,NA,NA,NA,NA,NA,NA,NA,NA,NA,NA,16,NA,NA,NA,NA,22.554347826086957,NA,0,NA,NA,NA,163.04347826086956,NA,0.1358695652173913,NA,NA,NA,NA,NA,NA,NA,NA,NA,0,NA,NA,NA,NA,NA,NA,NA,NA,0.1358695652173913,NA,NA,0.6793478260869565,NA,0,NA,NA,NA,1.766304347826087,53.80434782608695,17.934782608695652,NA,0,NA,NA,0,NA,NA,NA,NA,NA,NA,NA,NA,NA,NA,NA,2.1739130434782608
27056,2024,27,Lugo,56,Rábade,1177,826,351,9,4,813,817,70.17841971112999,NA,NA,NA,NA,189,NA,NA,NA,NA,NA,1177,NA,NA,NA,NA,NA,NA,NA,0,0,NA,NA,NA,NA,NA,NA,NA,NA,NA,NA,NA,NA,NA,NA,1,NA,NA,NA,NA,2,NA,454,152,NA,1,NA,NA,NA,NA,NA,NA,4,NA,NA,NA,NA,NA,NA,NA,10,NA,NA,NA,NA,23.133414932680537,NA,NA,NA,NA,NA,144.06364749082007,NA,NA,NA,NA,NA,NA,NA,0,0,NA,NA,NA,NA,NA,NA,NA,NA,NA,NA,NA,NA,NA,NA,0.12239902080783352,NA,NA,NA,NA,0.24479804161566704,NA,55.569155446756426,18.6046511627907,NA,0.12239902080783352,NA,NA,NA,NA,NA,NA,0.4895960832313341,NA,NA,NA,NA,NA,NA,NA,1.2239902080783354
27057,2001,27,Lugo,57,Sarria,10777,7246,3531,65,86,7095,7181,67.23577990164239,NA,NA,NA,11,1799,NA,NA,NA,NA,NA,NA,NA,NA,NA,NA,NA,NA,9,NA,NA,15,NA,NA,18,NA,6,NA,NA,NA,NA,NA,NA,NA,NA,NA,NA,NA,16,NA,NA,NA,3358,1863,NA,NA,NA,NA,NA,NA,NA,0,NA,NA,NA,NA,NA,NA,NA,NA,NA,NA,NA,NA,0.15318200807686952,25.052221139117115,NA,NA,NA,NA,NA,NA,NA,NA,NA,NA,NA,NA,0.12533073388107507,NA,NA,0.20888455646845844,NA,NA,0.25066146776215015,NA,0.08355382258738338,NA,NA,NA,NA,NA,NA,NA,NA,NA,NA,NA,0.22281019356635567,NA,NA,NA,46.7622893747389,25.94346191338254,NA,NA,NA,NA,NA,NA,NA,0,NA,NA,NA,NA,NA,NA,NA,NA,NA
27057,2005,27,Lugo,57,Sarria,11093,8006,3087,49,76,7881,7957,72.1716397728297,NA,NA,NA,8,1127,NA,NA,NA,NA,10,NA,NA,NA,NA,NA,NA,NA,NA,NA,NA,NA,NA,NA,24,6,4,NA,NA,NA,NA,NA,NA,5,NA,NA,NA,NA,8,NA,NA,NA,3472,3217,NA,NA,NA,NA,NA,NA,NA,NA,NA,NA,NA,NA,NA,NA,NA,NA,NA,NA,NA,NA,0.10054040467512883,14.163629508608771,NA,NA,NA,NA,0.12567550584391102,NA,NA,NA,NA,NA,NA,NA,NA,NA,NA,NA,NA,NA,0.30162121402538644,0.07540530350634661,0.050270202337564414,NA,NA,NA,NA,NA,NA,0.06283775292195551,NA,NA,NA,NA,0.10054040467512883,NA,NA,NA,43.6345356290059,40.429810229986174,NA,NA,NA,NA,NA,NA,NA,NA,NA,NA,NA,NA,NA,NA,NA,NA,NA
27057,2009,27,Lugo,57,Sarria,11314,8256,3058,113,154,7989,8143,72.97153968534559,NA,NA,NA,NA,1070,NA,NA,NA,NA,NA,NA,NA,NA,NA,NA,NA,NA,NA,NA,NA,NA,NA,NA,60,5,7,NA,7,NA,NA,1,NA,5,NA,NA,NA,NA,4,NA,NA,NA,3596,2888,NA,8,NA,NA,NA,NA,NA,NA,NA,267,NA,NA,NA,NA,71,NA,NA,NA,NA,NA,NA,13.14012034876581,NA,NA,NA,NA,NA,NA,NA,NA,NA,NA,NA,NA,NA,NA,NA,NA,NA,NA,0.736829178435466,0.06140243153628884,0.08596340415080438,NA,0.08596340415080438,NA,NA,0.012280486307257766,NA,0.06140243153628884,NA,NA,NA,NA,0.049121945229031065,NA,NA,NA,44.16062876089893,35.46604445536043,NA,0.09824389045806213,NA,NA,NA,NA,NA,NA,NA,3.2788898440378236,NA,NA,NA,NA,0.8719145278153015,NA,NA
27057,2012,27,Lugo,57,Sarria,11300,7498,3802,297,204,6997,7201,66.35398230088495,0,652,NA,NA,660,NA,6,NA,29,NA,NA,NA,NA,20,0,NA,0,NA,46,NA,NA,NA,NA,NA,6,NA,NA,NA,33,NA,NA,NA,NA,NA,27,NA,0,0,0,NA,NA,3744,1680,7,7,4,NA,NA,0,17,0,NA,NA,6,NA,NA,0,53,NA,NA,0,9.054298014164699,NA,NA,9.165393695320095,NA,0.08332176086654632,NA,0.4027218441883072,NA,NA,NA,NA,0.27773920288848775,0,NA,0,NA,0.6388001666435218,NA,NA,NA,NA,NA,0.08332176086654632,NA,NA,NA,0.4582696847660047,NA,NA,NA,NA,NA,0.3749479238994584,NA,0,0,0,NA,NA,51.992778780724905,23.330093042632967,0.09720872101097071,0.09720872101097071,0.05554784057769754,NA,NA,0,0.23607832245521454,0,NA,NA,0.08332176086654632,NA,NA,0,0.7360088876544925,NA,NA
27057,2016,27,Lugo,57,Sarria,11174,7379,3795,110,62,7207,7269,66.0372292822624,0,NA,0,NA,NA,1015,4,0,NA,NA,NA,NA,158,26,NA,NA,0,NA,0,NA,NA,869,NA,NA,NA,NA,10,NA,NA,NA,NA,NA,NA,0,37,9,0,NA,NA,NA,NA,3831,1240,NA,NA,NA,8,NA,NA,NA,NA,NA,NA,NA,NA,0,NA,NA,0,NA,0,NA,0,NA,NA,13.963406245700922,0.055028201953501166,0,NA,NA,NA,NA,2.173613977163296,0.3576833126977576,NA,NA,0,NA,0,NA,NA,11.95487687439813,NA,NA,NA,NA,0.13757050488375291,NA,NA,NA,NA,NA,NA,0,0.5090108680698858,0.12381345439537762,0,NA,NA,NA,NA,52.70326042096575,17.058742605585362,NA,NA,NA,0.11005640390700233,NA,NA,NA,NA,NA,NA,NA,NA,0,NA,NA,0,NA
27057,2020,27,Lugo,57,Sarria,11053,6686,4367,82,55,6549,6604,60.490364606894055,NA,NA,NA,NA,1662,NA,1,NA,NA,NA,11053,NA,24,NA,NA,NA,NA,NA,NA,NA,NA,NA,3,NA,NA,NA,NA,NA,NA,NA,NA,26,NA,NA,15,NA,3,NA,NA,NA,112,3633,944,NA,2,NA,NA,1,NA,NA,NA,NA,NA,NA,NA,NA,NA,NA,NA,123,NA,NA,NA,NA,25.16656571774682,NA,0.015142337976983646,NA,NA,NA,167.36826165960025,NA,0.36341611144760755,NA,NA,NA,NA,NA,NA,NA,NA,NA,0.045427013930950944,NA,NA,NA,NA,NA,NA,NA,NA,0.39370078740157477,NA,NA,0.22713506965475466,NA,0.045427013930950944,NA,NA,NA,1.6959418534221684,55.01211387038158,14.294367050272564,NA,0.03028467595396729,NA,NA,0.015142337976983646,NA,NA,NA,NA,NA,NA,NA,NA,NA,NA,NA,1.8625075711689885
27057,2024,27,Lugo,57,Sarria,10826,7528,3298,89,64,7375,7439,69.53630149639756,NA,NA,NA,NA,2148,NA,NA,NA,NA,NA,10826,NA,NA,NA,NA,NA,NA,NA,8,5,NA,NA,NA,NA,NA,NA,NA,NA,NA,NA,NA,NA,NA,NA,12,NA,NA,NA,NA,17,NA,4047,954,NA,7,NA,NA,NA,NA,NA,NA,38,NA,NA,NA,NA,NA,NA,NA,139,NA,NA,NA,NA,28.87484876999597,NA,NA,NA,NA,NA,145.5303132141417,NA,NA,NA,NA,NA,NA,NA,0.1075413362011023,0.06721333512568893,NA,NA,NA,NA,NA,NA,NA,NA,NA,NA,NA,NA,NA,NA,0.16131200430165346,NA,NA,NA,NA,0.22852533942734238,NA,54.40247345073262,12.824304341981449,NA,0.09409866917596452,NA,NA,NA,NA,NA,NA,0.510821346955236,NA,NA,NA,NA,NA,NA,NA,1.8685307164941525
27058,2001,27,Lugo,58,Saviñao (O),4582,3319,1263,11,24,3284,3308,72.43561763422086,NA,NA,NA,1,557,NA,NA,NA,NA,NA,NA,NA,NA,NA,NA,NA,NA,9,NA,NA,7,NA,NA,5,NA,0,NA,NA,NA,NA,NA,NA,NA,NA,NA,NA,NA,3,NA,NA,NA,2056,646,NA,NA,NA,NA,NA,NA,NA,0,NA,NA,NA,NA,NA,NA,NA,NA,NA,NA,NA,NA,0.03022974607013301,16.837968561064088,NA,NA,NA,NA,NA,NA,NA,NA,NA,NA,NA,NA,0.2720677146311971,NA,NA,0.21160822249093109,NA,NA,0.15114873035066506,NA,0,NA,NA,NA,NA,NA,NA,NA,NA,NA,NA,NA,0.09068923821039904,NA,NA,NA,62.15235792019347,19.528415961305924,NA,NA,NA,NA,NA,NA,NA,0,NA,NA,NA,NA,NA,NA,NA,NA,NA
27058,2005,27,Lugo,58,Saviñao (O),4347,3400,947,8,30,3362,3392,78.21486082355648,NA,NA,NA,1,409,NA,NA,NA,NA,0,NA,NA,NA,NA,NA,NA,NA,NA,NA,NA,NA,NA,NA,5,0,2,NA,NA,NA,NA,NA,NA,2,NA,NA,NA,NA,1,NA,NA,NA,2075,867,NA,NA,NA,NA,NA,NA,NA,NA,NA,NA,NA,NA,NA,NA,NA,NA,NA,NA,NA,NA,0.0294811320754717,12.057783018867925,NA,NA,NA,NA,0,NA,NA,NA,NA,NA,NA,NA,NA,NA,NA,NA,NA,NA,0.1474056603773585,0,0.0589622641509434,NA,NA,NA,NA,NA,NA,0.0589622641509434,NA,NA,NA,NA,0.0294811320754717,NA,NA,NA,61.173349056603776,25.560141509433965,NA,NA,NA,NA,NA,NA,NA,NA,NA,NA,NA,NA,NA,NA,NA,NA,NA
27058,2009,27,Lugo,58,Saviñao (O),4107,3168,939,21,28,3119,3147,77.13659605551497,NA,NA,NA,NA,394,NA,NA,NA,NA,NA,NA,NA,NA,NA,NA,NA,NA,NA,NA,NA,NA,NA,NA,5,1,1,NA,0,NA,NA,0,NA,1,NA,NA,NA,NA,1,NA,NA,NA,1883,824,NA,1,NA,NA,NA,NA,NA,NA,NA,3,NA,NA,NA,NA,5,NA,NA,NA,NA,NA,NA,12.519860184302512,NA,NA,NA,NA,NA,NA,NA,NA,NA,NA,NA,NA,NA,NA,NA,NA,NA,NA,0.15888147442008263,0.03177629488401652,0.03177629488401652,NA,0,NA,NA,0,NA,0.03177629488401652,NA,NA,NA,NA,0.03177629488401652,NA,NA,NA,59.83476326660312,26.183666984429614,NA,0.03177629488401652,NA,NA,NA,NA,NA,NA,NA,0.09532888465204957,NA,NA,NA,NA,0.15888147442008263,NA,NA
27058,2012,27,Lugo,58,Saviñao (O),3807,2637,1170,57,52,2528,2580,69.26713947990544,0,144,NA,NA,208,NA,1,NA,1,NA,NA,NA,NA,5,0,NA,0,NA,5,NA,NA,NA,NA,NA,4,NA,NA,NA,4,NA,NA,NA,NA,NA,3,NA,0,0,0,NA,NA,1587,545,1,0,0,NA,NA,0,4,0,NA,NA,1,NA,NA,0,15,NA,NA,0,5.5813953488372094,NA,NA,8.062015503875969,NA,0.03875968992248062,NA,0.03875968992248062,NA,NA,NA,NA,0.1937984496124031,0,NA,0,NA,0.1937984496124031,NA,NA,NA,NA,NA,0.15503875968992248,NA,NA,NA,0.15503875968992248,NA,NA,NA,NA,NA,0.11627906976744186,NA,0,0,0,NA,NA,61.51162790697674,21.124031007751938,0.03875968992248062,0,0,NA,NA,0,0.15503875968992248,0,NA,NA,0.03875968992248062,NA,NA,0,0.5813953488372093,NA,NA
27058,2016,27,Lugo,58,O Saviñao,3476,2479,997,21,16,2442,2458,71.31760644418873,0,NA,0,NA,NA,161,1,0,NA,NA,NA,NA,36,2,NA,NA,0,NA,0,NA,NA,182,NA,NA,NA,NA,0,NA,NA,NA,NA,NA,NA,0,12,4,0,NA,NA,NA,NA,1508,535,NA,NA,NA,1,NA,NA,NA,NA,NA,NA,NA,NA,0,NA,NA,0,NA,0,NA,0,NA,NA,6.550040683482507,0.04068348250610252,0,NA,NA,NA,NA,1.4646053702196908,0.08136696501220504,NA,NA,0,NA,0,NA,NA,7.404393816110659,NA,NA,NA,NA,0,NA,NA,NA,NA,NA,NA,0,0.4882017900732303,0.16273393002441008,0,NA,NA,NA,NA,61.3506916192026,21.76566314076485,NA,NA,NA,0.04068348250610252,NA,NA,NA,NA,NA,NA,NA,NA,0,NA,NA,0,NA
27058,2020,27,Lugo,58,O Saviñao,3220,2319,901,23,20,2276,2296,72.01863354037266,NA,NA,NA,NA,265,NA,0,NA,NA,NA,3220,NA,3,NA,NA,NA,NA,NA,NA,NA,NA,NA,0,NA,NA,NA,NA,NA,NA,NA,NA,2,NA,NA,7,NA,1,NA,NA,NA,29,1438,490,NA,0,NA,NA,2,NA,NA,NA,NA,NA,NA,NA,NA,NA,NA,NA,39,NA,NA,NA,NA,11.541811846689894,NA,0,NA,NA,NA,140.2439024390244,NA,0.13066202090592335,NA,NA,NA,NA,NA,NA,NA,NA,NA,0,NA,NA,NA,NA,NA,NA,NA,NA,0.08710801393728224,NA,NA,0.3048780487804878,NA,0.04355400696864112,NA,NA,NA,1.2630662020905923,62.63066202090592,21.341463414634145,NA,0,NA,NA,0.08710801393728224,NA,NA,NA,NA,NA,NA,NA,NA,NA,NA,NA,1.6986062717770034
27058,2024,27,Lugo,58,O Saviñao,3065,2253,812,27,14,2212,2226,73.5073409461664,NA,NA,NA,NA,417,NA,NA,NA,NA,NA,3065,NA,NA,NA,NA,NA,NA,NA,2,0,NA,NA,NA,NA,NA,NA,NA,NA,NA,NA,NA,NA,NA,NA,5,NA,NA,NA,NA,1,NA,1414,335,NA,1,NA,NA,NA,NA,NA,NA,2,NA,NA,NA,NA,NA,NA,NA,35,NA,NA,NA,NA,18.733153638814017,NA,NA,NA,NA,NA,137.69092542677447,NA,NA,NA,NA,NA,NA,NA,0.08984725965858043,0,NA,NA,NA,NA,NA,NA,NA,NA,NA,NA,NA,NA,NA,NA,0.22461814914645103,NA,NA,NA,NA,0.04492362982929021,NA,63.52201257861635,15.049415992812218,NA,0.04492362982929021,NA,NA,NA,NA,NA,NA,0.08984725965858043,NA,NA,NA,NA,NA,NA,NA,1.5723270440251573
27059,2001,27,Lugo,59,Sober,2927,2106,821,10,6,2090,2096,71.9508028698326,NA,NA,NA,1,298,NA,NA,NA,NA,NA,NA,NA,NA,NA,NA,NA,NA,3,NA,NA,3,NA,NA,3,NA,0,NA,NA,NA,NA,NA,NA,NA,NA,NA,NA,NA,1,NA,NA,NA,1457,324,NA,NA,NA,NA,NA,NA,NA,0,NA,NA,NA,NA,NA,NA,NA,NA,NA,NA,NA,NA,0.047709923664122134,14.217557251908397,NA,NA,NA,NA,NA,NA,NA,NA,NA,NA,NA,NA,0.1431297709923664,NA,NA,0.1431297709923664,NA,NA,0.1431297709923664,NA,0,NA,NA,NA,NA,NA,NA,NA,NA,NA,NA,NA,0.047709923664122134,NA,NA,NA,69.51335877862596,15.458015267175574,NA,NA,NA,NA,NA,NA,NA,0,NA,NA,NA,NA,NA,NA,NA,NA,NA
27059,2005,27,Lugo,59,Sober,2833,2146,687,11,22,2113,2135,75.75008824567597,NA,NA,NA,0,230,NA,NA,NA,NA,1,NA,NA,NA,NA,NA,NA,NA,NA,NA,NA,NA,NA,NA,5,0,2,NA,NA,NA,NA,NA,NA,0,NA,NA,NA,NA,2,NA,NA,NA,1412,461,NA,NA,NA,NA,NA,NA,NA,NA,NA,NA,NA,NA,NA,NA,NA,NA,NA,NA,NA,NA,0,10.772833723653395,NA,NA,NA,NA,0.046838407494145196,NA,NA,NA,NA,NA,NA,NA,NA,NA,NA,NA,NA,NA,0.234192037470726,0,0.09367681498829039,NA,NA,NA,NA,NA,NA,0,NA,NA,NA,NA,0.09367681498829039,NA,NA,NA,66.13583138173303,21.592505854800937,NA,NA,NA,NA,NA,NA,NA,NA,NA,NA,NA,NA,NA,NA,NA,NA,NA
27059,2009,27,Lugo,59,Sober,2502,1988,514,11,22,1955,1977,79.4564348521183,NA,NA,NA,NA,245,NA,NA,NA,NA,NA,NA,NA,NA,NA,NA,NA,NA,NA,NA,NA,NA,NA,NA,4,2,1,NA,0,NA,NA,1,NA,4,NA,NA,NA,NA,0,NA,NA,NA,1323,369,NA,0,NA,NA,NA,NA,NA,NA,NA,2,NA,NA,NA,NA,4,NA,NA,NA,NA,NA,NA,12.392513909964594,NA,NA,NA,NA,NA,NA,NA,NA,NA,NA,NA,NA,NA,NA,NA,NA,NA,NA,0.20232675771370764,0.10116337885685382,0.05058168942842691,NA,0,NA,NA,0.05058168942842691,NA,0.20232675771370764,NA,NA,NA,NA,0,NA,NA,NA,66.9195751138088,18.664643399089528,NA,0,NA,NA,NA,NA,NA,NA,NA,0.10116337885685382,NA,NA,NA,NA,0.20232675771370764,NA,NA
27059,2012,27,Lugo,59,Sober,2291,1691,600,29,33,1629,1662,73.81056307289393,0,146,NA,NA,108,NA,1,NA,0,NA,NA,NA,NA,2,0,NA,0,NA,4,NA,NA,NA,NA,NA,2,NA,NA,NA,5,NA,NA,NA,NA,NA,3,NA,0,0,0,NA,NA,1098,246,1,2,0,NA,NA,0,6,0,NA,NA,1,NA,NA,0,4,NA,NA,0,8.78459687123947,NA,NA,6.4981949458483745,NA,0.060168471720818295,NA,0,NA,NA,NA,NA,0.12033694344163659,0,NA,0,NA,0.24067388688327318,NA,NA,NA,NA,NA,0.12033694344163659,NA,NA,NA,0.3008423586040915,NA,NA,NA,NA,NA,0.18050541516245489,NA,0,0,0,NA,NA,66.06498194945848,14.801444043321299,0.060168471720818295,0.12033694344163659,0,NA,NA,0,0.36101083032490977,0,NA,NA,0.060168471720818295,NA,NA,0,0.24067388688327318,NA,NA
27059,2016,27,Lugo,59,Sober,2155,1613,542,18,9,1586,1595,74.8491879350348,0,NA,0,NA,NA,41,0,0,NA,NA,NA,NA,30,0,NA,NA,0,NA,0,NA,NA,257,NA,NA,NA,NA,4,NA,NA,NA,NA,NA,NA,0,6,0,0,NA,NA,NA,NA,1082,166,NA,NA,NA,0,NA,NA,NA,NA,NA,NA,NA,NA,0,NA,NA,0,NA,0,NA,0,NA,NA,2.5705329153605017,0,0,NA,NA,NA,NA,1.8808777429467085,0,NA,NA,0,NA,0,NA,NA,16.112852664576803,NA,NA,NA,NA,0.25078369905956116,NA,NA,NA,NA,NA,NA,0,0.3761755485893417,0,0,NA,NA,NA,NA,67.8369905956113,10.407523510971787,NA,NA,NA,0,NA,NA,NA,NA,NA,NA,NA,NA,0,NA,NA,0,NA
27059,2020,27,Lugo,59,Sober,2009,1407,602,24,13,1370,1383,70.03484320557492,NA,NA,NA,NA,171,NA,1,NA,NA,NA,2009,NA,8,NA,NA,NA,NA,NA,NA,NA,NA,NA,1,NA,NA,NA,NA,NA,NA,NA,NA,3,NA,NA,3,NA,3,NA,NA,NA,30,945,174,NA,0,NA,NA,0,NA,NA,NA,NA,NA,NA,NA,NA,NA,NA,NA,31,NA,NA,NA,NA,12.364425162689804,NA,0.07230657989877079,NA,NA,NA,145.26391901663052,NA,0.5784526391901663,NA,NA,NA,NA,NA,NA,NA,NA,NA,0.07230657989877079,NA,NA,NA,NA,NA,NA,NA,NA,0.21691973969631237,NA,NA,0.21691973969631237,NA,0.21691973969631237,NA,NA,NA,2.1691973969631237,68.32971800433839,12.58134490238612,NA,0,NA,NA,0,NA,NA,NA,NA,NA,NA,NA,NA,NA,NA,NA,2.2415039768618943
27059,2024,27,Lugo,59,Sober,1885,1366,519,31,10,1325,1335,72.46684350132627,NA,NA,NA,NA,286,NA,NA,NA,NA,NA,1885,NA,NA,NA,NA,NA,NA,NA,2,0,NA,NA,NA,NA,NA,NA,NA,NA,NA,NA,NA,NA,NA,NA,1,NA,NA,NA,NA,2,NA,864,133,NA,1,NA,NA,NA,NA,NA,NA,5,NA,NA,NA,NA,NA,NA,NA,31,NA,NA,NA,NA,21.423220973782772,NA,NA,NA,NA,NA,141.19850187265916,NA,NA,NA,NA,NA,NA,NA,0.149812734082397,0,NA,NA,NA,NA,NA,NA,NA,NA,NA,NA,NA,NA,NA,NA,0.0749063670411985,NA,NA,NA,NA,0.149812734082397,NA,64.71910112359551,9.962546816479401,NA,0.0749063670411985,NA,NA,NA,NA,NA,NA,0.37453183520599254,NA,NA,NA,NA,NA,NA,NA,2.3220973782771535
27060,2001,27,Lugo,60,Taboada,3515,2236,1279,9,16,2211,2227,63.61308677098151,NA,NA,NA,4,352,NA,NA,NA,NA,NA,NA,NA,NA,NA,NA,NA,NA,4,NA,NA,4,NA,NA,6,NA,3,NA,NA,NA,NA,NA,NA,NA,NA,NA,NA,NA,3,NA,NA,NA,1378,457,NA,NA,NA,NA,NA,NA,NA,0,NA,NA,NA,NA,NA,NA,NA,NA,NA,NA,NA,NA,0.17961383026493039,15.806017063313876,NA,NA,NA,NA,NA,NA,NA,NA,NA,NA,NA,NA,0.17961383026493039,NA,NA,0.17961383026493039,NA,NA,0.26942074539739563,NA,0.13471037269869782,NA,NA,NA,NA,NA,NA,NA,NA,NA,NA,NA,0.13471037269869782,NA,NA,NA,61.876964526268516,20.5208801077683,NA,NA,NA,NA,NA,NA,NA,0,NA,NA,NA,NA,NA,NA,NA,NA,NA
27060,2005,27,Lugo,60,Taboada,3307,2352,955,3,19,2330,2349,71.12186271545207,NA,NA,NA,7,297,NA,NA,NA,NA,4,NA,NA,NA,NA,NA,NA,NA,NA,NA,NA,NA,NA,NA,0,0,6,NA,NA,NA,NA,NA,NA,2,NA,NA,NA,NA,3,NA,NA,NA,1285,726,NA,NA,NA,NA,NA,NA,NA,NA,NA,NA,NA,NA,NA,NA,NA,NA,NA,NA,NA,NA,0.29799914857386123,12.643678160919542,NA,NA,NA,NA,0.17028522775649213,NA,NA,NA,NA,NA,NA,NA,NA,NA,NA,NA,NA,NA,0,0,0.2554278416347382,NA,NA,NA,NA,NA,NA,0.08514261387824607,NA,NA,NA,NA,0.1277139208173691,NA,NA,NA,54.70412941677309,30.906768837803323,NA,NA,NA,NA,NA,NA,NA,NA,NA,NA,NA,NA,NA,NA,NA,NA,NA
27060,2009,27,Lugo,60,Taboada,3047,2216,831,25,20,2171,2191,72.72727272727273,NA,NA,NA,NA,411,NA,NA,NA,NA,NA,NA,NA,NA,NA,NA,NA,NA,NA,NA,NA,NA,NA,NA,6,2,10,NA,3,NA,NA,2,NA,1,NA,NA,NA,NA,0,NA,NA,NA,1166,558,NA,3,NA,NA,NA,NA,NA,NA,NA,6,NA,NA,NA,NA,3,NA,NA,NA,NA,NA,NA,18.758557736193517,NA,NA,NA,NA,NA,NA,NA,NA,NA,NA,NA,NA,NA,NA,NA,NA,NA,NA,0.27384755819260614,0.09128251939753537,0.4564125969876769,NA,0.13692377909630307,NA,NA,0.09128251939753537,NA,0.045641259698767686,NA,NA,NA,NA,0,NA,NA,NA,53.21770880876312,25.467822911912368,NA,0.13692377909630307,NA,NA,NA,NA,NA,NA,NA,0.27384755819260614,NA,NA,NA,NA,0.13692377909630307,NA,NA
27060,2012,27,Lugo,60,Taboada,2886,1849,1037,32,37,1780,1817,64.06791406791406,0,179,NA,NA,157,NA,2,NA,1,NA,NA,NA,NA,7,0,NA,0,NA,12,NA,NA,NA,NA,NA,3,NA,NA,NA,5,NA,NA,NA,NA,NA,2,NA,0,0,0,NA,NA,1056,331,3,2,1,NA,NA,0,10,0,NA,NA,2,NA,NA,0,7,NA,NA,0,9.851403412217943,NA,NA,8.640616400660429,NA,0.1100715465052284,NA,0.0550357732526142,NA,NA,NA,NA,0.3852504127682994,0,NA,0,NA,0.6604292790313704,NA,NA,NA,NA,NA,0.1651073197578426,NA,NA,NA,0.27517886626307103,NA,NA,NA,NA,NA,0.1100715465052284,NA,0,0,0,NA,NA,58.11777655476059,18.2168409466153,0.1651073197578426,0.1100715465052284,0.0550357732526142,NA,NA,0,0.5503577325261421,0,NA,NA,0.1100715465052284,NA,NA,0,0.3852504127682994,NA,NA
27060,2016,27,Lugo,60,Taboada,2593,1649,944,15,16,1618,1634,63.59429232549171,0,NA,0,NA,NA,179,1,0,NA,NA,NA,NA,42,2,NA,NA,0,NA,0,NA,NA,193,NA,NA,NA,NA,3,NA,NA,NA,NA,NA,NA,0,9,6,0,NA,NA,NA,NA,896,284,NA,NA,NA,3,NA,NA,NA,NA,NA,NA,NA,NA,0,NA,NA,0,NA,0,NA,0,NA,NA,10.954712362301102,0.06119951040391676,0,NA,NA,NA,NA,2.570379436964504,0.12239902080783352,NA,NA,0,NA,0,NA,NA,11.811505507955937,NA,NA,NA,NA,0.18359853121175032,NA,NA,NA,NA,NA,NA,0,0.550795593635251,0.36719706242350064,0,NA,NA,NA,NA,54.83476132190942,17.38066095471236,NA,NA,NA,0.18359853121175032,NA,NA,NA,NA,NA,NA,NA,NA,0,NA,NA,0,NA
27060,2020,27,Lugo,60,Taboada,2409,1429,980,15,9,1405,1414,59.319219593192194,NA,NA,NA,NA,260,NA,0,NA,NA,NA,2409,NA,4,NA,NA,NA,NA,NA,NA,NA,NA,NA,0,NA,NA,NA,NA,NA,NA,NA,NA,1,NA,NA,2,NA,2,NA,NA,NA,19,851,244,NA,1,NA,NA,2,NA,NA,NA,NA,NA,NA,NA,NA,NA,NA,NA,19,NA,NA,NA,NA,18.387553041018386,NA,0,NA,NA,NA,170.36775106082035,NA,0.2828854314002829,NA,NA,NA,NA,NA,NA,NA,NA,NA,0,NA,NA,NA,NA,NA,NA,NA,NA,0.07072135785007072,NA,NA,0.14144271570014144,NA,0.14144271570014144,NA,NA,NA,1.3437057991513437,60.18387553041018,17.256011315417254,NA,0.07072135785007072,NA,NA,0.14144271570014144,NA,NA,NA,NA,NA,NA,NA,NA,NA,NA,NA,1.3437057991513437
27060,2024,27,Lugo,60,Taboada,2266,1626,640,10,3,1613,1616,71.75639894086497,NA,NA,NA,NA,421,NA,NA,NA,NA,NA,2266,NA,NA,NA,NA,NA,NA,NA,3,0,NA,NA,NA,NA,NA,NA,NA,NA,NA,NA,NA,NA,NA,NA,2,NA,NA,NA,NA,1,NA,805,352,NA,0,NA,NA,NA,NA,NA,NA,7,NA,NA,NA,NA,NA,NA,NA,22,NA,NA,NA,NA,26.051980198019802,NA,NA,NA,NA,NA,140.22277227722773,NA,NA,NA,NA,NA,NA,NA,0.18564356435643564,0,NA,NA,NA,NA,NA,NA,NA,NA,NA,NA,NA,NA,NA,NA,0.12376237623762376,NA,NA,NA,NA,0.06188118811881188,NA,49.81435643564357,21.782178217821784,NA,0,NA,NA,NA,NA,NA,NA,0.4331683168316832,NA,NA,NA,NA,NA,NA,NA,1.3613861386138615
27061,2001,27,Lugo,61,Trabada,1466,1108,358,15,11,1082,1093,75.57980900409277,NA,NA,NA,2,122,NA,NA,NA,NA,NA,NA,NA,NA,NA,NA,NA,NA,0,NA,NA,0,NA,NA,2,NA,0,NA,NA,NA,NA,NA,NA,NA,NA,NA,NA,NA,0,NA,NA,NA,829,127,NA,NA,NA,NA,NA,NA,NA,0,NA,NA,NA,NA,NA,NA,NA,NA,NA,NA,NA,NA,0.18298261665141813,11.161939615736504,NA,NA,NA,NA,NA,NA,NA,NA,NA,NA,NA,NA,0,NA,NA,0,NA,NA,0.18298261665141813,NA,0,NA,NA,NA,NA,NA,NA,NA,NA,NA,NA,NA,0,NA,NA,NA,75.8462946020128,11.61939615736505,NA,NA,NA,NA,NA,NA,NA,0,NA,NA,NA,NA,NA,NA,NA,NA,NA
27061,2005,27,Lugo,61,Trabada,1356,1027,329,7,13,1007,1020,75.73746312684366,NA,NA,NA,0,97,NA,NA,NA,NA,2,NA,NA,NA,NA,NA,NA,NA,NA,NA,NA,NA,NA,NA,2,2,2,NA,NA,NA,NA,NA,NA,0,NA,NA,NA,NA,1,NA,NA,NA,644,257,NA,NA,NA,NA,NA,NA,NA,NA,NA,NA,NA,NA,NA,NA,NA,NA,NA,NA,NA,NA,0,9.509803921568627,NA,NA,NA,NA,0.19607843137254902,NA,NA,NA,NA,NA,NA,NA,NA,NA,NA,NA,NA,NA,0.19607843137254902,0.19607843137254902,0.19607843137254902,NA,NA,NA,NA,NA,NA,0,NA,NA,NA,NA,0.09803921568627451,NA,NA,NA,63.13725490196078,25.19607843137255,NA,NA,NA,NA,NA,NA,NA,NA,NA,NA,NA,NA,NA,NA,NA,NA,NA
27061,2009,27,Lugo,61,Trabada,1256,963,293,9,22,932,954,76.671974522293,NA,NA,NA,NA,150,NA,NA,NA,NA,NA,NA,NA,NA,NA,NA,NA,NA,NA,NA,NA,NA,NA,NA,1,0,0,NA,0,NA,NA,0,NA,0,NA,NA,NA,NA,0,NA,NA,NA,557,215,NA,0,NA,NA,NA,NA,NA,NA,NA,1,NA,NA,NA,NA,8,NA,NA,NA,NA,NA,NA,15.723270440251572,NA,NA,NA,NA,NA,NA,NA,NA,NA,NA,NA,NA,NA,NA,NA,NA,NA,NA,0.10482180293501049,0,0,NA,0,NA,NA,0,NA,0,NA,NA,NA,NA,0,NA,NA,NA,58.38574423480084,22.536687631027252,NA,0,NA,NA,NA,NA,NA,NA,NA,0.10482180293501049,NA,NA,NA,NA,0.8385744234800839,NA,NA
27061,2012,27,Lugo,61,Trabada,1148,803,345,19,18,766,784,69.94773519163763,0,31,NA,NA,75,NA,0,NA,0,NA,NA,NA,NA,2,0,NA,0,NA,2,NA,NA,NA,NA,NA,0,NA,NA,NA,1,NA,NA,NA,NA,NA,2,NA,0,0,0,NA,NA,517,126,1,2,1,NA,NA,0,0,0,NA,NA,1,NA,NA,0,5,NA,NA,0,3.9540816326530615,NA,NA,9.566326530612244,NA,0,NA,0,NA,NA,NA,NA,0.25510204081632654,0,NA,0,NA,0.25510204081632654,NA,NA,NA,NA,NA,0,NA,NA,NA,0.12755102040816327,NA,NA,NA,NA,NA,0.25510204081632654,NA,0,0,0,NA,NA,65.9438775510204,16.071428571428573,0.12755102040816327,0.25510204081632654,0.12755102040816327,NA,NA,0,0,0,NA,NA,0.12755102040816327,NA,NA,0,0.6377551020408163,NA,NA
27061,2016,27,Lugo,61,Trabada,1021,730,291,9,4,717,721,71.49853085210577,0,NA,0,NA,NA,26,0,0,NA,NA,NA,NA,12,1,NA,NA,0,NA,0,NA,NA,68,NA,NA,NA,NA,0,NA,NA,NA,NA,NA,NA,0,4,1,0,NA,NA,NA,NA,387,218,NA,NA,NA,0,NA,NA,NA,NA,NA,NA,NA,NA,0,NA,NA,0,NA,0,NA,0,NA,NA,3.6061026352288486,0,0,NA,NA,NA,NA,1.6643550624133148,0.13869625520110956,NA,NA,0,NA,0,NA,NA,9.43134535367545,NA,NA,NA,NA,0,NA,NA,NA,NA,NA,NA,0,0.5547850208044383,0.13869625520110956,0,NA,NA,NA,NA,53.6754507628294,30.235783633841883,NA,NA,NA,0,NA,NA,NA,NA,NA,NA,NA,NA,0,NA,NA,0,NA
27061,2020,27,Lugo,61,Trabada,1017,645,372,18,4,623,627,63.421828908554566,NA,NA,NA,NA,98,NA,0,NA,NA,NA,1017,NA,2,NA,NA,NA,NA,NA,NA,NA,NA,NA,0,NA,NA,NA,NA,NA,NA,NA,NA,6,NA,NA,1,NA,0,NA,NA,NA,13,371,117,NA,0,NA,NA,0,NA,NA,NA,NA,NA,NA,NA,NA,NA,NA,NA,15,NA,NA,NA,NA,15.629984051036683,NA,0,NA,NA,NA,162.20095693779905,NA,0.3189792663476874,NA,NA,NA,NA,NA,NA,NA,NA,NA,0,NA,NA,NA,NA,NA,NA,NA,NA,0.9569377990430622,NA,NA,0.1594896331738437,NA,0,NA,NA,NA,2.073365231259968,59.17065390749602,18.660287081339714,NA,0,NA,NA,0,NA,NA,NA,NA,NA,NA,NA,NA,NA,NA,NA,2.3923444976076556
27061,2024,27,Lugo,61,Trabada,986,804,182,14,4,786,790,81.54158215010142,NA,NA,NA,NA,77,NA,NA,NA,NA,NA,986,NA,NA,NA,NA,NA,NA,NA,2,0,NA,NA,NA,NA,NA,NA,NA,NA,NA,NA,NA,NA,NA,NA,0,NA,NA,NA,NA,3,NA,387,303,NA,0,NA,NA,NA,NA,NA,NA,2,NA,NA,NA,NA,NA,NA,NA,12,NA,NA,NA,NA,9.746835443037975,NA,NA,NA,NA,NA,124.81012658227849,NA,NA,NA,NA,NA,NA,NA,0.25316455696202533,0,NA,NA,NA,NA,NA,NA,NA,NA,NA,NA,NA,NA,NA,NA,0,NA,NA,NA,NA,0.37974683544303794,NA,48.9873417721519,38.35443037974684,NA,0,NA,NA,NA,NA,NA,NA,0.25316455696202533,NA,NA,NA,NA,NA,NA,NA,1.5189873417721518
27062,2001,27,Lugo,62,Triacastela,787,513,274,3,4,506,510,65.18424396442185,NA,NA,NA,0,101,NA,NA,NA,NA,NA,NA,NA,NA,NA,NA,NA,NA,0,NA,NA,1,NA,NA,0,NA,0,NA,NA,NA,NA,NA,NA,NA,NA,NA,NA,NA,0,NA,NA,NA,229,175,NA,NA,NA,NA,NA,NA,NA,0,NA,NA,NA,NA,NA,NA,NA,NA,NA,NA,NA,NA,0,19.80392156862745,NA,NA,NA,NA,NA,NA,NA,NA,NA,NA,NA,NA,0,NA,NA,0.19607843137254902,NA,NA,0,NA,0,NA,NA,NA,NA,NA,NA,NA,NA,NA,NA,NA,0,NA,NA,NA,44.90196078431373,34.31372549019608,NA,NA,NA,NA,NA,NA,NA,0,NA,NA,NA,NA,NA,NA,NA,NA,NA
27062,2005,27,Lugo,62,Triacastela,727,589,138,4,1,584,585,81.01788170563961,NA,NA,NA,0,47,NA,NA,NA,NA,1,NA,NA,NA,NA,NA,NA,NA,NA,NA,NA,NA,NA,NA,1,0,0,NA,NA,NA,NA,NA,NA,0,NA,NA,NA,NA,3,NA,NA,NA,275,257,NA,NA,NA,NA,NA,NA,NA,NA,NA,NA,NA,NA,NA,NA,NA,NA,NA,NA,NA,NA,0,8.034188034188034,NA,NA,NA,NA,0.17094017094017094,NA,NA,NA,NA,NA,NA,NA,NA,NA,NA,NA,NA,NA,0.17094017094017094,0,0,NA,NA,NA,NA,NA,NA,0,NA,NA,NA,NA,0.5128205128205128,NA,NA,NA,47.008547008547005,43.93162393162393,NA,NA,NA,NA,NA,NA,NA,NA,NA,NA,NA,NA,NA,NA,NA,NA,NA
27062,2009,27,Lugo,62,Triacastela,695,574,121,5,5,564,569,82.58992805755395,NA,NA,NA,NA,31,NA,NA,NA,NA,NA,NA,NA,NA,NA,NA,NA,NA,NA,NA,NA,NA,NA,NA,2,1,0,NA,0,NA,NA,0,NA,1,NA,NA,NA,NA,0,NA,NA,NA,274,250,NA,1,NA,NA,NA,NA,NA,NA,NA,3,NA,NA,NA,NA,1,NA,NA,NA,NA,NA,NA,5.448154657293498,NA,NA,NA,NA,NA,NA,NA,NA,NA,NA,NA,NA,NA,NA,NA,NA,NA,NA,0.35149384885764495,0.17574692442882248,0,NA,0,NA,NA,0,NA,0.17574692442882248,NA,NA,NA,NA,0,NA,NA,NA,48.154657293497365,43.936731107205624,NA,0.17574692442882248,NA,NA,NA,NA,NA,NA,NA,0.5272407732864675,NA,NA,NA,NA,0.17574692442882248,NA,NA
27062,2012,27,Lugo,62,Triacastela,671,513,158,3,8,502,510,76.45305514157972,0,40,NA,NA,14,NA,0,NA,0,NA,NA,NA,NA,2,0,NA,0,NA,0,NA,NA,NA,NA,NA,0,NA,NA,NA,0,NA,NA,NA,NA,NA,1,NA,0,0,0,NA,NA,302,126,15,0,0,NA,NA,0,1,0,NA,NA,1,NA,NA,0,0,NA,NA,0,7.8431372549019605,NA,NA,2.7450980392156863,NA,0,NA,0,NA,NA,NA,NA,0.39215686274509803,0,NA,0,NA,0,NA,NA,NA,NA,NA,0,NA,NA,NA,0,NA,NA,NA,NA,NA,0.19607843137254902,NA,0,0,0,NA,NA,59.21568627450981,24.705882352941178,2.941176470588235,0,0,NA,NA,0,0.19607843137254902,0,NA,NA,0.19607843137254902,NA,NA,0,0,NA,NA
27062,2016,27,Lugo,62,Triacastela,599,443,156,4,4,435,439,73.95659432387312,0,NA,0,NA,NA,10,0,0,NA,NA,NA,NA,3,8,NA,NA,0,NA,0,NA,NA,30,NA,NA,NA,NA,0,NA,NA,NA,NA,NA,NA,0,1,1,0,NA,NA,NA,NA,269,113,NA,NA,NA,0,NA,NA,NA,NA,NA,NA,NA,NA,0,NA,NA,0,NA,0,NA,0,NA,NA,2.277904328018223,0,0,NA,NA,NA,NA,0.683371298405467,1.8223234624145785,NA,NA,0,NA,0,NA,NA,6.83371298405467,NA,NA,NA,NA,0,NA,NA,NA,NA,NA,NA,0,0.22779043280182232,0.22779043280182232,0,NA,NA,NA,NA,61.27562642369021,25.740318906605925,NA,NA,NA,0,NA,NA,NA,NA,NA,NA,NA,NA,0,NA,NA,0,NA
27062,2020,27,Lugo,62,Triacastela,582,418,164,4,3,411,414,71.8213058419244,NA,NA,NA,NA,53,NA,0,NA,NA,NA,582,NA,0,NA,NA,NA,NA,NA,NA,NA,NA,NA,0,NA,NA,NA,NA,NA,NA,NA,NA,0,NA,NA,1,NA,0,NA,NA,NA,4,266,85,NA,0,NA,NA,0,NA,NA,NA,NA,NA,NA,NA,NA,NA,NA,NA,2,NA,NA,NA,NA,12.80193236714976,NA,0,NA,NA,NA,140.57971014492753,NA,0,NA,NA,NA,NA,NA,NA,NA,NA,NA,0,NA,NA,NA,NA,NA,NA,NA,NA,0,NA,NA,0.24154589371980675,NA,0,NA,NA,NA,0.966183574879227,64.25120772946859,20.531400966183575,NA,0,NA,NA,0,NA,NA,NA,NA,NA,NA,NA,NA,NA,NA,NA,0.4830917874396135
27062,2024,27,Lugo,62,Triacastela,539,441,98,4,2,435,437,81.81818181818183,NA,NA,NA,NA,64,NA,NA,NA,NA,NA,539,NA,NA,NA,NA,NA,NA,NA,1,1,NA,NA,NA,NA,NA,NA,NA,NA,NA,NA,NA,NA,NA,NA,0,NA,NA,NA,NA,0,NA,279,80,NA,0,NA,NA,NA,NA,NA,NA,0,NA,NA,NA,NA,NA,NA,NA,10,NA,NA,NA,NA,14.645308924485127,NA,NA,NA,NA,NA,123.34096109839817,NA,NA,NA,NA,NA,NA,NA,0.2288329519450801,0.2288329519450801,NA,NA,NA,NA,NA,NA,NA,NA,NA,NA,NA,NA,NA,NA,0,NA,NA,NA,NA,0,NA,63.84439359267735,18.306636155606405,NA,0,NA,NA,NA,NA,NA,NA,0,NA,NA,NA,NA,NA,NA,NA,2.2883295194508007
27063,2001,27,Lugo,63,Valadouro (O),2135,1650,485,24,8,1618,1626,77.28337236533957,NA,NA,NA,2,253,NA,NA,NA,NA,NA,NA,NA,NA,NA,NA,NA,NA,4,NA,NA,2,NA,NA,2,NA,1,NA,NA,NA,NA,NA,NA,NA,NA,NA,NA,NA,3,NA,NA,NA,957,394,NA,NA,NA,NA,NA,NA,NA,0,NA,NA,NA,NA,NA,NA,NA,NA,NA,NA,NA,NA,0.12300123001230012,15.559655596555967,NA,NA,NA,NA,NA,NA,NA,NA,NA,NA,NA,NA,0.24600246002460024,NA,NA,0.12300123001230012,NA,NA,0.12300123001230012,NA,0.06150061500615006,NA,NA,NA,NA,NA,NA,NA,NA,NA,NA,NA,0.18450184501845018,NA,NA,NA,58.85608856088561,24.231242312423124,NA,NA,NA,NA,NA,NA,NA,0,NA,NA,NA,NA,NA,NA,NA,NA,NA
27063,2005,27,Lugo,63,Valadouro (O),2042,1598,444,15,17,1566,1583,78.25661116552399,NA,NA,NA,4,267,NA,NA,NA,NA,3,NA,NA,NA,NA,NA,NA,NA,NA,NA,NA,NA,NA,NA,1,1,1,NA,NA,NA,NA,NA,NA,0,NA,NA,NA,NA,1,NA,NA,NA,845,443,NA,NA,NA,NA,NA,NA,NA,NA,NA,NA,NA,NA,NA,NA,NA,NA,NA,NA,NA,NA,0.2526847757422615,16.866708780795957,NA,NA,NA,NA,0.18951358180669614,NA,NA,NA,NA,NA,NA,NA,NA,NA,NA,NA,NA,NA,0.06317119393556538,0.06317119393556538,0.06317119393556538,NA,NA,NA,NA,NA,NA,0,NA,NA,NA,NA,0.06317119393556538,NA,NA,NA,53.37965887555275,27.984838913455462,NA,NA,NA,NA,NA,NA,NA,NA,NA,NA,NA,NA,NA,NA,NA,NA,NA
27063,2009,27,Lugo,63,Valadouro (O),1977,1546,431,21,14,1511,1525,78.199291856348,NA,NA,NA,NA,310,NA,NA,NA,NA,NA,NA,NA,NA,NA,NA,NA,NA,NA,NA,NA,NA,NA,NA,2,3,1,NA,0,NA,NA,1,NA,5,NA,NA,NA,NA,2,NA,NA,NA,759,420,NA,2,NA,NA,NA,NA,NA,NA,NA,1,NA,NA,NA,NA,5,NA,NA,NA,NA,NA,NA,20.327868852459016,NA,NA,NA,NA,NA,NA,NA,NA,NA,NA,NA,NA,NA,NA,NA,NA,NA,NA,0.13114754098360656,0.19672131147540983,0.06557377049180328,NA,0,NA,NA,0.06557377049180328,NA,0.32786885245901637,NA,NA,NA,NA,0.13114754098360656,NA,NA,NA,49.77049180327869,27.54098360655738,NA,0.13114754098360656,NA,NA,NA,NA,NA,NA,NA,0.06557377049180328,NA,NA,NA,NA,0.32786885245901637,NA,NA
27063,2012,27,Lugo,63,Valadouro (O),1869,1354,515,56,18,1280,1298,72.44515783841626,0,113,NA,NA,91,NA,0,NA,1,NA,NA,NA,NA,52,0,NA,0,NA,7,NA,NA,NA,NA,NA,1,NA,NA,NA,5,NA,NA,NA,NA,NA,3,NA,0,0,0,NA,NA,685,304,1,1,0,NA,NA,0,3,0,NA,NA,1,NA,NA,0,12,NA,NA,0,8.705701078582434,NA,NA,7.010785824345146,NA,0,NA,0.07704160246533129,NA,NA,NA,NA,4.006163328197227,0,NA,0,NA,0.539291217257319,NA,NA,NA,NA,NA,0.07704160246533129,NA,NA,NA,0.3852080123266564,NA,NA,NA,NA,NA,0.23112480739599386,NA,0,0,0,NA,NA,52.773497688751924,23.42064714946071,0.07704160246533129,0.07704160246533129,0,NA,NA,0,0.23112480739599386,0,NA,NA,0.07704160246533129,NA,NA,0,0.9244992295839755,NA,NA
27063,2016,27,Lugo,63,O Valadouro,1725,1223,502,22,8,1193,1201,70.89855072463767,0,NA,0,NA,NA,70,0,0,NA,NA,NA,NA,26,5,NA,NA,0,NA,0,NA,NA,158,NA,NA,NA,NA,0,NA,NA,NA,NA,NA,NA,0,4,0,0,NA,NA,NA,NA,595,332,NA,NA,NA,3,NA,NA,NA,NA,NA,NA,NA,NA,0,NA,NA,0,NA,0,NA,0,NA,NA,5.828476269775187,0,0,NA,NA,NA,NA,2.164862614487927,0.4163197335553705,NA,NA,0,NA,0,NA,NA,13.155703580349709,NA,NA,NA,NA,0,NA,NA,NA,NA,NA,NA,0,0.33305578684429643,0,0,NA,NA,NA,NA,49.54204829308909,27.643630308076606,NA,NA,NA,0.2497918401332223,NA,NA,NA,NA,NA,NA,NA,NA,0,NA,NA,0,NA
27063,2020,27,Lugo,63,O Valadouro,1688,963,725,18,2,943,945,57.04976303317536,NA,NA,NA,NA,270,NA,0,NA,NA,NA,1688,NA,0,NA,NA,NA,NA,NA,NA,NA,NA,NA,0,NA,NA,NA,NA,NA,NA,NA,NA,1,NA,NA,0,NA,1,NA,NA,NA,16,447,200,NA,0,NA,NA,0,NA,NA,NA,NA,NA,NA,NA,NA,NA,NA,NA,8,NA,NA,NA,NA,28.57142857142857,NA,0,NA,NA,NA,178.6243386243386,NA,0,NA,NA,NA,NA,NA,NA,NA,NA,NA,0,NA,NA,NA,NA,NA,NA,NA,NA,0.10582010582010583,NA,NA,0,NA,0.10582010582010583,NA,NA,NA,1.6931216931216932,47.3015873015873,21.164021164021165,NA,0,NA,NA,0,NA,NA,NA,NA,NA,NA,NA,NA,NA,NA,NA,0.8465608465608466
27063,2024,27,Lugo,63,O Valadouro,1605,1128,477,15,11,1102,1113,70.2803738317757,NA,NA,NA,NA,320,NA,NA,NA,NA,NA,1605,NA,NA,NA,NA,NA,NA,NA,0,0,NA,NA,NA,NA,NA,NA,NA,NA,NA,NA,NA,NA,NA,NA,2,NA,NA,NA,NA,1,NA,533,218,NA,1,NA,NA,NA,NA,NA,NA,4,NA,NA,NA,NA,NA,NA,NA,23,NA,NA,NA,NA,28.751123090745732,NA,NA,NA,NA,NA,144.20485175202157,NA,NA,NA,NA,NA,NA,NA,0,0,NA,NA,NA,NA,NA,NA,NA,NA,NA,NA,NA,NA,NA,NA,0.17969451931716085,NA,NA,NA,NA,0.08984725965858043,NA,47.88858939802336,19.58670260557053,NA,0.08984725965858043,NA,NA,NA,NA,NA,NA,0.3593890386343217,NA,NA,NA,NA,NA,NA,NA,2.0664869721473496
27064,2001,27,Lugo,64,Vicedo (O),2010,1368,642,21,15,1332,1347,68.05970149253731,NA,NA,NA,3,229,NA,NA,NA,NA,NA,NA,NA,NA,NA,NA,NA,NA,2,NA,NA,2,NA,NA,10,NA,2,NA,NA,NA,NA,NA,NA,NA,NA,NA,NA,NA,3,NA,NA,NA,832,249,NA,NA,NA,NA,NA,NA,NA,0,NA,NA,NA,NA,NA,NA,NA,NA,NA,NA,NA,NA,0.22271714922048996,17.0007423904974,NA,NA,NA,NA,NA,NA,NA,NA,NA,NA,NA,NA,0.14847809948032664,NA,NA,0.14847809948032664,NA,NA,0.7423904974016332,NA,0.14847809948032664,NA,NA,NA,NA,NA,NA,NA,NA,NA,NA,NA,0.22271714922048996,NA,NA,NA,61.76688938381588,18.485523385300667,NA,NA,NA,NA,NA,NA,NA,0,NA,NA,NA,NA,NA,NA,NA,NA,NA
27064,2005,27,Lugo,64,Vicedo (O),1898,1372,526,14,20,1338,1358,72.28661749209695,NA,NA,NA,0,155,NA,NA,NA,NA,0,NA,NA,NA,NA,NA,NA,NA,NA,NA,NA,NA,NA,NA,7,0,0,NA,NA,NA,NA,NA,NA,1,NA,NA,NA,NA,1,NA,NA,NA,775,399,NA,NA,NA,NA,NA,NA,NA,NA,NA,NA,NA,NA,NA,NA,NA,NA,NA,NA,NA,NA,0,11.413843888070693,NA,NA,NA,NA,0,NA,NA,NA,NA,NA,NA,NA,NA,NA,NA,NA,NA,NA,0.5154639175257731,0,0,NA,NA,NA,NA,NA,NA,0.07363770250368189,NA,NA,NA,NA,0.07363770250368189,NA,NA,NA,57.06921944035346,29.381443298969074,NA,NA,NA,NA,NA,NA,NA,NA,NA,NA,NA,NA,NA,NA,NA,NA,NA
27064,2009,27,Lugo,64,Vicedo (O),1789,1285,504,9,19,1257,1276,71.8278367803242,NA,NA,NA,NA,165,NA,NA,NA,NA,NA,NA,NA,NA,NA,NA,NA,NA,NA,NA,NA,NA,NA,NA,8,0,2,NA,0,NA,NA,0,NA,1,NA,NA,NA,NA,5,NA,NA,NA,768,296,NA,1,NA,NA,NA,NA,NA,NA,NA,5,NA,NA,NA,NA,6,NA,NA,NA,NA,NA,NA,12.931034482758621,NA,NA,NA,NA,NA,NA,NA,NA,NA,NA,NA,NA,NA,NA,NA,NA,NA,NA,0.6269592476489028,0,0.1567398119122257,NA,0,NA,NA,0,NA,0.07836990595611285,NA,NA,NA,NA,0.3918495297805642,NA,NA,NA,60.18808777429467,23.197492163009404,NA,0.07836990595611285,NA,NA,NA,NA,NA,NA,NA,0.3918495297805642,NA,NA,NA,NA,0.4702194357366771,NA,NA
27064,2012,27,Lugo,64,Vicedo (O),1698,1129,569,28,17,1084,1101,66.48998822143697,0,65,NA,NA,95,NA,0,NA,0,NA,NA,NA,NA,3,0,NA,0,NA,7,NA,NA,NA,NA,NA,1,NA,NA,NA,1,NA,NA,NA,NA,NA,8,NA,0,0,0,NA,NA,709,181,4,1,0,NA,NA,0,0,0,NA,NA,0,NA,NA,0,9,NA,NA,0,5.903723887375113,NA,NA,8.628519527702089,NA,0,NA,0,NA,NA,NA,NA,0.2724795640326975,0,NA,0,NA,0.6357856494096277,NA,NA,NA,NA,NA,0.09082652134423251,NA,NA,NA,0.09082652134423251,NA,NA,NA,NA,NA,0.7266121707538601,NA,0,0,0,NA,NA,64.39600363306084,16.439600363306088,0.36330608537693004,0.09082652134423251,0,NA,NA,0,0,0,NA,NA,0,NA,NA,0,0.8174386920980926,NA,NA
27064,2016,27,Lugo,64,O Vicedo,1566,1054,512,10,12,1032,1044,67.30523627075351,0,NA,0,NA,NA,62,0,0,NA,NA,NA,NA,32,1,NA,NA,0,NA,0,NA,NA,99,NA,NA,NA,NA,0,NA,NA,NA,NA,NA,NA,0,9,3,0,NA,NA,NA,NA,689,137,NA,NA,NA,0,NA,NA,NA,NA,NA,NA,NA,NA,0,NA,NA,0,NA,0,NA,0,NA,NA,5.938697318007663,0,0,NA,NA,NA,NA,3.065134099616858,0.09578544061302681,NA,NA,0,NA,0,NA,NA,9.482758620689655,NA,NA,NA,NA,0,NA,NA,NA,NA,NA,NA,0,0.8620689655172413,0.28735632183908044,0,NA,NA,NA,NA,65.99616858237547,13.122605363984674,NA,NA,NA,0,NA,NA,NA,NA,NA,NA,NA,NA,0,NA,NA,0,NA
27064,2020,27,Lugo,64,O Vicedo,1484,898,586,19,12,867,879,60.512129380053906,NA,NA,NA,NA,158,NA,0,NA,NA,NA,1484,NA,3,NA,NA,NA,NA,NA,NA,NA,NA,NA,0,NA,NA,NA,NA,NA,NA,NA,NA,1,NA,NA,2,NA,1,NA,NA,NA,14,544,137,NA,0,NA,NA,0,NA,NA,NA,NA,NA,NA,NA,NA,NA,NA,NA,7,NA,NA,NA,NA,17.974971558589306,NA,0,NA,NA,NA,168.82821387940842,NA,0.3412969283276451,NA,NA,NA,NA,NA,NA,NA,NA,NA,0,NA,NA,NA,NA,NA,NA,NA,NA,0.11376564277588168,NA,NA,0.22753128555176336,NA,0.11376564277588168,NA,NA,NA,1.5927189988623434,61.88850967007964,15.585893060295792,NA,0,NA,NA,0,NA,NA,NA,NA,NA,NA,NA,NA,NA,NA,NA,0.7963594994311717
27064,2024,27,Lugo,64,O Vicedo,1429,969,460,18,12,939,951,67.80965710286914,NA,NA,NA,NA,205,NA,NA,NA,NA,NA,1429,NA,NA,NA,NA,NA,NA,NA,1,1,NA,NA,NA,NA,NA,NA,NA,NA,NA,NA,NA,NA,NA,NA,2,NA,NA,NA,NA,2,NA,568,142,NA,1,NA,NA,NA,NA,NA,NA,7,NA,NA,NA,NA,NA,NA,NA,10,NA,NA,NA,NA,21.55625657202944,NA,NA,NA,NA,NA,150.26288117770767,NA,NA,NA,NA,NA,NA,NA,0.10515247108307045,0.10515247108307045,NA,NA,NA,NA,NA,NA,NA,NA,NA,NA,NA,NA,NA,NA,0.2103049421661409,NA,NA,NA,NA,0.2103049421661409,NA,59.726603575184015,14.931650893796004,NA,0.10515247108307045,NA,NA,NA,NA,NA,NA,0.7360672975814931,NA,NA,NA,NA,NA,NA,NA,1.0515247108307046
27065,2001,27,Lugo,65,Vilalba,13317,9010,4307,69,87,8854,8941,67.65788090410754,NA,NA,NA,16,1357,NA,NA,NA,NA,NA,NA,NA,NA,NA,NA,NA,NA,12,NA,NA,9,NA,NA,16,NA,13,NA,NA,NA,NA,NA,NA,NA,NA,NA,NA,NA,6,NA,NA,NA,6159,1266,NA,NA,NA,NA,NA,NA,NA,0,NA,NA,NA,NA,NA,NA,NA,NA,NA,NA,NA,NA,0.17895090034671737,15.177273235655967,NA,NA,NA,NA,NA,NA,NA,NA,NA,NA,NA,NA,0.13421317526003804,NA,NA,0.10065988144502852,NA,NA,0.17895090034671737,NA,0.14539760653170786,NA,NA,NA,NA,NA,NA,NA,NA,NA,NA,NA,0.06710658763001902,NA,NA,NA,68.88491220221452,14.159489989934013,NA,NA,NA,NA,NA,NA,NA,0,NA,NA,NA,NA,NA,NA,NA,NA,NA
27065,2005,27,Lugo,65,Vilalba,13325,9289,4036,55,101,9133,9234,69.7110694183865,NA,NA,NA,10,1226,NA,NA,NA,NA,11,NA,NA,NA,NA,NA,NA,NA,NA,NA,NA,NA,NA,NA,17,4,13,NA,NA,NA,NA,NA,NA,8,NA,NA,NA,NA,8,NA,NA,NA,5729,2107,NA,NA,NA,NA,NA,NA,NA,NA,NA,NA,NA,NA,NA,NA,NA,NA,NA,NA,NA,NA,0.10829542993285683,13.277019709768249,NA,NA,NA,NA,0.11912497292614252,NA,NA,NA,NA,NA,NA,NA,NA,NA,NA,NA,NA,NA,0.18410223088585662,0.043318171973142736,0.1407840589127139,NA,NA,NA,NA,NA,NA,0.08663634394628547,NA,NA,NA,NA,0.08663634394628547,NA,NA,NA,62.042451808533684,22.817847086852936,NA,NA,NA,NA,NA,NA,NA,NA,NA,NA,NA,NA,NA,NA,NA,NA,NA
27065,2009,27,Lugo,65,Vilalba,13217,9482,3735,162,150,9170,9320,71.74093969887267,NA,NA,NA,NA,1210,NA,NA,NA,NA,NA,NA,NA,NA,NA,NA,NA,NA,NA,NA,NA,NA,NA,NA,36,6,7,NA,23,NA,NA,8,NA,2,NA,NA,NA,NA,4,NA,NA,NA,5574,2166,NA,20,NA,NA,NA,NA,NA,NA,NA,66,NA,NA,NA,NA,48,NA,NA,NA,NA,NA,NA,12.98283261802575,NA,NA,NA,NA,NA,NA,NA,NA,NA,NA,NA,NA,NA,NA,NA,NA,NA,NA,0.38626609442060084,0.06437768240343347,0.07510729613733906,NA,0.24678111587982834,NA,NA,0.08583690987124463,NA,0.02145922746781116,NA,NA,NA,NA,0.04291845493562232,NA,NA,NA,59.8068669527897,23.240343347639485,NA,0.2145922746781116,NA,NA,NA,NA,NA,NA,NA,0.7081545064377682,NA,NA,NA,NA,0.5150214592274678,NA,NA
27065,2012,27,Lugo,65,Vilalba,12951,8330,4621,242,245,7843,8088,64.31935757856536,0,750,NA,NA,538,NA,4,NA,4,NA,NA,NA,NA,29,0,NA,0,NA,73,NA,NA,NA,NA,NA,8,NA,NA,NA,33,NA,NA,NA,NA,NA,21,NA,0,0,0,NA,NA,4761,1522,11,2,4,NA,NA,0,16,0,NA,NA,2,NA,NA,0,65,NA,NA,0,9.27299703264095,NA,NA,6.651829871414441,NA,0.04945598417408506,NA,0.04945598417408506,NA,NA,NA,NA,0.35855588526211674,0,NA,0,NA,0.9025717111770524,NA,NA,NA,NA,NA,0.09891196834817012,NA,NA,NA,0.4080118694362018,NA,NA,NA,NA,NA,0.25964391691394656,NA,0,0,0,NA,NA,58.86498516320475,18.81800197823937,0.13600395647873392,0.02472799208704253,0.04945598417408506,NA,NA,0,0.19782393669634024,0,NA,NA,0.02472799208704253,NA,NA,0,0.8036597428288822,NA,NA
27065,2016,27,Lugo,65,Vilalba,12392,7901,4491,128,88,7685,7773,63.75887669464171,0,NA,0,NA,NA,443,5,0,NA,NA,NA,NA,205,9,NA,NA,0,NA,0,NA,NA,1025,NA,NA,NA,NA,12,NA,NA,NA,NA,NA,NA,0,49,15,0,NA,NA,NA,NA,4595,1317,NA,NA,NA,10,NA,NA,NA,NA,NA,NA,NA,NA,0,NA,NA,0,NA,0,NA,0,NA,NA,5.699215232214074,0.06432522835456066,0,NA,NA,NA,NA,2.637334362536987,0.11578541103820918,NA,NA,0,NA,0,NA,NA,13.186671812684935,NA,NA,NA,NA,0.1543805480509456,NA,NA,NA,NA,NA,NA,0,0.6303872378746944,0.19297568506368198,0,NA,NA,NA,NA,59.11488485784125,16.943265148591276,NA,NA,NA,0.1286504567091213,NA,NA,NA,NA,NA,NA,NA,NA,0,NA,NA,0,NA
27065,2020,27,Lugo,65,Vilalba,11995,6922,5073,88,79,6755,6834,57.70737807419758,NA,NA,NA,NA,1286,NA,1,NA,NA,NA,11995,NA,16,NA,NA,NA,NA,NA,NA,NA,NA,NA,2,NA,NA,NA,NA,NA,NA,NA,NA,13,NA,NA,12,NA,5,NA,NA,NA,123,4037,1125,NA,3,NA,NA,3,NA,NA,NA,NA,NA,NA,NA,NA,NA,NA,NA,129,NA,NA,NA,NA,18.817676324261047,NA,0.014632718759145449,NA,NA,NA,175.51946151594967,NA,0.23412350014632718,NA,NA,NA,NA,NA,NA,NA,NA,NA,0.029265437518290898,NA,NA,NA,NA,NA,NA,NA,NA,0.19022534386889084,NA,NA,0.17559262510974538,NA,0.07316359379572725,NA,NA,NA,1.7998244073748904,59.07228563067017,16.46180860403863,NA,0.043898156277436345,NA,NA,0.043898156277436345,NA,NA,NA,NA,NA,NA,NA,NA,NA,NA,NA,1.887620719929763
27065,2024,27,Lugo,65,Vilalba,11640,7890,3750,124,97,7669,7766,67.78350515463917,NA,NA,NA,NA,1828,NA,NA,NA,NA,NA,11640,NA,NA,NA,NA,NA,NA,NA,8,3,NA,NA,NA,NA,NA,NA,NA,NA,NA,NA,NA,NA,NA,NA,9,NA,NA,NA,NA,5,NA,4582,1044,NA,7,NA,NA,NA,NA,NA,NA,31,NA,NA,NA,NA,NA,NA,NA,152,NA,NA,NA,NA,23.53850115889776,NA,NA,NA,NA,NA,149.88411022405356,NA,NA,NA,NA,NA,NA,NA,0.10301313417460728,0.03862992531547772,NA,NA,NA,NA,NA,NA,NA,NA,NA,NA,NA,NA,NA,NA,0.11588977594643318,NA,NA,NA,NA,0.06438320885912954,NA,59.000772598506316,13.443214009786248,NA,0.09013649240278136,NA,NA,NA,NA,NA,NA,0.3991758949266031,NA,NA,NA,NA,NA,NA,NA,1.9572495493175381
27066,2001,27,Lugo,66,Viveiro,12822,8906,3916,49,113,8744,8857,69.45874278583685,NA,NA,NA,29,2152,NA,NA,NA,NA,NA,NA,NA,NA,NA,NA,NA,NA,19,NA,NA,40,NA,NA,98,NA,18,NA,NA,NA,NA,NA,NA,NA,NA,NA,NA,NA,25,NA,NA,NA,4393,1970,NA,NA,NA,NA,NA,NA,NA,0,NA,NA,NA,NA,NA,NA,NA,NA,NA,NA,NA,NA,0.3274246358812239,24.297166083323923,NA,NA,NA,NA,NA,NA,NA,NA,NA,NA,NA,NA,0.21451958902562943,NA,NA,0.45162018742237775,NA,NA,1.1064694591848256,NA,0.20322908434007,NA,NA,NA,NA,NA,NA,NA,NA,NA,NA,NA,0.2822626171389861,NA,NA,NA,49.599187083662635,22.242294230552105,NA,NA,NA,NA,NA,NA,NA,0,NA,NA,NA,NA,NA,NA,NA,NA,NA
27066,2005,27,Lugo,66,Viveiro,13000,9588,3412,38,118,9432,9550,73.75384615384615,NA,NA,NA,11,1606,NA,NA,NA,NA,12,NA,NA,NA,NA,NA,NA,NA,NA,NA,NA,NA,NA,NA,100,8,10,NA,NA,NA,NA,NA,NA,17,NA,NA,NA,NA,10,NA,NA,NA,3955,3703,NA,NA,NA,NA,NA,NA,NA,NA,NA,NA,NA,NA,NA,NA,NA,NA,NA,NA,NA,NA,0.11518324607329843,16.816753926701573,NA,NA,NA,NA,0.1256544502617801,NA,NA,NA,NA,NA,NA,NA,NA,NA,NA,NA,NA,NA,1.0471204188481675,0.0837696335078534,0.10471204188481677,NA,NA,NA,NA,NA,NA,0.1780104712041885,NA,NA,NA,NA,0.10471204188481677,NA,NA,NA,41.41361256544502,38.774869109947645,NA,NA,NA,NA,NA,NA,NA,NA,NA,NA,NA,NA,NA,NA,NA,NA,NA
27066,2009,27,Lugo,66,Viveiro,13075,9290,3785,108,175,9007,9182,71.05162523900573,NA,NA,NA,NA,1476,NA,NA,NA,NA,NA,NA,NA,NA,NA,NA,NA,NA,NA,NA,NA,NA,NA,NA,173,5,11,NA,12,NA,NA,4,NA,9,NA,NA,NA,NA,6,NA,NA,NA,4033,3080,NA,21,NA,NA,NA,NA,NA,NA,NA,20,NA,NA,NA,NA,157,NA,NA,NA,NA,NA,NA,16.07492920932259,NA,NA,NA,NA,NA,NA,NA,NA,NA,NA,NA,NA,NA,NA,NA,NA,NA,NA,1.8841211065127423,0.05445436724025267,0.11979960792855587,NA,0.1306904813766064,NA,NA,0.04356349379220214,NA,0.0980178610324548,NA,NA,NA,NA,0.0653452406883032,NA,NA,NA,43.9228926159878,33.543890219995646,NA,0.2287083424090612,NA,NA,NA,NA,NA,NA,NA,0.21781746896101067,NA,NA,NA,NA,1.7098671313439335,NA,NA
27066,2012,27,Lugo,66,Viveiro,12907,8514,4393,256,231,8027,8258,65.96420546990005,0,948,NA,NA,894,NA,8,NA,12,NA,NA,NA,NA,37,0,NA,0,NA,95,NA,NA,NA,NA,NA,9,NA,NA,NA,44,NA,NA,NA,NA,NA,50,NA,0,0,0,NA,NA,3779,2014,15,10,3,NA,NA,0,19,0,NA,NA,9,NA,NA,0,81,NA,NA,0,11.479777185759264,NA,NA,10.825865827076774,NA,0.09687575684185032,NA,0.1453136352627755,NA,NA,NA,NA,0.44805037539355774,0,NA,0,NA,1.1503996124969726,NA,NA,NA,NA,NA,0.10898522644708163,NA,NA,NA,0.5328166626301768,NA,NA,NA,NA,NA,0.6054734802615646,NA,0,0,0,NA,NA,45.76168563816905,24.38847178493582,0.18164204407846937,0.1210946960523129,0.03632840881569387,NA,NA,0,0.23007992249939455,0,NA,NA,0.10898522644708163,NA,NA,0,0.9808670380237345,NA,NA
27066,2016,27,Lugo,66,Viveiro,12657,7973,4684,112,82,7779,7861,62.99281030259935,0,NA,0,NA,NA,563,4,0,NA,NA,NA,NA,221,20,NA,NA,0,NA,0,NA,NA,1513,NA,NA,NA,NA,20,NA,NA,NA,NA,NA,NA,0,81,16,0,NA,NA,NA,NA,3625,1694,NA,NA,NA,22,NA,NA,NA,NA,NA,NA,NA,NA,0,NA,NA,0,NA,0,NA,0,NA,NA,7.161938684645719,0.05088411143620405,0,NA,NA,NA,NA,2.8113471568502737,0.25442055718102025,NA,NA,0,NA,0,NA,NA,19.24691515074418,NA,NA,NA,NA,0.25442055718102025,NA,NA,NA,NA,NA,NA,0,1.0304032565831318,0.2035364457448162,0,NA,NA,NA,NA,46.113725989059915,21.549421193232412,NA,NA,NA,0.27986261289912223,NA,NA,NA,NA,NA,NA,NA,NA,0,NA,NA,0,NA
27066,2020,27,Lugo,66,Viveiro,12532,7268,5264,145,51,7072,7123,57.99553143951485,NA,NA,NA,NA,2297,NA,1,NA,NA,NA,12532,NA,24,NA,NA,NA,NA,NA,NA,NA,NA,NA,2,NA,NA,NA,NA,NA,NA,NA,NA,10,NA,NA,20,NA,5,NA,NA,NA,210,3026,1320,NA,4,NA,NA,5,NA,NA,NA,NA,NA,NA,NA,NA,NA,NA,NA,148,NA,NA,NA,NA,32.24764846272638,NA,0.014039028499227854,NA,NA,NA,175.93710515232345,NA,0.3369366839814685,NA,NA,NA,NA,NA,NA,NA,NA,NA,0.028078056998455708,NA,NA,NA,NA,NA,NA,NA,NA,0.14039028499227854,NA,NA,0.2807805699845571,NA,0.07019514249613927,NA,NA,NA,2.948195984837849,42.482100238663485,18.531517618980768,NA,0.056156113996911415,NA,NA,0.07019514249613927,NA,NA,NA,NA,NA,NA,NA,NA,NA,NA,NA,2.0777762178857224
27066,2024,27,Lugo,66,Viveiro,12266,8050,4216,108,59,7883,7942,65.62856676993314,NA,NA,NA,NA,2595,NA,NA,NA,NA,NA,12266,NA,NA,NA,NA,NA,NA,NA,16,10,NA,NA,NA,NA,NA,NA,NA,NA,NA,NA,NA,NA,NA,NA,24,NA,NA,NA,NA,23,NA,3580,1413,NA,14,NA,NA,NA,NA,NA,NA,78,NA,NA,NA,NA,NA,NA,NA,130,NA,NA,NA,NA,32.67438932258877,NA,NA,NA,NA,NA,154.44472425081844,NA,NA,NA,NA,NA,NA,NA,0.2014605892722236,0.12591286829513976,NA,NA,NA,NA,NA,NA,NA,NA,NA,NA,NA,NA,NA,NA,0.30219088390833543,NA,NA,NA,NA,0.2895995970788215,NA,45.07680684966003,17.79148829010325,NA,0.17627801561319567,NA,NA,NA,NA,NA,NA,0.9821203727020902,NA,NA,NA,NA,NA,NA,NA,1.6368672878368171
27901,2001,27,Lugo,901,Baralla,2985,1892,1093,5,23,1864,1887,63.38358458961474,NA,NA,NA,1,501,NA,NA,NA,NA,NA,NA,NA,NA,NA,NA,NA,NA,4,NA,NA,3,NA,NA,4,NA,2,NA,NA,NA,NA,NA,NA,NA,NA,NA,NA,NA,2,NA,NA,NA,1023,324,NA,NA,NA,NA,NA,NA,NA,0,NA,NA,NA,NA,NA,NA,NA,NA,NA,NA,NA,NA,0.052994170641229466,26.550079491255964,NA,NA,NA,NA,NA,NA,NA,NA,NA,NA,NA,NA,0.21197668256491786,NA,NA,0.1589825119236884,NA,NA,0.21197668256491786,NA,0.10598834128245893,NA,NA,NA,NA,NA,NA,NA,NA,NA,NA,NA,0.10598834128245893,NA,NA,NA,54.213036565977745,17.170111287758345,NA,NA,NA,NA,NA,NA,NA,0,NA,NA,NA,NA,NA,NA,NA,NA,NA
27901,2005,27,Lugo,901,Baralla,2830,2046,784,8,13,2025,2038,72.29681978798587,NA,NA,NA,1,306,NA,NA,NA,NA,1,NA,NA,NA,NA,NA,NA,NA,NA,NA,NA,NA,NA,NA,4,2,0,NA,NA,NA,NA,NA,NA,2,NA,NA,NA,NA,3,NA,NA,NA,1129,577,NA,NA,NA,NA,NA,NA,NA,NA,NA,NA,NA,NA,NA,NA,NA,NA,NA,NA,NA,NA,0.04906771344455348,15.014720314033367,NA,NA,NA,NA,0.04906771344455348,NA,NA,NA,NA,NA,NA,NA,NA,NA,NA,NA,NA,NA,0.19627085377821393,0.09813542688910697,0,NA,NA,NA,NA,NA,NA,0.09813542688910697,NA,NA,NA,NA,0.14720314033366044,NA,NA,NA,55.39744847890088,28.31207065750736,NA,NA,NA,NA,NA,NA,NA,NA,NA,NA,NA,NA,NA,NA,NA,NA,NA
27901,2009,27,Lugo,901,Baralla,2632,1966,666,6,27,1933,1960,74.69604863221885,NA,NA,NA,NA,312,NA,NA,NA,NA,NA,NA,NA,NA,NA,NA,NA,NA,NA,NA,NA,NA,NA,NA,5,1,2,NA,2,NA,NA,0,NA,1,NA,NA,NA,NA,0,NA,NA,NA,1160,436,NA,2,NA,NA,NA,NA,NA,NA,NA,4,NA,NA,NA,NA,8,NA,NA,NA,NA,NA,NA,15.918367346938775,NA,NA,NA,NA,NA,NA,NA,NA,NA,NA,NA,NA,NA,NA,NA,NA,NA,NA,0.25510204081632654,0.05102040816326531,0.10204081632653061,NA,0.10204081632653061,NA,NA,0,NA,0.05102040816326531,NA,NA,NA,NA,0,NA,NA,NA,59.183673469387756,22.244897959183675,NA,0.10204081632653061,NA,NA,NA,NA,NA,NA,NA,0.20408163265306123,NA,NA,NA,NA,0.40816326530612246,NA,NA
27901,2012,27,Lugo,901,Baralla,2519,1711,808,34,45,1632,1677,67.92377927749106,0,90,NA,NA,144,NA,2,NA,0,NA,NA,NA,NA,5,0,NA,0,NA,3,NA,NA,NA,NA,NA,1,NA,NA,NA,3,NA,NA,NA,NA,NA,2,NA,0,0,0,NA,NA,1070,302,3,1,0,NA,NA,0,2,0,NA,NA,0,NA,NA,0,4,NA,NA,0,5.366726296958855,NA,NA,8.586762075134168,NA,0.11926058437686345,NA,0,NA,NA,NA,NA,0.2981514609421586,0,NA,0,NA,0.17889087656529518,NA,NA,NA,NA,NA,0.05963029218843172,NA,NA,NA,0.17889087656529518,NA,NA,NA,NA,NA,0.11926058437686345,NA,0,0,0,NA,NA,63.804412641621944,18.00834824090638,0.17889087656529518,0.05963029218843172,0,NA,NA,0,0.11926058437686345,0,NA,NA,0,NA,NA,0,0.2385211687537269,NA,NA
27901,2016,27,Lugo,901,Baralla,2376,1557,819,10,21,1526,1547,65.53030303030303,0,NA,0,NA,NA,52,0,0,NA,NA,NA,NA,31,3,NA,NA,0,NA,0,NA,NA,259,NA,NA,NA,NA,0,NA,NA,NA,NA,NA,NA,0,5,6,0,NA,NA,NA,NA,970,199,NA,NA,NA,1,NA,NA,NA,NA,NA,NA,NA,NA,0,NA,NA,0,NA,0,NA,0,NA,NA,3.361344537815126,0,0,NA,NA,NA,NA,2.0038784744667097,0.19392372333548805,NA,NA,0,NA,0,NA,NA,16.7420814479638,NA,NA,NA,NA,0,NA,NA,NA,NA,NA,NA,0,0.3232062055591467,0.3878474466709761,0,NA,NA,NA,NA,62.702003878474464,12.863606981254039,NA,NA,NA,0.06464124111182934,NA,NA,NA,NA,NA,NA,NA,NA,0,NA,NA,0,NA
27901,2020,27,Lugo,901,Baralla,2219,1448,771,14,16,1418,1434,65.25461919783686,NA,NA,NA,NA,134,NA,0,NA,NA,NA,2219,NA,1,NA,NA,NA,NA,NA,NA,NA,NA,NA,0,NA,NA,NA,NA,NA,NA,NA,NA,1,NA,NA,1,NA,0,NA,NA,NA,28,1056,179,NA,0,NA,NA,1,NA,NA,NA,NA,NA,NA,NA,NA,NA,NA,NA,17,NA,NA,NA,NA,9.344490934449093,NA,0,NA,NA,NA,154.74198047419804,NA,0.0697350069735007,NA,NA,NA,NA,NA,NA,NA,NA,NA,0,NA,NA,NA,NA,NA,NA,NA,NA,0.0697350069735007,NA,NA,0.0697350069735007,NA,0,NA,NA,NA,1.9525801952580195,73.64016736401673,12.482566248256626,NA,0,NA,NA,0.0697350069735007,NA,NA,NA,NA,NA,NA,NA,NA,NA,NA,NA,1.1854951185495117
27901,2024,27,Lugo,901,Baralla,2169,1590,579,11,21,1558,1579,73.30567081604426,NA,NA,NA,NA,272,NA,NA,NA,NA,NA,2169,NA,NA,NA,NA,NA,NA,NA,3,7,NA,NA,NA,NA,NA,NA,NA,NA,NA,NA,NA,NA,NA,NA,2,NA,NA,NA,NA,0,NA,1082,162,NA,0,NA,NA,NA,NA,NA,NA,3,NA,NA,NA,NA,NA,NA,NA,27,NA,NA,NA,NA,17.226092463584546,NA,NA,NA,NA,NA,137.36542115262824,NA,NA,NA,NA,NA,NA,NA,0.18999366687777072,0.44331855604813175,NA,NA,NA,NA,NA,NA,NA,NA,NA,NA,NA,NA,NA,NA,0.1266624445851805,NA,NA,NA,NA,0,NA,68.52438252058265,10.259658011399619,NA,0,NA,NA,NA,NA,NA,NA,0.18999366687777072,NA,NA,NA,NA,NA,NA,NA,1.7099430018999366
27902,2001,27,Lugo,902,Burela,6448,4017,2431,40,74,3903,3977,62.298387096774185,NA,NA,NA,5,832,NA,NA,NA,NA,NA,NA,NA,NA,NA,NA,NA,NA,8,NA,NA,13,NA,NA,24,NA,3,NA,NA,NA,NA,NA,NA,NA,NA,NA,NA,NA,14,NA,NA,NA,2175,829,NA,NA,NA,NA,NA,NA,NA,0,NA,NA,NA,NA,NA,NA,NA,NA,NA,NA,NA,NA,0.1257229067136032,20.920291677143577,NA,NA,NA,NA,NA,NA,NA,NA,NA,NA,NA,NA,0.20115665074176514,NA,NA,0.3268795574553684,NA,NA,0.6034699522252954,NA,0.07543374402816193,NA,NA,NA,NA,NA,NA,NA,NA,NA,NA,NA,0.35202413879808897,NA,NA,NA,54.6894644204174,20.844857933115414,NA,NA,NA,NA,NA,NA,NA,0,NA,NA,NA,NA,NA,NA,NA,NA,NA
27902,2005,27,Lugo,902,Burela,6814,4490,2324,26,64,4400,4464,65.89374816554154,NA,NA,NA,15,904,NA,NA,NA,NA,18,NA,NA,NA,NA,NA,NA,NA,NA,NA,NA,NA,NA,NA,13,4,2,NA,NA,NA,NA,NA,NA,7,NA,NA,NA,NA,2,NA,NA,NA,2143,1292,NA,NA,NA,NA,NA,NA,NA,NA,NA,NA,NA,NA,NA,NA,NA,NA,NA,NA,NA,NA,0.33602150537634407,20.25089605734767,NA,NA,NA,NA,0.4032258064516129,NA,NA,NA,NA,NA,NA,NA,NA,NA,NA,NA,NA,NA,0.29121863799283154,0.08960573476702509,0.044802867383512544,NA,NA,NA,NA,NA,NA,0.15681003584229392,NA,NA,NA,NA,0.044802867383512544,NA,NA,NA,48.00627240143369,28.9426523297491,NA,NA,NA,NA,NA,NA,NA,NA,NA,NA,NA,NA,NA,NA,NA,NA,NA
27902,2009,27,Lugo,902,Burela,7095,4963,2132,57,87,4819,4906,69.9506694855532,NA,NA,NA,NA,765,NA,NA,NA,NA,NA,NA,NA,NA,NA,NA,NA,NA,NA,NA,NA,NA,NA,NA,27,0,4,NA,0,NA,NA,0,NA,15,NA,NA,NA,NA,1,NA,NA,NA,2500,1354,NA,14,NA,NA,NA,NA,NA,NA,NA,24,NA,NA,NA,NA,115,NA,NA,NA,NA,NA,NA,15.593151243375459,NA,NA,NA,NA,NA,NA,NA,NA,NA,NA,NA,NA,NA,NA,NA,NA,NA,NA,0.550346514472075,0,0.08153281695882593,NA,0,NA,NA,0,NA,0.30574806359559725,NA,NA,NA,NA,0.020383204239706482,NA,NA,NA,50.9580105992662,27.598858540562578,NA,0.2853648593558908,NA,NA,NA,NA,NA,NA,NA,0.48919690175295555,NA,NA,NA,NA,2.3440684875662456,NA,NA
27902,2012,27,Lugo,902,Burela,7219,4386,2833,141,119,4126,4245,60.75633744285912,0,424,NA,NA,430,NA,2,NA,4,NA,NA,NA,NA,64,0,NA,0,NA,55,NA,NA,NA,NA,NA,7,NA,NA,NA,32,NA,NA,NA,NA,NA,39,NA,0,0,0,NA,NA,2165,819,8,3,2,NA,NA,0,6,0,NA,NA,1,NA,NA,0,65,NA,NA,0,9.988221436984688,NA,NA,10.129564193168433,NA,0.04711425206124853,NA,0.09422850412249706,NA,NA,NA,NA,1.507656065959953,0,NA,0,NA,1.2956419316843346,NA,NA,NA,NA,NA,0.16489988221436985,NA,NA,NA,0.7538280329799765,NA,NA,NA,NA,NA,0.9187279151943463,NA,0,0,0,NA,NA,51.001177856301524,19.29328621908127,0.18845700824499412,0.0706713780918728,0.04711425206124853,NA,NA,0,0.1413427561837456,0,NA,NA,0.023557126030624265,NA,NA,0,1.5312131919905771,NA,NA
27902,2016,27,Lugo,902,Burela,7208,4293,2915,61,39,4193,4232,59.55882352941176,0,NA,0,NA,NA,383,1,0,NA,NA,NA,NA,107,45,NA,NA,0,NA,0,NA,NA,733,NA,NA,NA,NA,7,NA,NA,NA,NA,NA,NA,0,54,12,0,NA,NA,NA,NA,2089,751,NA,NA,NA,11,NA,NA,NA,NA,NA,NA,NA,NA,0,NA,NA,0,NA,0,NA,0,NA,NA,9.050094517958412,0.023629489603024575,0,NA,NA,NA,NA,2.5283553875236295,1.0633270321361057,NA,NA,0,NA,0,NA,NA,17.320415879017013,NA,NA,NA,NA,0.16540642722117202,NA,NA,NA,NA,NA,NA,0,1.275992438563327,0.28355387523629494,0,NA,NA,NA,NA,49.36200378071834,17.745746691871457,NA,NA,NA,0.2599243856332703,NA,NA,NA,NA,NA,NA,NA,NA,0,NA,NA,0,NA
27902,2020,27,Lugo,902,Burela,7111,3676,3435,62,30,3584,3614,51.6945577274645,NA,NA,NA,NA,1250,NA,0,NA,NA,NA,7111,NA,13,NA,NA,NA,NA,NA,NA,NA,NA,NA,2,NA,NA,NA,NA,NA,NA,NA,NA,15,NA,NA,20,NA,1,NA,NA,NA,104,1608,510,NA,0,NA,NA,1,NA,NA,NA,NA,NA,NA,NA,NA,NA,NA,NA,60,NA,NA,NA,NA,34.587714443829555,NA,0,NA,NA,NA,196.76258992805757,NA,0.3597122302158274,NA,NA,NA,NA,NA,NA,NA,NA,NA,0.05534034311012728,NA,NA,NA,NA,NA,NA,NA,NA,0.41505257332595463,NA,NA,0.5534034311012728,NA,0.02767017155506364,NA,NA,NA,2.877697841726619,44.493635860542334,14.111787493082456,NA,0,NA,NA,0.02767017155506364,NA,NA,NA,NA,NA,NA,NA,NA,NA,NA,NA,1.6602102933038185
27902,2024,27,Lugo,902,Burela,6989,4461,2528,61,26,4374,4400,63.82887394477035,NA,NA,NA,NA,1432,NA,NA,NA,NA,NA,6989,NA,NA,NA,NA,NA,NA,NA,10,2,NA,NA,NA,NA,NA,NA,NA,NA,NA,NA,NA,NA,NA,NA,12,NA,NA,NA,NA,9,NA,2153,640,NA,4,NA,NA,NA,NA,NA,NA,26,NA,NA,NA,NA,NA,NA,NA,86,NA,NA,NA,NA,32.54545454545455,NA,NA,NA,NA,NA,158.8409090909091,NA,NA,NA,NA,NA,NA,NA,0.22727272727272727,0.045454545454545456,NA,NA,NA,NA,NA,NA,NA,NA,NA,NA,NA,NA,NA,NA,0.27272727272727276,NA,NA,NA,NA,0.20454545454545456,NA,48.93181818181818,14.545454545454545,NA,0.09090909090909091,NA,NA,NA,NA,NA,NA,0.5909090909090909,NA,NA,NA,NA,NA,NA,NA,1.9545454545454546
27990,2001,27,Lugo,990,C.E.R.A. Lugo,32564,9109,23455,51,52,9006,9058,27.972607787741065,NA,NA,NA,67,460,NA,NA,NA,NA,NA,NA,NA,NA,NA,NA,NA,NA,91,NA,NA,44,NA,NA,143,NA,44,NA,NA,NA,NA,NA,NA,NA,NA,NA,NA,NA,98,NA,NA,NA,5869,2190,NA,NA,NA,NA,NA,NA,NA,0,NA,NA,NA,NA,NA,NA,NA,NA,NA,NA,NA,NA,0.7396776330315743,5.078383749172002,NA,NA,NA,NA,NA,NA,NA,NA,NA,NA,NA,NA,1.0046367851622875,NA,NA,0.4857584455729742,NA,NA,1.578714948112166,NA,0.4857584455729742,NA,NA,NA,NA,NA,NA,NA,NA,NA,NA,NA,1.0819165378670788,NA,NA,NA,64.79355266063148,24.177522631927577,NA,NA,NA,NA,NA,NA,NA,0,NA,NA,NA,NA,NA,NA,NA,NA,NA
27990,2009,27,Lugo,990,C.E.R.A. Lugo,44007,10466,33541,281,116,10069,10185,23.782580044083897,NA,NA,NA,NA,331,NA,NA,NA,NA,NA,NA,NA,NA,NA,NA,NA,NA,NA,NA,NA,NA,NA,NA,88,18,31,NA,51,NA,NA,23,NA,3,NA,NA,NA,NA,41,NA,NA,NA,3199,6093,NA,96,NA,NA,NA,NA,NA,NA,NA,61,NA,NA,NA,NA,34,NA,NA,NA,NA,NA,NA,3.2498772704958276,NA,NA,NA,NA,NA,NA,NA,NA,NA,NA,NA,NA,NA,NA,NA,NA,NA,NA,0.8640157093765342,0.17673048600883653,0.3043691703485518,NA,0.5007363770250368,NA,NA,0.22582228767795776,NA,0.029455081001472753,NA,NA,NA,NA,0.40255277368679426,NA,NA,NA,31.40893470790378,59.823269513991164,NA,0.9425625920471281,NA,NA,NA,NA,NA,NA,NA,0.5989199803632794,NA,NA,NA,NA,0.3338242513500245,NA,NA
27990,2012,27,Lugo,990,C.E.R.A. Lugo,56002,1802,54200,1,3,1798,1801,3.2177422234920185,0,79,NA,NA,83,NA,3,NA,10,NA,NA,NA,NA,30,0,NA,0,NA,1,NA,NA,NA,NA,NA,8,NA,NA,NA,10,NA,NA,NA,NA,NA,55,NA,0,0,0,NA,NA,800,642,31,15,3,NA,NA,0,1,0,NA,NA,3,NA,NA,0,24,NA,NA,0,4.386451971127152,NA,NA,4.6085508051082735,NA,0.1665741254858412,NA,0.5552470849528041,NA,NA,NA,NA,1.6657412548584118,0,NA,0,NA,0.055524708495280406,NA,NA,NA,NA,NA,0.44419766796224325,NA,NA,NA,0.5552470849528041,NA,NA,NA,NA,NA,3.053858967240422,NA,0,0,0,NA,NA,44.419766796224316,35.64686285397002,1.7212659633536922,0.8328706274292059,0.1665741254858412,NA,NA,0,0.055524708495280406,0,NA,NA,0.1665741254858412,NA,NA,0,1.3325930038867295,NA,NA
27990,2016,27,Lugo,990,Residentes Ausentes Lugo,64266,1270,62996,15,7,1248,1255,1.9761615784396103,0,NA,0,NA,NA,36,1,0,NA,NA,NA,NA,55,16,NA,NA,0,NA,0,NA,NA,160,NA,NA,NA,NA,22,NA,NA,NA,NA,NA,NA,0,46,14,0,NA,NA,NA,NA,595,288,NA,NA,NA,15,NA,NA,NA,NA,NA,NA,NA,NA,0,NA,NA,0,NA,0,NA,0,NA,NA,2.8685258964143427,0.0796812749003984,0,NA,NA,NA,NA,4.382470119521913,1.2749003984063745,NA,NA,0,NA,0,NA,NA,12.749003984063744,NA,NA,NA,NA,1.7529880478087652,NA,NA,NA,NA,NA,NA,0,3.6653386454183265,1.1155378486055778,0,NA,NA,NA,NA,47.410358565737056,22.948207171314742,NA,NA,NA,1.1952191235059761,NA,NA,NA,NA,NA,NA,NA,NA,0,NA,NA,0,NA
27990,2020,27,Lugo,990,Residentes Ausentes Lugo,67605,421,67184,1,7,413,420,0.6227350048073368,NA,NA,NA,NA,83,NA,2,NA,NA,NA,67605,NA,9,NA,NA,NA,NA,NA,NA,NA,NA,NA,5,NA,NA,NA,NA,NA,NA,NA,NA,1,NA,NA,8,NA,2,NA,NA,NA,37,141,92,NA,3,NA,NA,5,NA,NA,NA,NA,NA,NA,NA,NA,NA,NA,NA,25,NA,NA,NA,NA,19.761904761904763,NA,0.4761904761904762,NA,NA,NA,16096.428571428572,NA,2.142857142857143,NA,NA,NA,NA,NA,NA,NA,NA,NA,1.1904761904761905,NA,NA,NA,NA,NA,NA,NA,NA,0.2380952380952381,NA,NA,1.9047619047619049,NA,0.4761904761904762,NA,NA,NA,8.80952380952381,33.57142857142857,21.904761904761905,NA,0.7142857142857143,NA,NA,1.1904761904761905,NA,NA,NA,NA,NA,NA,NA,NA,NA,NA,NA,5.952380952380952
27990,2024,27,Lugo,990,Residentes ausentes-Lugo,69660,2714,66946,24,31,2659,2690,3.896066609244904,NA,NA,NA,NA,365,NA,NA,NA,NA,NA,69660,NA,NA,NA,NA,NA,NA,NA,15,9,NA,NA,NA,NA,NA,NA,NA,NA,NA,NA,NA,NA,NA,NA,50,NA,NA,NA,NA,58,NA,1320,558,NA,29,NA,NA,NA,NA,NA,NA,86,NA,NA,NA,NA,NA,NA,NA,169,NA,NA,NA,NA,13.568773234200743,NA,NA,NA,NA,NA,2589.5910780669146,NA,NA,NA,NA,NA,NA,NA,0.5576208178438662,0.3345724907063197,NA,NA,NA,NA,NA,NA,NA,NA,NA,NA,NA,NA,NA,NA,1.858736059479554,NA,NA,NA,NA,2.1561338289962824,NA,49.07063197026022,20.743494423791823,NA,1.0780669144981412,NA,NA,NA,NA,NA,NA,3.197026022304833,NA,NA,NA,NA,NA,NA,NA,6.282527881040892
27999,2005,27,Lugo,999,C.E.R.A. Lugo,38332,14310,24022,42,32,14236,14268,37.33173327767923,NA,NA,NA,71,509,NA,NA,NA,NA,56,NA,NA,NA,NA,NA,0,NA,NA,NA,NA,NA,NA,NA,108,25,45,NA,NA,NA,0,NA,NA,11,NA,NA,NA,NA,79,NA,NA,NA,6545,6787,NA,NA,NA,NA,NA,NA,NA,NA,NA,NA,NA,NA,NA,NA,NA,NA,NA,NA,NA,NA,0.4976170451359686,3.5674236052705353,NA,NA,NA,NA,0.3924866834875245,NA,NA,NA,NA,NA,0,NA,NA,NA,NA,NA,NA,NA,0.7569386038687973,0.17521726941407345,0.3153910849453322,NA,NA,NA,0,NA,NA,0.0770955985421923,NA,NA,NA,NA,0.5536865713484721,NA,NA,NA,45.87188113260443,47.567984300532665,NA,NA,NA,NA,NA,NA,NA,NA,NA,NA,NA,NA,NA,NA,NA,NA,NA
32001,2001,32,Ourense,1,Allariz,4447,3170,1277,19,37,3114,3151,71.284011693276355,NA,NA,NA,5,1697,NA,NA,NA,NA,NA,NA,NA,NA,NA,NA,NA,NA,4,NA,NA,6,NA,NA,8,NA,2,NA,NA,NA,NA,NA,NA,NA,NA,NA,NA,NA,3,NA,NA,NA,1112,277,NA,NA,NA,NA,NA,NA,NA,0,NA,NA,NA,NA,NA,NA,NA,NA,NA,NA,NA,NA,0.15867978419549347,53.85591875595049,NA,NA,NA,NA,NA,NA,NA,NA,NA,NA,NA,NA,0.12694382735639478,NA,NA,0.1904157410345922,NA,NA,0.25388765471278957,NA,0.06347191367819739,NA,NA,NA,NA,NA,NA,NA,NA,NA,NA,NA,0.0952078705172961,NA,NA,NA,35.290384005077755,8.790860044430339,NA,NA,NA,NA,NA,NA,NA,0,NA,NA,NA,NA,NA,NA,NA,NA,NA
32001,2005,32,Ourense,1,Allariz,4618,3556,1062,64,24,3468,3492,77.00303161541792,NA,NA,NA,2,1978,NA,NA,NA,NA,5,NA,NA,NA,NA,NA,NA,2,NA,NA,NA,NA,NA,NA,4,0,5,NA,NA,NA,NA,NA,NA,3,NA,NA,NA,NA,2,NA,NA,NA,1136,331,NA,NA,NA,NA,NA,NA,NA,NA,NA,NA,NA,NA,NA,NA,NA,NA,NA,NA,NA,NA,0.057273768613974804,56.643757159221074,NA,NA,NA,NA,0.143184421534937,NA,NA,NA,NA,NA,NA,0.057273768613974804,NA,NA,NA,NA,NA,NA,0.11454753722794961,0,0.143184421534937,NA,NA,NA,NA,NA,NA,0.0859106529209622,NA,NA,NA,NA,0.057273768613974804,NA,NA,NA,32.531500572737684,9.47880870561283,NA,NA,NA,NA,NA,NA,NA,NA,NA,NA,NA,NA,NA,NA,NA,NA,NA
32001,2009,32,Ourense,1,Allariz,4797,3774,1023,29,49,3696,3745,78.67417135709819,NA,NA,NA,NA,1972,NA,NA,NA,NA,NA,NA,NA,NA,NA,NA,NA,6,NA,NA,NA,NA,NA,NA,16,2,7,NA,0,NA,NA,NA,NA,3,NA,NA,NA,NA,7,NA,NA,NA,1157,487,NA,11,NA,NA,NA,NA,NA,NA,NA,6,NA,0,NA,NA,22,NA,NA,NA,NA,NA,NA,52.65687583444593,NA,NA,NA,NA,NA,NA,NA,NA,NA,NA,NA,0.16021361815754337,NA,NA,NA,NA,NA,NA,0.4272363150867824,0.0534045393858478,0.1869158878504673,NA,0,NA,NA,NA,NA,0.08010680907877168,NA,NA,NA,NA,0.1869158878504673,NA,NA,NA,30.89452603471295,13.00400534045394,NA,0.2937249666221629,NA,NA,NA,NA,NA,NA,NA,0.16021361815754337,NA,0,NA,NA,0.5874499332443258,NA,NA
32001,2012,32,Ourense,1,Allariz,4971,3434,1537,59,71,3304,3375,69.08066787366727,0,296,NA,NA,1448,NA,1,NA,2,NA,NA,NA,NA,36,0,NA,14,NA,36,NA,NA,NA,NA,NA,1,NA,NA,NA,0,NA,NA,NA,NA,NA,9,NA,0,0,2,NA,NA,1035,339,3,3,1,NA,NA,0,50,0,NA,NA,2,NA,NA,0,26,NA,NA,0,8.77037037037037,NA,NA,42.903703703703705,NA,0.02962962962962963,NA,0.05925925925925926,NA,NA,NA,NA,1.0666666666666667,0,NA,0.4148148148148148,NA,1.0666666666666667,NA,NA,NA,NA,NA,0.02962962962962963,NA,NA,NA,0,NA,NA,NA,NA,NA,0.26666666666666666,NA,0,0,0.05925925925925926,NA,NA,30.666666666666664,10.044444444444444,0.08888888888888889,0.08888888888888889,0.02962962962962963,NA,NA,0,1.4814814814814816,0,NA,NA,0.05925925925925926,NA,NA,0,0.7703703703703704,NA,NA
32001,2016,32,Ourense,1,Allariz,4982,3361,1621,25,22,3314,3336,67.4628663187475,0,NA,0,NA,NA,1159,0,0,NA,NA,NA,NA,81,5,NA,NA,47,NA,0,NA,NA,535,NA,NA,NA,NA,2,NA,NA,NA,NA,NA,NA,0,23,4,0,NA,NA,NA,NA,1189,264,NA,NA,NA,3,NA,NA,NA,NA,NA,NA,NA,NA,0,NA,NA,2,NA,0,NA,0,NA,NA,34.74220623501199,0,0,NA,NA,NA,NA,2.4280575539568345,0.1498800959232614,NA,NA,1.408872901678657,NA,0,NA,NA,16.03717026378897,NA,NA,NA,NA,0.05995203836930455,NA,NA,NA,NA,NA,NA,0,0.6894484412470023,0.1199040767386091,0,NA,NA,NA,NA,35.64148681055156,7.913669064748201,NA,NA,NA,0.08992805755395684,NA,NA,NA,NA,NA,NA,NA,NA,0,NA,NA,0.05995203836930455,NA
32001,2020,32,Ourense,1,Allariz,5090,3212,1878,37,25,3150,3175,63.1041257367387,NA,NA,NA,NA,1560,NA,NA,NA,NA,NA,5090,1,13,NA,NA,NA,NA,NA,3,NA,NA,2,NA,NA,NA,NA,NA,NA,NA,NA,NA,NA,NA,NA,11,NA,1,NA,NA,NA,102,1073,321,NA,0,NA,NA,7,NA,NA,NA,NA,NA,NA,NA,NA,NA,NA,NA,56,NA,NA,NA,NA,49.13385826771653,NA,NA,NA,NA,NA,160.31496062992125,0.031496062992125984,0.40944881889763785,NA,NA,NA,NA,NA,0.09448818897637795,NA,NA,0.06299212598425197,NA,NA,NA,NA,NA,NA,NA,NA,NA,NA,NA,NA,0.3464566929133858,NA,0.031496062992125984,NA,NA,NA,3.2125984251968505,33.795275590551185,10.11023622047244,NA,0,NA,NA,0.2204724409448819,NA,NA,NA,NA,NA,NA,NA,NA,NA,NA,NA,1.763779527559055
32001,2024,32,Ourense,1,Allariz,5215,3636,1579,33,27,3576,3603,69.72195589645254,NA,NA,NA,NA,1895,NA,NA,NA,NA,NA,5215,NA,NA,NA,NA,NA,136,NA,4,1,NA,NA,NA,NA,NA,NA,NA,NA,NA,NA,NA,NA,NA,NA,5,NA,NA,NA,NA,4,NA,1229,237,NA,2,NA,NA,NA,NA,NA,NA,30,NA,NA,NA,NA,NA,NA,NA,33,NA,NA,NA,NA,52.59505967249515,NA,NA,NA,NA,NA,144.7404940327505,NA,NA,NA,NA,NA,3.7746322509020263,NA,0.11101859561476549,0.02775464890369137,NA,NA,NA,NA,NA,NA,NA,NA,NA,NA,NA,NA,NA,NA,0.13877324451845685,NA,NA,NA,NA,0.11101859561476549,NA,34.11046350263669,6.577851790174854,NA,0.05550929780738274,NA,NA,NA,NA,NA,NA,0.832639467110741,NA,NA,NA,NA,NA,NA,NA,0.9159034138218152
32002,2001,32,Ourense,2,Amoeiro,2083,1505,578,9,10,1486,1496,72.25156024963995,NA,NA,NA,0,347,NA,NA,NA,NA,NA,NA,NA,NA,NA,NA,NA,NA,23,NA,NA,0,NA,NA,5,NA,2,NA,NA,NA,NA,NA,NA,NA,NA,NA,NA,NA,2,NA,NA,NA,848,259,NA,NA,NA,NA,NA,NA,NA,0,NA,NA,NA,NA,NA,NA,NA,NA,NA,NA,NA,NA,0,23.1951871657754,NA,NA,NA,NA,NA,NA,NA,NA,NA,NA,NA,NA,1.537433155080214,NA,NA,0,NA,NA,0.3342245989304813,NA,0.1336898395721925,NA,NA,NA,NA,NA,NA,NA,NA,NA,NA,NA,0.1336898395721925,NA,NA,NA,56.68449197860963,17.31283422459893,NA,NA,NA,NA,NA,NA,NA,0,NA,NA,NA,NA,NA,NA,NA,NA,NA
32002,2005,32,Ourense,2,Amoeiro,2118,1568,550,5,9,1554,1563,74.0321057601511,NA,NA,NA,0,233,NA,NA,NA,NA,0,NA,NA,NA,NA,NA,NA,3,NA,NA,NA,NA,NA,NA,7,3,3,NA,NA,NA,NA,NA,NA,4,NA,NA,NA,NA,1,NA,NA,NA,814,486,NA,NA,NA,NA,NA,NA,NA,NA,NA,NA,NA,NA,NA,NA,NA,NA,NA,NA,NA,NA,0,14.90722968650032,NA,NA,NA,NA,0,NA,NA,NA,NA,NA,NA,0.19193857965451055,NA,NA,NA,NA,NA,NA,0.4478566858605247,0.19193857965451055,0.19193857965451055,NA,NA,NA,NA,NA,NA,0.2559181062060141,NA,NA,NA,NA,0.06397952655150352,NA,NA,NA,52.079334612923866,31.09404990403071,NA,NA,NA,NA,NA,NA,NA,NA,NA,NA,NA,NA,NA,NA,NA,NA,NA
32002,2009,32,Ourense,2,Amoeiro,2087,1640,447,5,13,1622,1635,78.5816962146622,NA,NA,NA,NA,186,NA,NA,NA,NA,NA,NA,NA,NA,NA,NA,NA,4,NA,NA,NA,NA,NA,NA,3,1,1,NA,1,NA,NA,NA,NA,0,NA,NA,NA,NA,0,NA,NA,NA,698,695,NA,4,NA,NA,NA,NA,NA,NA,NA,22,NA,0,NA,NA,7,NA,NA,NA,NA,NA,NA,11.376146788990827,NA,NA,NA,NA,NA,NA,NA,NA,NA,NA,NA,0.24464831804281345,NA,NA,NA,NA,NA,NA,0.1834862385321101,0.06116207951070336,0.06116207951070336,NA,0.06116207951070336,NA,NA,NA,NA,0,NA,NA,NA,NA,0,NA,NA,NA,42.691131498470945,42.50764525993883,NA,0.24464831804281345,NA,NA,NA,NA,NA,NA,NA,1.345565749235474,NA,0,NA,NA,0.42813455657492355,NA,NA
32002,2012,32,Ourense,2,Amoeiro,2009,1483,526,24,27,1432,1459,73.81781981085118,0,95,NA,NA,73,NA,3,NA,1,NA,NA,NA,NA,9,0,NA,18,NA,13,NA,NA,NA,NA,NA,1,NA,NA,NA,0,NA,NA,NA,NA,NA,4,NA,0,0,1,NA,NA,623,565,0,1,0,NA,NA,0,20,0,NA,NA,0,NA,NA,0,5,NA,NA,0,6.511309115832763,NA,NA,5.003427004797807,NA,0.205620287868403,NA,0.06854009595613435,NA,NA,NA,NA,0.616860863605209,0,NA,1.233721727210418,NA,0.8910212474297465,NA,NA,NA,NA,NA,0.06854009595613435,NA,NA,NA,0,NA,NA,NA,NA,NA,0.2741603838245374,NA,0,0,0.06854009595613435,NA,NA,42.70047978067169,38.7251542152159,0,0.06854009595613435,0,NA,NA,0,1.3708019191226868,0,NA,NA,0,NA,NA,0,0.3427004797806717,NA,NA
32002,2016,32,Ourense,2,Amoeiro,2003,1389,614,10,17,1362,1379,69.34598102845732,0,NA,0,NA,NA,52,0,0,NA,NA,NA,NA,39,2,NA,NA,63,NA,0,NA,NA,135,NA,NA,NA,NA,0,NA,NA,NA,NA,NA,NA,0,8,3,0,NA,NA,NA,NA,664,386,NA,NA,NA,3,NA,NA,NA,NA,NA,NA,NA,NA,0,NA,NA,7,NA,0,NA,0,NA,NA,3.770848440899202,0,0,NA,NA,NA,NA,2.8281363306744014,0.145032632342277,NA,NA,4.568527918781726,NA,0,NA,NA,9.789702683103698,NA,NA,NA,NA,0,NA,NA,NA,NA,NA,NA,0,0.580130529369108,0.21754894851341552,0,NA,NA,NA,NA,48.150833937635966,27.991298042059466,NA,NA,NA,0.21754894851341552,NA,NA,NA,NA,NA,NA,NA,NA,0,NA,NA,0.5076142131979695,NA
32002,2020,32,Ourense,2,Amoeiro,2011,1278,733,9,9,1260,1269,63.55047240179016,NA,NA,NA,NA,206,NA,NA,NA,NA,NA,2008,1,16,NA,NA,NA,NA,NA,2,NA,NA,11,NA,NA,NA,NA,NA,NA,NA,NA,NA,NA,NA,NA,0,NA,0,NA,NA,NA,29,628,334,NA,1,NA,NA,7,NA,NA,NA,NA,NA,NA,NA,NA,NA,NA,NA,25,NA,NA,NA,NA,16.233254531126875,NA,NA,NA,NA,NA,158.23483057525613,0.07880220646178093,1.260835303388495,NA,NA,NA,NA,NA,0.15760441292356187,NA,NA,0.8668242710795903,NA,NA,NA,NA,NA,NA,NA,NA,NA,NA,NA,NA,0,NA,0,NA,NA,NA,2.2852639873916467,49.48778565799842,26.31993695823483,NA,0.07880220646178093,NA,NA,0.5516154452324665,NA,NA,NA,NA,NA,NA,NA,NA,NA,NA,NA,1.9700551615445234
32002,2024,32,Ourense,2,Amoeiro,2095,1457,638,2,7,1448,1455,69.54653937947494,NA,NA,NA,NA,314,NA,NA,NA,NA,NA,2095,NA,NA,NA,NA,NA,150,NA,2,3,NA,NA,NA,NA,NA,NA,NA,NA,NA,NA,NA,NA,NA,NA,2,NA,NA,NA,NA,2,NA,684,260,NA,0,NA,NA,NA,NA,NA,NA,3,NA,NA,NA,NA,NA,NA,NA,28,NA,NA,NA,NA,21.580756013745706,NA,NA,NA,NA,NA,143.98625429553263,NA,NA,NA,NA,NA,10.309278350515463,NA,0.13745704467353953,0.2061855670103093,NA,NA,NA,NA,NA,NA,NA,NA,NA,NA,NA,NA,NA,NA,0.13745704467353953,NA,NA,NA,NA,0.13745704467353953,NA,47.01030927835051,17.869415807560138,NA,0,NA,NA,NA,NA,NA,NA,0.2061855670103093,NA,NA,NA,NA,NA,NA,NA,1.9243986254295533
32003,2001,32,Ourense,3,Arnoia (A),1089,838,251,5,4,829,833,76.95133149678604,NA,NA,NA,1,198,NA,NA,NA,NA,NA,NA,NA,NA,NA,NA,NA,NA,0,NA,NA,0,NA,NA,6,NA,0,NA,NA,NA,NA,NA,NA,NA,NA,NA,NA,NA,2,NA,NA,NA,525,97,NA,NA,NA,NA,NA,NA,NA,0,NA,NA,NA,NA,NA,NA,NA,NA,NA,NA,NA,NA,0.12004801920768307,23.769507803121247,NA,NA,NA,NA,NA,NA,NA,NA,NA,NA,NA,NA,0,NA,NA,0,NA,NA,0.7202881152460985,NA,0,NA,NA,NA,NA,NA,NA,NA,NA,NA,NA,NA,0.24009603841536614,NA,NA,NA,63.02521008403361,11.644657863145259,NA,NA,NA,NA,NA,NA,NA,0,NA,NA,NA,NA,NA,NA,NA,NA,NA
32003,2005,32,Ourense,3,Arnoia (A),1075,843,232,4,4,835,839,78.4186046511628,NA,NA,NA,0,160,NA,NA,NA,NA,0,NA,NA,NA,NA,NA,NA,0,NA,NA,NA,NA,NA,NA,3,0,0,NA,NA,NA,NA,NA,NA,0,NA,NA,NA,NA,0,NA,NA,NA,497,175,NA,NA,NA,NA,NA,NA,NA,NA,NA,NA,NA,NA,NA,NA,NA,NA,NA,NA,NA,NA,0,19.07032181168057,NA,NA,NA,NA,0,NA,NA,NA,NA,NA,NA,0,NA,NA,NA,NA,NA,NA,0.3575685339690107,0,0,NA,NA,NA,NA,NA,NA,0,NA,NA,NA,NA,0,NA,NA,NA,59.23718712753278,20.858164481525627,NA,NA,NA,NA,NA,NA,NA,NA,NA,NA,NA,NA,NA,NA,NA,NA,NA
32003,2009,32,Ourense,3,Arnoia (A),981,826,155,10,3,813,816,84.19979612640162,NA,NA,NA,NA,98,NA,NA,NA,NA,NA,NA,NA,NA,NA,NA,NA,1,NA,NA,NA,NA,NA,NA,4,1,2,NA,0,NA,NA,NA,NA,1,NA,NA,NA,NA,0,NA,NA,NA,514,190,NA,0,NA,NA,NA,NA,NA,NA,NA,0,NA,0,NA,NA,2,NA,NA,NA,NA,NA,NA,12.009803921568627,NA,NA,NA,NA,NA,NA,NA,NA,NA,NA,NA,0.12254901960784313,NA,NA,NA,NA,NA,NA,0.49019607843137253,0.12254901960784313,0.24509803921568626,NA,0,NA,NA,NA,NA,0.12254901960784313,NA,NA,NA,NA,0,NA,NA,NA,62.99019607843137,23.284313725490197,NA,0,NA,NA,NA,NA,NA,NA,NA,0,NA,0,NA,NA,0.24509803921568626,NA,NA
32003,2012,32,Ourense,3,Arnoia (A),919,679,240,13,7,659,666,73.88465723612623,0,43,NA,NA,52,NA,1,NA,0,NA,NA,NA,NA,2,0,NA,4,NA,2,NA,NA,NA,NA,NA,0,NA,NA,NA,0,NA,NA,NA,NA,NA,3,NA,0,0,2,NA,NA,409,129,2,0,0,NA,NA,0,6,0,NA,NA,1,NA,NA,0,3,NA,NA,0,6.456456456456457,NA,NA,7.807807807807808,NA,0.15015015015015015,NA,0,NA,NA,NA,NA,0.3003003003003003,0,NA,0.6006006006006006,NA,0.3003003003003003,NA,NA,NA,NA,NA,0,NA,NA,NA,0,NA,NA,NA,NA,NA,0.45045045045045046,NA,0,0,0.3003003003003003,NA,NA,61.41141141141141,19.36936936936937,0.3003003003003003,0,0,NA,NA,0,0.9009009009009009,0,NA,NA,0.15015015015015015,NA,NA,0,0.45045045045045046,NA,NA
32003,2016,32,Lugo,3,A Arnoia,887,671,216,3,5,663,668,75.64825253664036,0,NA,0,NA,NA,27,0,0,NA,NA,NA,NA,9,0,NA,NA,4,NA,0,NA,NA,77,NA,NA,NA,NA,0,NA,NA,NA,NA,NA,NA,0,4,0,0,NA,NA,NA,NA,424,116,NA,NA,NA,1,NA,NA,NA,NA,NA,NA,NA,NA,0,NA,NA,1,NA,0,NA,0,NA,NA,4.04191616766467,0,0,NA,NA,NA,NA,1.347305389221557,0,NA,NA,0.5988023952095809,NA,0,NA,NA,11.526946107784433,NA,NA,NA,NA,0,NA,NA,NA,NA,NA,NA,0,0.5988023952095809,0,0,NA,NA,NA,NA,63.47305389221557,17.365269461077844,NA,NA,NA,0.14970059880239522,NA,NA,NA,NA,NA,NA,NA,NA,0,NA,NA,0.14970059880239522,NA
32003,2020,32,Ourense,3,A Arnoia,860,625,235,11,2,612,614,72.67441860465115,NA,NA,NA,NA,85,NA,NA,NA,NA,NA,860,0,4,NA,NA,NA,NA,NA,0,NA,NA,1,NA,NA,NA,NA,NA,NA,NA,NA,NA,NA,NA,NA,0,NA,0,NA,NA,NA,17,389,113,NA,0,NA,NA,0,NA,NA,NA,NA,NA,NA,NA,NA,NA,NA,NA,3,NA,NA,NA,NA,13.843648208469055,NA,NA,NA,NA,NA,140.06514657980455,0,0.6514657980456027,NA,NA,NA,NA,NA,0,NA,NA,0.16286644951140067,NA,NA,NA,NA,NA,NA,NA,NA,NA,NA,NA,NA,0,NA,0,NA,NA,NA,2.768729641693811,63.35504885993485,18.403908794788272,NA,0,NA,NA,0,NA,NA,NA,NA,NA,NA,NA,NA,NA,NA,NA,0.4885993485342019
32003,2024,32,Ourense,3,A Arnoia,864,644,220,5,2,637,639,74.53703703703704,NA,NA,NA,NA,136,NA,NA,NA,NA,NA,864,NA,NA,NA,NA,NA,13,NA,1,0,NA,NA,NA,NA,NA,NA,NA,NA,NA,NA,NA,NA,NA,NA,0,NA,NA,NA,NA,0,NA,396,88,NA,0,NA,NA,NA,NA,NA,NA,1,NA,NA,NA,NA,NA,NA,NA,2,NA,NA,NA,NA,21.283255086071986,NA,NA,NA,NA,NA,135.2112676056338,NA,NA,NA,NA,NA,2.0344287949921753,NA,0.1564945226917058,0,NA,NA,NA,NA,NA,NA,NA,NA,NA,NA,NA,NA,NA,NA,0,NA,NA,NA,NA,0,NA,61.97183098591549,13.77151799687011,NA,0,NA,NA,NA,NA,NA,NA,0.1564945226917058,NA,NA,NA,NA,NA,NA,NA,0.3129890453834116
32004,2001,32,Ourense,4,Avión,2250,1415,835,3,10,1402,1412,62.88888888888889,NA,NA,NA,0,68,NA,NA,NA,NA,NA,NA,NA,NA,NA,NA,NA,NA,1,NA,NA,1,NA,NA,0,NA,0,NA,NA,NA,NA,NA,NA,NA,NA,NA,NA,NA,1,NA,NA,NA,1239,92,NA,NA,NA,NA,NA,NA,NA,0,NA,NA,NA,NA,NA,NA,NA,NA,NA,NA,NA,NA,0,4.815864022662889,NA,NA,NA,NA,NA,NA,NA,NA,NA,NA,NA,NA,0.0708215297450425,NA,NA,0.0708215297450425,NA,NA,0,NA,0,NA,NA,NA,NA,NA,NA,NA,NA,NA,NA,NA,0.0708215297450425,NA,NA,NA,87.74787535410765,6.515580736543909,NA,NA,NA,NA,NA,NA,NA,0,NA,NA,NA,NA,NA,NA,NA,NA,NA
32004,2005,32,Ourense,4,Avión,2218,1356,862,1,13,1342,1355,61.136158701532914,NA,NA,NA,0,48,NA,NA,NA,NA,0,NA,NA,NA,NA,NA,NA,0,NA,NA,NA,NA,NA,NA,0,1,1,NA,NA,NA,NA,NA,NA,0,NA,NA,NA,NA,1,NA,NA,NA,1184,107,NA,NA,NA,NA,NA,NA,NA,NA,NA,NA,NA,NA,NA,NA,NA,NA,NA,NA,NA,NA,0,3.5424354243542435,NA,NA,NA,NA,0,NA,NA,NA,NA,NA,NA,0,NA,NA,NA,NA,NA,NA,0,0.07380073800738007,0.07380073800738007,NA,NA,NA,NA,NA,NA,0,NA,NA,NA,NA,0.07380073800738007,NA,NA,NA,87.38007380073802,7.8966789667896675,NA,NA,NA,NA,NA,NA,NA,NA,NA,NA,NA,NA,NA,NA,NA,NA,NA
32004,2009,32,Ourense,4,Avión,2165,1195,970,3,10,1182,1192,55.19630484988453,NA,NA,NA,NA,67,NA,NA,NA,NA,NA,NA,NA,NA,NA,NA,NA,2,NA,NA,NA,NA,NA,NA,0,1,1,NA,0,NA,NA,NA,NA,1,NA,NA,NA,NA,1,NA,NA,NA,987,120,NA,0,NA,NA,NA,NA,NA,NA,NA,0,NA,0,NA,NA,2,NA,NA,NA,NA,NA,NA,5.620805369127517,NA,NA,NA,NA,NA,NA,NA,NA,NA,NA,NA,0.16778523489932887,NA,NA,NA,NA,NA,NA,0,0.08389261744966443,0.08389261744966443,NA,0,NA,NA,NA,NA,0.08389261744966443,NA,NA,NA,NA,0.08389261744966443,NA,NA,NA,82.80201342281879,10.06711409395973,NA,0,NA,NA,NA,NA,NA,NA,NA,0,NA,0,NA,NA,0.16778523489932887,NA,NA
32004,2012,32,Ourense,4,Avión,2026,1037,989,1,14,1022,1036,51.18460019743336,0,10,NA,NA,26,NA,1,NA,0,NA,NA,NA,NA,5,0,NA,2,NA,0,NA,NA,NA,NA,NA,1,NA,NA,NA,0,NA,NA,NA,NA,NA,2,NA,0,0,3,NA,NA,907,56,0,1,0,NA,NA,0,7,0,NA,NA,0,NA,NA,0,1,NA,NA,0,0.9652509652509652,NA,NA,2.5096525096525095,NA,0.09652509652509653,NA,0,NA,NA,NA,NA,0.4826254826254826,0,NA,0.19305019305019305,NA,0,NA,NA,NA,NA,NA,0.09652509652509653,NA,NA,NA,0,NA,NA,NA,NA,NA,0.19305019305019305,NA,0,0,0.28957528957528955,NA,NA,87.54826254826254,5.405405405405405,0,0.09652509652509653,0,NA,NA,0,0.6756756756756757,0,NA,NA,0,NA,NA,0,0.09652509652509653,NA,NA
32004,2016,32,Ourense,4,Avión,1779,955,824,4,2,949,951,53.681843732433954,0,NA,0,NA,NA,8,0,0,NA,NA,NA,NA,17,2,NA,NA,9,NA,0,NA,NA,28,NA,NA,NA,NA,0,NA,NA,NA,NA,NA,NA,0,6,0,1,NA,NA,NA,NA,844,31,NA,NA,NA,2,NA,NA,NA,NA,NA,NA,NA,NA,0,NA,NA,1,NA,0,NA,0,NA,NA,0.8412197686645636,0,0,NA,NA,NA,NA,1.7875920084121977,0.2103049421661409,NA,NA,0.9463722397476341,NA,0,NA,NA,2.9442691903259726,NA,NA,NA,NA,0,NA,NA,NA,NA,NA,NA,0,0.6309148264984227,0,0.10515247108307045,NA,NA,NA,NA,88.74868559411146,3.2597266035751837,NA,NA,NA,0.2103049421661409,NA,NA,NA,NA,NA,NA,NA,NA,0,NA,NA,0.10515247108307045,NA
32004,2020,32,Ourense,4,Avión,1555,806,749,1,3,802,805,51.832797427652736,NA,NA,NA,NA,29,NA,NA,NA,NA,NA,1555,0,0,NA,NA,NA,NA,NA,0,NA,NA,1,NA,NA,NA,NA,NA,NA,NA,NA,NA,NA,NA,NA,0,NA,0,NA,NA,NA,8,691,44,NA,0,NA,NA,1,NA,NA,NA,NA,NA,NA,NA,NA,NA,NA,NA,28,NA,NA,NA,NA,3.602484472049689,NA,NA,NA,NA,NA,193.16770186335404,0,0,NA,NA,NA,NA,NA,0,NA,NA,0.12422360248447205,NA,NA,NA,NA,NA,NA,NA,NA,NA,NA,NA,NA,0,NA,0,NA,NA,NA,0.9937888198757764,85.83850931677019,5.46583850931677,NA,0,NA,NA,0.12422360248447205,NA,NA,NA,NA,NA,NA,NA,NA,NA,NA,NA,3.4782608695652173
32004,2024,32,Ourense,4,Avión,1532,785,747,2,3,780,783,51.2402088772846,NA,NA,NA,NA,50,NA,NA,NA,NA,NA,1532,NA,NA,NA,NA,NA,9,NA,0,0,NA,NA,NA,NA,NA,NA,NA,NA,NA,NA,NA,NA,NA,NA,1,NA,NA,NA,NA,0,NA,661,31,NA,0,NA,NA,NA,NA,NA,NA,1,NA,NA,NA,NA,NA,NA,NA,27,NA,NA,NA,NA,6.385696040868455,NA,NA,NA,NA,NA,195.65772669220945,NA,NA,NA,NA,NA,1.1494252873563218,NA,0,0,NA,NA,NA,NA,NA,NA,NA,NA,NA,NA,NA,NA,NA,NA,0.1277139208173691,NA,NA,NA,NA,0,NA,84.41890166028098,3.959131545338442,NA,0,NA,NA,NA,NA,NA,NA,0.1277139208173691,NA,NA,NA,NA,NA,NA,NA,3.4482758620689653
32005,2001,32,Ourense,5,Baltar,1154,873,281,0,4,869,873,75.64991334488734,NA,NA,NA,0,201,NA,NA,NA,NA,NA,NA,NA,NA,NA,NA,NA,NA,20,NA,NA,0,NA,NA,2,NA,1,NA,NA,NA,NA,NA,NA,NA,NA,NA,NA,NA,0,NA,NA,NA,567,78,NA,NA,NA,NA,NA,NA,NA,0,NA,NA,NA,NA,NA,NA,NA,NA,NA,NA,NA,NA,0,23.02405498281787,NA,NA,NA,NA,NA,NA,NA,NA,NA,NA,NA,NA,2.290950744558992,NA,NA,0,NA,NA,0.22909507445589922,NA,0.11454753722794961,NA,NA,NA,NA,NA,NA,NA,NA,NA,NA,NA,0,NA,NA,NA,64.94845360824742,8.934707903780069,NA,NA,NA,NA,NA,NA,NA,0,NA,NA,NA,NA,NA,NA,NA,NA,NA
32005,2005,32,Ourense,5,Baltar,1085,796,289,4,0,792,792,73.36405529953916,NA,NA,NA,0,87,NA,NA,NA,NA,0,NA,NA,NA,NA,NA,NA,0,NA,NA,NA,NA,NA,NA,1,2,0,NA,NA,NA,NA,NA,NA,2,NA,NA,NA,NA,0,NA,NA,NA,458,242,NA,NA,NA,NA,NA,NA,NA,NA,NA,NA,NA,NA,NA,NA,NA,NA,NA,NA,NA,NA,0,10.984848484848484,NA,NA,NA,NA,0,NA,NA,NA,NA,NA,NA,0,NA,NA,NA,NA,NA,NA,0.12626262626262627,0.25252525252525254,0,NA,NA,NA,NA,NA,NA,0.25252525252525254,NA,NA,NA,NA,0,NA,NA,NA,57.82828282828283,30.555555555555557,NA,NA,NA,NA,NA,NA,NA,NA,NA,NA,NA,NA,NA,NA,NA,NA,NA
32005,2009,32,Ourense,5,Baltar,1040,828,212,6,2,820,822,79.61538461538461,NA,NA,NA,NA,92,NA,NA,NA,NA,NA,NA,NA,NA,NA,NA,NA,0,NA,NA,NA,NA,NA,NA,2,0,0,NA,0,NA,NA,NA,NA,0,NA,NA,NA,NA,0,NA,NA,NA,566,155,NA,1,NA,NA,NA,NA,NA,NA,NA,2,NA,1,NA,NA,1,NA,NA,NA,NA,NA,NA,11.19221411192214,NA,NA,NA,NA,NA,NA,NA,NA,NA,NA,NA,0,NA,NA,NA,NA,NA,NA,0.24330900243309003,0,0,NA,0,NA,NA,NA,NA,0,NA,NA,NA,NA,0,NA,NA,NA,68.85644768856449,18.856447688564476,NA,0.12165450121654502,NA,NA,NA,NA,NA,NA,NA,0.24330900243309003,NA,0.12165450121654502,NA,NA,0.12165450121654502,NA,NA
32005,2012,32,Ourense,5,Baltar,964,711,253,5,10,696,706,73.7551867219917,0,23,NA,NA,46,NA,0,NA,1,NA,NA,NA,NA,11,0,NA,2,NA,1,NA,NA,NA,NA,NA,2,NA,NA,NA,0,NA,NA,NA,NA,NA,1,NA,0,0,1,NA,NA,474,124,0,1,1,NA,NA,0,6,0,NA,NA,0,NA,NA,0,2,NA,NA,0,3.2577903682719547,NA,NA,6.515580736543909,NA,0,NA,0.141643059490085,NA,NA,NA,NA,1.5580736543909348,0,NA,0.28328611898017,NA,0.141643059490085,NA,NA,NA,NA,NA,0.28328611898017,NA,NA,NA,0,NA,NA,NA,NA,NA,0.141643059490085,NA,0,0,0.141643059490085,NA,NA,67.13881019830028,17.56373937677054,0,0.141643059490085,0.141643059490085,NA,NA,0,0.84985835694051,0,NA,NA,0,NA,NA,0,0.28328611898017,NA,NA
32005,2016,32,Ourense,5,Baltar,860,661,200,5,4,652,656,76.86046511627907,0,NA,0,NA,NA,25,0,0,NA,NA,NA,NA,20,0,NA,NA,9,NA,0,NA,NA,32,NA,NA,NA,NA,0,NA,NA,NA,NA,NA,NA,0,2,0,0,NA,NA,NA,NA,483,80,NA,NA,NA,0,NA,NA,NA,NA,NA,NA,NA,NA,0,NA,NA,1,NA,0,NA,0,NA,NA,3.8109756097560976,0,0,NA,NA,NA,NA,3.048780487804878,0,NA,NA,1.3719512195121952,NA,0,NA,NA,4.878048780487805,NA,NA,NA,NA,0,NA,NA,NA,NA,NA,NA,0,0.3048780487804878,0,0,NA,NA,NA,NA,73.6280487804878,12.195121951219512,NA,NA,NA,0,NA,NA,NA,NA,NA,NA,NA,NA,0,NA,NA,0.1524390243902439,NA
32005,2020,32,Ourense,5,Baltar,802,608,194,6,6,596,602,75.81047381546135,NA,NA,NA,NA,46,NA,NA,NA,NA,NA,802,0,2,NA,NA,NA,NA,NA,0,NA,NA,0,NA,NA,NA,NA,NA,NA,NA,NA,NA,NA,NA,NA,3,NA,0,NA,NA,NA,2,445,86,NA,0,NA,NA,0,NA,NA,NA,NA,NA,NA,NA,NA,NA,NA,NA,12,NA,NA,NA,NA,7.641196013289036,NA,NA,NA,NA,NA,133.22259136212625,0,0.33222591362126247,NA,NA,NA,NA,NA,0,NA,NA,0,NA,NA,NA,NA,NA,NA,NA,NA,NA,NA,NA,NA,0.4983388704318937,NA,0,NA,NA,NA,0.33222591362126247,73.9202657807309,14.285714285714285,NA,0,NA,NA,0,NA,NA,NA,NA,NA,NA,NA,NA,NA,NA,NA,1.9933554817275747
32005,2024,32,Ourense,5,Baltar,743,559,184,4,2,553,555,75.23553162853297,NA,NA,NA,NA,86,NA,NA,NA,NA,NA,743,NA,NA,NA,NA,NA,23,NA,1,0,NA,NA,NA,NA,NA,NA,NA,NA,NA,NA,NA,NA,NA,NA,1,NA,NA,NA,NA,0,NA,391,47,NA,0,NA,NA,NA,NA,NA,NA,0,NA,NA,NA,NA,NA,NA,NA,4,NA,NA,NA,NA,15.495495495495495,NA,NA,NA,NA,NA,133.8738738738739,NA,NA,NA,NA,NA,4.1441441441441444,NA,0.18018018018018017,0,NA,NA,NA,NA,NA,NA,NA,NA,NA,NA,NA,NA,NA,NA,0.18018018018018017,NA,NA,NA,NA,0,NA,70.45045045045045,8.468468468468467,NA,0,NA,NA,NA,NA,NA,NA,0,NA,NA,NA,NA,NA,NA,NA,0.7207207207207207
32006,2001,32,Ourense,6,Bande,2245,1522,723,13,7,1502,1509,67.79510022271715,NA,NA,NA,5,317,NA,NA,NA,NA,NA,NA,NA,NA,NA,NA,NA,NA,4,NA,NA,0,NA,NA,4,NA,2,NA,NA,NA,NA,NA,NA,NA,NA,NA,NA,NA,4,NA,NA,NA,949,217,NA,NA,NA,NA,NA,NA,NA,0,NA,NA,NA,NA,NA,NA,NA,NA,NA,NA,NA,NA,0.33134526176275675,21.00728959575878,NA,NA,NA,NA,NA,NA,NA,NA,NA,NA,NA,NA,0.26507620941020543,NA,NA,0,NA,NA,0.26507620941020543,NA,0.13253810470510272,NA,NA,NA,NA,NA,NA,NA,NA,NA,NA,NA,0.26507620941020543,NA,NA,NA,62.88933068257124,14.380384360503646,NA,NA,NA,NA,NA,NA,NA,0,NA,NA,NA,NA,NA,NA,NA,NA,NA
32006,2005,32,Ourense,6,Bande,2072,1465,607,6,7,1452,1459,70.70463320463321,NA,NA,NA,0,249,NA,NA,NA,NA,3,NA,NA,NA,NA,NA,NA,2,NA,NA,NA,NA,NA,NA,1,1,1,NA,NA,NA,NA,NA,NA,1,NA,NA,NA,NA,3,NA,NA,NA,785,406,NA,NA,NA,NA,NA,NA,NA,NA,NA,NA,NA,NA,NA,NA,NA,NA,NA,NA,NA,NA,0,17.06648389307745,NA,NA,NA,NA,0.205620287868403,NA,NA,NA,NA,NA,NA,0.1370801919122687,NA,NA,NA,NA,NA,NA,0.06854009595613435,0.06854009595613435,0.06854009595613435,NA,NA,NA,NA,NA,NA,0.06854009595613435,NA,NA,NA,NA,0.205620287868403,NA,NA,NA,53.80397532556545,27.827278958190544,NA,NA,NA,NA,NA,NA,NA,NA,NA,NA,NA,NA,NA,NA,NA,NA,NA
32006,2009,32,Ourense,6,Bande,1922,1486,436,20,9,1457,1466,77.31529656607701,NA,NA,NA,NA,266,NA,NA,NA,NA,NA,NA,NA,NA,NA,NA,NA,0,NA,NA,NA,NA,NA,NA,0,1,2,NA,0,NA,NA,NA,NA,0,NA,NA,NA,NA,0,NA,NA,NA,909,277,NA,0,NA,NA,NA,NA,NA,NA,NA,0,NA,0,NA,NA,2,NA,NA,NA,NA,NA,NA,18.144611186903138,NA,NA,NA,NA,NA,NA,NA,NA,NA,NA,NA,0,NA,NA,NA,NA,NA,NA,0,0.06821282401091405,0.1364256480218281,NA,0,NA,NA,NA,NA,0,NA,NA,NA,NA,0,NA,NA,NA,62.005457025920876,18.89495225102319,NA,0,NA,NA,NA,NA,NA,NA,NA,0,NA,0,NA,NA,0.1364256480218281,NA,NA
32006,2012,32,Ourense,6,Bande,1769,1240,529,25,37,1178,1215,70.09609949123798,0,56,NA,NA,98,NA,1,NA,3,NA,NA,NA,NA,22,0,NA,7,NA,8,NA,NA,NA,NA,NA,0,NA,NA,NA,0,NA,NA,NA,NA,NA,3,NA,0,0,1,NA,NA,759,192,0,2,0,NA,NA,0,24,0,NA,NA,1,NA,NA,0,1,NA,NA,0,4.609053497942387,NA,NA,8.065843621399177,NA,0.0823045267489712,NA,0.24691358024691357,NA,NA,NA,NA,1.8106995884773662,0,NA,0.5761316872427984,NA,0.6584362139917695,NA,NA,NA,NA,NA,0,NA,NA,NA,0,NA,NA,NA,NA,NA,0.24691358024691357,NA,0,0,0.0823045267489712,NA,NA,62.46913580246913,15.802469135802468,0,0.1646090534979424,0,NA,NA,0,1.9753086419753085,0,NA,NA,0.0823045267489712,NA,NA,0,0.0823045267489712,NA,NA
32006,2016,32,Ourense,6,Bande,1518,1057,461,13,7,1037,1044,69.63109354413703,0,NA,0,NA,NA,38,0,0,NA,NA,NA,NA,17,1,NA,NA,14,NA,0,NA,NA,83,NA,NA,NA,NA,0,NA,NA,NA,NA,NA,NA,0,1,0,0,NA,NA,NA,NA,745,138,NA,NA,NA,0,NA,NA,NA,NA,NA,NA,NA,NA,0,NA,NA,0,NA,0,NA,0,NA,NA,3.6398467432950192,0,0,NA,NA,NA,NA,1.628352490421456,0.09578544061302681,NA,NA,1.3409961685823755,NA,0,NA,NA,7.950191570881227,NA,NA,NA,NA,0,NA,NA,NA,NA,NA,NA,0,0.09578544061302681,0,0,NA,NA,NA,NA,71.36015325670499,13.218390804597702,NA,NA,NA,0,NA,NA,NA,NA,NA,NA,NA,NA,0,NA,NA,0,NA
32006,2020,32,Ourense,6,Bande,1384,967,417,3,8,956,964,69.86994219653178,NA,NA,NA,NA,94,NA,NA,NA,NA,NA,1384,0,2,NA,NA,NA,NA,NA,0,NA,NA,0,NA,NA,NA,NA,NA,NA,NA,NA,NA,NA,NA,NA,1,NA,1,NA,NA,NA,14,661,156,NA,1,NA,NA,0,NA,NA,NA,NA,NA,NA,NA,NA,NA,NA,NA,26,NA,NA,NA,NA,9.751037344398341,NA,NA,NA,NA,NA,143.56846473029046,0,0.2074688796680498,NA,NA,NA,NA,NA,0,NA,NA,0,NA,NA,NA,NA,NA,NA,NA,NA,NA,NA,NA,NA,0.1037344398340249,NA,0.1037344398340249,NA,NA,NA,1.4522821576763485,68.56846473029046,16.182572614107883,NA,0.1037344398340249,NA,NA,0,NA,NA,NA,NA,NA,NA,NA,NA,NA,NA,NA,2.6970954356846475
32006,2024,32,Ourense,6,Bande,1339,994,345,6,7,981,988,74.23450336071696,NA,NA,NA,NA,152,NA,NA,NA,NA,NA,1339,NA,NA,NA,NA,NA,16,NA,0,2,NA,NA,NA,NA,NA,NA,NA,NA,NA,NA,NA,NA,NA,NA,0,NA,NA,NA,NA,2,NA,680,112,NA,1,NA,NA,NA,NA,NA,NA,2,NA,NA,NA,NA,NA,NA,NA,14,NA,NA,NA,NA,15.384615384615385,NA,NA,NA,NA,NA,135.5263157894737,NA,NA,NA,NA,NA,1.6194331983805668,NA,0,0.20242914979757085,NA,NA,NA,NA,NA,NA,NA,NA,NA,NA,NA,NA,NA,NA,0,NA,NA,NA,NA,0.20242914979757085,NA,68.82591093117408,11.336032388663968,NA,0.10121457489878542,NA,NA,NA,NA,NA,NA,0.20242914979757085,NA,NA,NA,NA,NA,NA,NA,1.417004048582996
32007,2001,32,Ourense,7,Baños de Molgas,1985,1382,603,12,7,1363,1370,69.62216624685138,NA,NA,NA,1,270,NA,NA,NA,NA,NA,NA,NA,NA,NA,NA,NA,NA,0,NA,NA,1,NA,NA,2,NA,1,NA,NA,NA,NA,NA,NA,NA,NA,NA,NA,NA,1,NA,NA,NA,875,212,NA,NA,NA,NA,NA,NA,NA,0,NA,NA,NA,NA,NA,NA,NA,NA,NA,NA,NA,NA,0.072992700729927,19.708029197080293,NA,NA,NA,NA,NA,NA,NA,NA,NA,NA,NA,NA,0,NA,NA,0.072992700729927,NA,NA,0.145985401459854,NA,0.072992700729927,NA,NA,NA,NA,NA,NA,NA,NA,NA,NA,NA,0.072992700729927,NA,NA,NA,63.868613138686136,15.474452554744525,NA,NA,NA,NA,NA,NA,NA,0,NA,NA,NA,NA,NA,NA,NA,NA,NA
32007,2005,32,Ourense,7,Baños de Molgas,1868,1411,457,1,10,1400,1410,75.53533190578159,NA,NA,NA,0,267,NA,NA,NA,NA,2,NA,NA,NA,NA,NA,NA,0,NA,NA,NA,NA,NA,NA,0,0,0,NA,NA,NA,NA,NA,NA,0,NA,NA,NA,NA,0,NA,NA,NA,834,297,NA,NA,NA,NA,NA,NA,NA,NA,NA,NA,NA,NA,NA,NA,NA,NA,NA,NA,NA,NA,0,18.93617021276596,NA,NA,NA,NA,0.14184397163120568,NA,NA,NA,NA,NA,NA,0,NA,NA,NA,NA,NA,NA,0,0,0,NA,NA,NA,NA,NA,NA,0,NA,NA,NA,NA,0,NA,NA,NA,59.148936170212764,21.06382978723404,NA,NA,NA,NA,NA,NA,NA,NA,NA,NA,NA,NA,NA,NA,NA,NA,NA
32007,2009,32,Ourense,7,Baños de Molgas,1721,1403,318,12,9,1382,1391,81.52237071470076,NA,NA,NA,NA,383,NA,NA,NA,NA,NA,NA,NA,NA,NA,NA,NA,0,NA,NA,NA,NA,NA,NA,2,0,2,NA,2,NA,NA,NA,NA,0,NA,NA,NA,NA,2,NA,NA,NA,758,229,NA,0,NA,NA,NA,NA,NA,NA,NA,0,NA,0,NA,NA,4,NA,NA,NA,NA,NA,NA,27.534148094895762,NA,NA,NA,NA,NA,NA,NA,NA,NA,NA,NA,0,NA,NA,NA,NA,NA,NA,0.14378145219266716,0,0.14378145219266716,NA,0.14378145219266716,NA,NA,NA,NA,0,NA,NA,NA,NA,0.14378145219266716,NA,NA,NA,54.49317038102085,16.462976276060388,NA,0,NA,NA,NA,NA,NA,NA,NA,0,NA,0,NA,NA,0.28756290438533433,NA,NA
32007,2012,32,Ourense,7,Baños de Molgas,1633,1110,523,28,20,1062,1082,67.9730557256583,0,63,NA,NA,233,NA,0,NA,0,NA,NA,NA,NA,11,0,NA,4,NA,5,NA,NA,NA,NA,NA,0,NA,NA,NA,0,NA,NA,NA,NA,NA,2,NA,0,0,1,NA,NA,604,132,1,1,0,NA,NA,0,4,0,NA,NA,1,NA,NA,0,0,NA,NA,0,5.822550831792976,NA,NA,21.534195933456562,NA,0,NA,0,NA,NA,NA,NA,1.0166358595194085,0,NA,0.36968576709796674,NA,0.46210720887245843,NA,NA,NA,NA,NA,0,NA,NA,NA,0,NA,NA,NA,NA,NA,0.18484288354898337,NA,0,0,0.09242144177449169,NA,NA,55.822550831792974,12.199630314232902,0.09242144177449169,0.09242144177449169,0,NA,NA,0,0.36968576709796674,0,NA,NA,0.09242144177449169,NA,NA,0,0,NA,NA
32007,2016,32,Ourense,7,Baños de Molgas,1504,1014,490,9,5,1000,1005,67.42021276595744,0,NA,0,NA,NA,255,0,0,NA,NA,NA,NA,24,2,NA,NA,12,NA,0,NA,NA,68,NA,NA,NA,NA,0,NA,NA,NA,NA,NA,NA,0,2,1,1,NA,NA,NA,NA,522,113,NA,NA,NA,0,NA,NA,NA,NA,NA,NA,NA,NA,0,NA,NA,0,NA,0,NA,0,NA,NA,25.37313432835821,0,0,NA,NA,NA,NA,2.3880597014925375,0.1990049751243781,NA,NA,1.1940298507462688,NA,0,NA,NA,6.766169154228856,NA,NA,NA,NA,0,NA,NA,NA,NA,NA,NA,0,0.1990049751243781,0.09950248756218905,0.09950248756218905,NA,NA,NA,NA,51.94029850746269,11.243781094527364,NA,NA,NA,0,NA,NA,NA,NA,NA,NA,NA,NA,0,NA,NA,0,NA
32007,2020,32,Ourense,7,Baños de Molgas,1395,802,593,8,7,787,794,57.491039426523294,NA,NA,NA,NA,242,NA,NA,NA,NA,NA,1395,1,2,NA,NA,NA,NA,NA,0,NA,NA,0,NA,NA,NA,NA,NA,NA,NA,NA,NA,NA,NA,NA,0,NA,0,NA,NA,NA,15,399,115,NA,2,NA,NA,0,NA,NA,NA,NA,NA,NA,NA,NA,NA,NA,NA,11,NA,NA,NA,NA,30.478589420654913,NA,NA,NA,NA,NA,175.6926952141058,0.12594458438287154,0.2518891687657431,NA,NA,NA,NA,NA,0,NA,NA,0,NA,NA,NA,NA,NA,NA,NA,NA,NA,NA,NA,NA,0,NA,0,NA,NA,NA,1.8891687657430731,50.25188916876574,14.483627204030228,NA,0.2518891687657431,NA,NA,0,NA,NA,NA,NA,NA,NA,NA,NA,NA,NA,NA,1.385390428211587
32007,2024,32,Ourense,7,Baños de Molgas,1376,934,442,2,3,929,932,67.87790697674419,NA,NA,NA,NA,239,NA,NA,NA,NA,NA,1376,NA,NA,NA,NA,NA,45,NA,0,0,NA,NA,NA,NA,NA,NA,NA,NA,NA,NA,NA,NA,NA,NA,3,NA,NA,NA,NA,0,NA,555,76,NA,1,NA,NA,NA,NA,NA,NA,9,NA,NA,NA,NA,NA,NA,NA,1,NA,NA,NA,NA,25.643776824034337,NA,NA,NA,NA,NA,147.6394849785408,NA,NA,NA,NA,NA,4.828326180257511,NA,0,0,NA,NA,NA,NA,NA,NA,NA,NA,NA,NA,NA,NA,NA,NA,0.3218884120171674,NA,NA,NA,NA,0,NA,59.54935622317596,8.15450643776824,NA,0.1072961373390558,NA,NA,NA,NA,NA,NA,0.9656652360515022,NA,NA,NA,NA,NA,NA,NA,0.1072961373390558
32008,2001,32,Ourense,8,Barbadás,5338,3589,1749,25,59,3505,3564,67.2349194454852,NA,NA,NA,7,922,NA,NA,NA,NA,NA,NA,NA,NA,NA,NA,NA,NA,16,NA,NA,4,NA,NA,13,NA,10,NA,NA,NA,NA,NA,NA,NA,NA,NA,NA,NA,8,NA,NA,NA,1818,707,NA,NA,NA,NA,NA,NA,NA,0,NA,NA,NA,NA,NA,NA,NA,NA,NA,NA,NA,NA,0.1964085297418631,25.869809203142534,NA,NA,NA,NA,NA,NA,NA,NA,NA,NA,NA,NA,0.44893378226711567,NA,NA,0.11223344556677892,NA,NA,0.36475869809203143,NA,0.28058361391694725,NA,NA,NA,NA,NA,NA,NA,NA,NA,NA,NA,0.22446689113355783,NA,NA,NA,51.010101010101,19.837261503928172,NA,NA,NA,NA,NA,NA,NA,0,NA,NA,NA,NA,NA,NA,NA,NA,NA
32008,2005,32,Ourense,8,Barbadás,6243,4379,1864,21,38,4320,4358,70.14255966682684,NA,NA,NA,4,1015,NA,NA,NA,NA,6,NA,NA,NA,NA,NA,NA,18,NA,NA,NA,NA,NA,NA,20,2,5,NA,NA,NA,NA,NA,NA,7,NA,NA,NA,NA,3,NA,NA,NA,1977,1263,NA,NA,NA,NA,NA,NA,NA,NA,NA,NA,NA,NA,NA,NA,NA,NA,NA,NA,NA,NA,0.09178522257916476,23.290500229463056,NA,NA,NA,NA,0.13767783386874713,NA,NA,NA,NA,NA,NA,0.4130335016062414,NA,NA,NA,NA,NA,NA,0.4589261128958238,0.04589261128958238,0.11473152822395595,NA,NA,NA,NA,NA,NA,0.16062413951353832,NA,NA,NA,NA,0.06883891693437356,NA,NA,NA,45.36484625975218,28.98118402937127,NA,NA,NA,NA,NA,NA,NA,NA,NA,NA,NA,NA,NA,NA,NA,NA,NA
32008,2009,32,Ourense,8,Barbadás,7041,5244,1797,45,61,5138,5199,74.47805709416276,NA,NA,NA,NA,1076,NA,NA,NA,NA,NA,NA,NA,NA,NA,NA,NA,38,NA,NA,NA,NA,NA,NA,27,2,9,NA,2,NA,NA,NA,NA,2,NA,NA,NA,NA,2,NA,NA,NA,2450,1438,NA,16,NA,NA,NA,NA,NA,NA,NA,8,NA,9,NA,NA,59,NA,NA,NA,NA,NA,NA,20.696287747643776,NA,NA,NA,NA,NA,NA,NA,NA,NA,NA,NA,0.7309097903442969,NA,NA,NA,NA,NA,NA,0.51933064050779,0.03846893633391037,0.17311021350259664,NA,0.03846893633391037,NA,NA,NA,NA,0.03846893633391037,NA,NA,NA,NA,0.03846893633391037,NA,NA,NA,47.124447009040196,27.659165224081555,NA,0.30775149067128293,NA,NA,NA,NA,NA,NA,NA,0.15387574533564147,NA,0.17311021350259664,NA,NA,1.1348336218503559,NA,NA
32008,2012,32,Ourense,8,Barbadás,7746,4913,2833,162,143,4608,4751,63.426284533953,0,475,NA,NA,545,NA,3,NA,9,NA,NA,NA,NA,85,0,NA,246,NA,109,NA,NA,NA,NA,NA,8,NA,NA,NA,0,NA,NA,NA,NA,NA,17,NA,0,0,19,NA,NA,1965,933,9,17,0,NA,NA,0,120,0,NA,NA,2,NA,NA,0,46,NA,NA,0,9.997895179962113,NA,NA,11.471269206482845,NA,0.06314460113660282,NA,0.18943380340980845,NA,NA,NA,NA,1.7890970322037465,0,NA,5.1778572932014315,NA,2.294253841296569,NA,NA,NA,NA,NA,0.16838560303094086,NA,NA,NA,0,NA,NA,NA,NA,NA,0.3578194064407493,NA,0,0,0.3999158071984845,NA,NA,41.359713744474845,19.637970953483478,0.18943380340980845,0.3578194064407493,0,NA,NA,0,2.5257840454641127,0,NA,NA,0.042096400757735214,NA,NA,0,0.9682172174279099,NA,NA
32008,2016,32,Ourense,8,Barbadás,8298,5224,3074,50,38,5136,5174,62.95492889852977,0,NA,0,NA,NA,388,0,0,NA,NA,NA,NA,201,28,NA,NA,406,NA,0,NA,NA,882,NA,NA,NA,NA,7,NA,NA,NA,NA,NA,NA,0,61,4,4,NA,NA,NA,NA,2273,852,NA,NA,NA,6,NA,NA,NA,NA,NA,NA,NA,NA,0,NA,NA,24,NA,0,NA,0,NA,NA,7.499033629686896,0,0,NA,NA,NA,NA,3.884808658678005,0.5411673753382297,NA,NA,7.8469269424043295,NA,0,NA,NA,17.046772323154233,NA,NA,NA,NA,0.13529184383455742,NA,NA,NA,NA,NA,NA,0,1.1789717819868575,0.07730962504831851,0.07730962504831851,NA,NA,NA,NA,43.931194433707,16.466950135291842,NA,NA,NA,0.11596443757247778,NA,NA,NA,NA,NA,NA,NA,NA,0,NA,NA,0.4638577502899111,NA
32008,2020,32,Ourense,8,Barbadás,8690,4810,3880,50,40,4720,4760,55.35097813578827,NA,NA,NA,NA,1142,NA,NA,NA,NA,NA,8690,4,53,NA,NA,NA,NA,NA,5,NA,NA,10,NA,NA,NA,NA,NA,NA,NA,NA,NA,NA,NA,NA,20,NA,11,NA,NA,NA,128,2234,960,NA,6,NA,NA,11,NA,NA,NA,NA,NA,NA,NA,NA,NA,NA,NA,136,NA,NA,NA,NA,23.991596638655462,NA,NA,NA,NA,NA,182.56302521008402,0.08403361344537816,1.1134453781512605,NA,NA,NA,NA,NA,0.10504201680672269,NA,NA,0.21008403361344538,NA,NA,NA,NA,NA,NA,NA,NA,NA,NA,NA,NA,0.42016806722689076,NA,0.23109243697478993,NA,NA,NA,2.689075630252101,46.9327731092437,20.168067226890756,NA,0.12605042016806722,NA,NA,0.23109243697478993,NA,NA,NA,NA,NA,NA,NA,NA,NA,NA,NA,2.857142857142857
32008,2024,32,Ourense,8,Barbadás,8774,5832,2942,43,41,5748,5789,66.46911328926373,NA,NA,NA,NA,1641,NA,NA,NA,NA,NA,8774,NA,NA,NA,NA,NA,768,NA,6,5,NA,NA,NA,NA,NA,NA,NA,NA,NA,NA,NA,NA,NA,NA,20,NA,NA,NA,NA,12,NA,2509,637,NA,5,NA,NA,NA,NA,NA,NA,48,NA,NA,NA,NA,NA,NA,NA,97,NA,NA,NA,NA,28.34686474347901,NA,NA,NA,NA,NA,151.56330972534116,NA,NA,NA,NA,NA,13.266539989635515,NA,0.10364484366902746,0.08637070305752288,NA,NA,NA,NA,NA,NA,NA,NA,NA,NA,NA,NA,NA,NA,0.34548281223009153,NA,NA,NA,NA,0.20728968733805492,NA,43.34081879426498,11.003627569528417,NA,0.08637070305752288,NA,NA,NA,NA,NA,NA,0.8291587493522197,NA,NA,NA,NA,NA,NA,NA,1.6755916393159442
32009,2001,32,Ourense,9,Barco de Valdeorras (O),9944,5629,4315,31,60,5538,5598,56.606999195494765,NA,NA,NA,13,1054,NA,NA,NA,NA,NA,NA,NA,NA,NA,NA,NA,NA,12,NA,NA,12,NA,NA,43,NA,9,NA,NA,NA,NA,NA,NA,NA,NA,NA,NA,NA,5,NA,NA,NA,2777,1613,NA,NA,NA,NA,NA,NA,NA,0,NA,NA,NA,NA,NA,NA,NA,NA,NA,NA,NA,NA,0.23222579492675954,18.8281529117542,NA,NA,NA,NA,NA,NA,NA,NA,NA,NA,NA,NA,0.21436227224008575,NA,NA,0.21436227224008575,NA,NA,0.7681314755269739,NA,0.1607717041800643,NA,NA,NA,NA,NA,NA,NA,NA,NA,NA,NA,0.08931761343336907,NA,NA,NA,49.607002500893174,28.813862093604858,NA,NA,NA,NA,NA,NA,NA,0,NA,NA,NA,NA,NA,NA,NA,NA,NA
32009,2005,32,Ourense,9,Barco de Valdeorras (O),10374,6594,3780,25,69,6500,6569,63.56275303643725,NA,NA,NA,6,767,NA,NA,NA,NA,4,NA,NA,NA,NA,NA,NA,4,NA,NA,NA,NA,NA,NA,31,2,4,NA,NA,NA,NA,NA,NA,3,NA,NA,NA,NA,6,NA,NA,NA,2967,2706,NA,NA,NA,NA,NA,NA,NA,NA,NA,NA,NA,NA,NA,NA,NA,NA,NA,NA,NA,NA,0.09133810321205663,11.676054193941239,NA,NA,NA,NA,0.06089206880803775,NA,NA,NA,NA,NA,NA,0.06089206880803775,NA,NA,NA,NA,NA,NA,0.4719135332622926,0.030446034404018874,0.06089206880803775,NA,NA,NA,NA,NA,NA,0.04566905160602831,NA,NA,NA,NA,0.09133810321205663,NA,NA,NA,45.16669203836201,41.193484548637535,NA,NA,NA,NA,NA,NA,NA,NA,NA,NA,NA,NA,NA,NA,NA,NA,NA
32009,2009,32,Ourense,9,Barco de Valdeorras (O),10659,7519,3140,61,84,7374,7458,70.54132657847828,NA,NA,NA,NA,728,NA,NA,NA,NA,NA,NA,NA,NA,NA,NA,NA,6,NA,NA,NA,NA,NA,NA,55,4,6,NA,0,NA,NA,NA,NA,4,NA,NA,NA,NA,4,NA,NA,NA,3601,2847,NA,13,NA,NA,NA,NA,NA,NA,NA,4,NA,15,NA,NA,87,NA,NA,NA,NA,NA,NA,9.761330115312417,NA,NA,NA,NA,NA,NA,NA,NA,NA,NA,NA,0.08045052292839903,NA,NA,NA,NA,NA,NA,0.7374631268436578,0.053633681952266025,0.08045052292839903,NA,0,NA,NA,NA,NA,0.053633681952266025,NA,NA,NA,NA,0.053633681952266025,NA,NA,NA,48.28372217752749,38.17377312952534,NA,0.17430946634486458,NA,NA,NA,NA,NA,NA,NA,0.053633681952266025,NA,0.2011263073209976,NA,NA,1.166532582461786,NA,NA
32009,2012,32,Ourense,9,Barco de Valdeorras (O),10780,6368,4412,112,136,6120,6256,59.07235621521336,0,427,NA,NA,379,NA,4,NA,2,NA,NA,NA,NA,42,0,NA,11,NA,70,NA,NA,NA,NA,NA,6,NA,NA,NA,0,NA,NA,NA,NA,NA,18,NA,0,0,12,NA,NA,3122,1874,12,6,1,NA,NA,0,58,0,NA,NA,3,NA,NA,0,73,NA,NA,0,6.825447570332481,NA,NA,6.0581841432225065,NA,0.0639386189258312,NA,0.0319693094629156,NA,NA,NA,NA,0.6713554987212277,0,NA,0.1758312020460358,NA,1.118925831202046,NA,NA,NA,NA,NA,0.0959079283887468,NA,NA,NA,0,NA,NA,NA,NA,NA,0.2877237851662404,NA,0,0,0.1918158567774936,NA,NA,49.90409207161125,29.955242966751918,0.1918158567774936,0.0959079283887468,0.0159846547314578,NA,NA,0,0.9271099744245525,0,NA,NA,0.0479539641943734,NA,NA,0,1.1668797953964194,NA,NA
32009,2016,32,Ourense,9,O Barco de Valdeorras,10800,6399,4401,37,54,6308,6362,59.25,0,NA,0,NA,NA,241,0,0,NA,NA,NA,NA,189,6,NA,NA,59,NA,0,NA,NA,835,NA,NA,NA,NA,3,NA,NA,NA,NA,NA,NA,0,47,8,6,NA,NA,NA,NA,3367,1535,NA,NA,NA,9,NA,NA,NA,NA,NA,NA,NA,NA,0,NA,NA,3,NA,0,NA,0,NA,NA,3.7881169443571205,0,0,NA,NA,NA,NA,2.9707639107198993,0.09430996541967936,NA,NA,0.9273813266268469,NA,0,NA,NA,13.124803520905376,NA,NA,NA,NA,0.04715498270983968,NA,NA,NA,NA,NA,NA,0,0.7387613957874882,0.12574662055957245,0.09430996541967936,NA,NA,NA,NA,52.923608928010054,24.127632819867966,NA,NA,NA,0.141464948129519,NA,NA,NA,NA,NA,NA,NA,NA,0,NA,NA,0.04715498270983968,NA
32009,2020,32,Ourense,9,O Barco de Valdeorras,10549,5724,4825,58,50,5616,5666,54.26106739975353,NA,NA,NA,NA,767,NA,NA,NA,NA,NA,10549,1,49,NA,NA,NA,NA,NA,2,NA,NA,2,NA,NA,NA,NA,NA,NA,NA,NA,NA,NA,NA,NA,20,NA,7,NA,NA,NA,174,2999,1435,NA,3,NA,NA,29,NA,NA,NA,NA,NA,NA,NA,NA,NA,NA,NA,128,NA,NA,NA,NA,13.536886692552063,NA,NA,NA,NA,NA,186.18072714436994,0.017649135192375574,0.864807624426403,NA,NA,NA,NA,NA,0.03529827038475115,NA,NA,0.03529827038475115,NA,NA,NA,NA,NA,NA,NA,NA,NA,NA,NA,NA,0.35298270384751146,NA,0.12354394634662902,NA,NA,NA,3.0709495234733497,52.92975644193435,25.32650900105895,NA,0.052947405577126724,NA,NA,0.5118249205788916,NA,NA,NA,NA,NA,NA,NA,NA,NA,NA,NA,2.2590893046240734
32009,2024,32,Ourense,9,O Barco de Valdeorras,10138,6260,3878,51,47,6162,6209,61.747879266127434,NA,NA,NA,NA,1413,NA,NA,NA,NA,NA,10138,NA,NA,NA,NA,NA,124,NA,4,17,NA,NA,NA,NA,NA,NA,NA,NA,NA,NA,NA,NA,NA,NA,15,NA,NA,NA,NA,6,NA,3213,1136,NA,5,NA,NA,NA,NA,NA,NA,59,NA,NA,NA,NA,NA,NA,NA,170,NA,NA,NA,NA,22.757287808020614,NA,NA,NA,NA,NA,163.27911096794975,NA,NA,NA,NA,NA,1.9971009824448382,NA,0.06442261233693027,0.2737961024319536,NA,NA,NA,NA,NA,NA,NA,NA,NA,NA,NA,NA,NA,NA,0.2415847962634885,NA,NA,NA,NA,0.09663391850539539,NA,51.747463359639234,18.296021903688196,NA,0.08052826542116283,NA,NA,NA,NA,NA,NA,0.9502335319697214,NA,NA,NA,NA,NA,NA,NA,2.737961024319536
32010,2001,32,Ourense,10,Beade,509,395,114,0,4,391,395,77.60314341846758,NA,NA,NA,1,41,NA,NA,NA,NA,NA,NA,NA,NA,NA,NA,NA,NA,0,NA,NA,0,NA,NA,0,NA,3,NA,NA,NA,NA,NA,NA,NA,NA,NA,NA,NA,0,NA,NA,NA,280,66,NA,NA,NA,NA,NA,NA,NA,0,NA,NA,NA,NA,NA,NA,NA,NA,NA,NA,NA,NA,0.25316455696202533,10.379746835443038,NA,NA,NA,NA,NA,NA,NA,NA,NA,NA,NA,NA,0,NA,NA,0,NA,NA,0,NA,0.7594936708860759,NA,NA,NA,NA,NA,NA,NA,NA,NA,NA,NA,0,NA,NA,NA,70.88607594936708,16.70886075949367,NA,NA,NA,NA,NA,NA,NA,0,NA,NA,NA,NA,NA,NA,NA,NA,NA
32010,2005,32,Ourense,10,Beade,485,395,90,1,0,394,394,81.44329896907216,NA,NA,NA,0,45,NA,NA,NA,NA,0,NA,NA,NA,NA,NA,NA,0,NA,NA,NA,NA,NA,NA,1,0,1,NA,NA,NA,NA,NA,NA,0,NA,NA,NA,NA,1,NA,NA,NA,233,113,NA,NA,NA,NA,NA,NA,NA,NA,NA,NA,NA,NA,NA,NA,NA,NA,NA,NA,NA,NA,0,11.421319796954315,NA,NA,NA,NA,0,NA,NA,NA,NA,NA,NA,0,NA,NA,NA,NA,NA,NA,0.25380710659898476,0,0.25380710659898476,NA,NA,NA,NA,NA,NA,0,NA,NA,NA,NA,0.25380710659898476,NA,NA,NA,59.13705583756346,28.680203045685282,NA,NA,NA,NA,NA,NA,NA,NA,NA,NA,NA,NA,NA,NA,NA,NA,NA
32010,2009,32,Ourense,10,Beade,455,362,93,4,3,355,358,79.56043956043956,NA,NA,NA,NA,21,NA,NA,NA,NA,NA,NA,NA,NA,NA,NA,NA,0,NA,NA,NA,NA,NA,NA,1,0,1,NA,0,NA,NA,NA,NA,0,NA,NA,NA,NA,0,NA,NA,NA,225,105,NA,1,NA,NA,NA,NA,NA,NA,NA,0,NA,0,NA,NA,1,NA,NA,NA,NA,NA,NA,5.865921787709497,NA,NA,NA,NA,NA,NA,NA,NA,NA,NA,NA,0,NA,NA,NA,NA,NA,NA,0.27932960893854747,0,0.27932960893854747,NA,0,NA,NA,NA,NA,0,NA,NA,NA,NA,0,NA,NA,NA,62.849162011173185,29.329608938547487,NA,0.27932960893854747,NA,NA,NA,NA,NA,NA,NA,0,NA,0,NA,NA,0.27932960893854747,NA,NA
32010,2012,32,Ourense,10,Beade,438,316,122,7,5,304,309,72.14611872146118,0,15,NA,NA,15,NA,0,NA,0,NA,NA,NA,NA,1,0,NA,4,NA,0,NA,NA,NA,NA,NA,0,NA,NA,NA,0,NA,NA,NA,NA,NA,1,NA,0,0,0,NA,NA,193,69,1,2,0,NA,NA,0,1,0,NA,NA,0,NA,NA,0,2,NA,NA,0,4.854368932038835,NA,NA,4.854368932038835,NA,0,NA,0,NA,NA,NA,NA,0.3236245954692557,0,NA,1.2944983818770228,NA,0,NA,NA,NA,NA,NA,0,NA,NA,NA,0,NA,NA,NA,NA,NA,0.3236245954692557,NA,0,0,0,NA,NA,62.45954692556634,22.330097087378643,0.3236245954692557,0.6472491909385114,0,NA,NA,0,0.3236245954692557,0,NA,NA,0,NA,NA,0,0.6472491909385114,NA,NA
32010,2016,32,Ourense,10,Beade,387,285,102,2,1,282,283,73.64341085271317,0,NA,0,NA,NA,10,0,0,NA,NA,NA,NA,2,0,NA,NA,2,NA,0,NA,NA,36,NA,NA,NA,NA,0,NA,NA,NA,NA,NA,NA,0,1,1,0,NA,NA,NA,NA,179,51,NA,NA,NA,0,NA,NA,NA,NA,NA,NA,NA,NA,0,NA,NA,0,NA,0,NA,0,NA,NA,3.53356890459364,0,0,NA,NA,NA,NA,0.7067137809187279,0,NA,NA,0.7067137809187279,NA,0,NA,NA,12.7208480565371,NA,NA,NA,NA,0,NA,NA,NA,NA,NA,NA,0,0.35335689045936397,0.35335689045936397,0,NA,NA,NA,NA,63.25088339222616,18.021201413427562,NA,NA,NA,0,NA,NA,NA,NA,NA,NA,NA,NA,0,NA,NA,0,NA
32010,2020,32,Ourense,10,Beade,354,262,92,5,2,255,257,74.01129943502825,NA,NA,NA,NA,35,NA,NA,NA,NA,NA,354,0,0,NA,NA,NA,NA,NA,0,NA,NA,0,NA,NA,NA,NA,NA,NA,NA,NA,NA,NA,NA,NA,0,NA,0,NA,NA,NA,9,157,48,NA,0,NA,NA,0,NA,NA,NA,NA,NA,NA,NA,NA,NA,NA,NA,6,NA,NA,NA,NA,13.618677042801556,NA,NA,NA,NA,NA,137.7431906614786,0,0,NA,NA,NA,NA,NA,0,NA,NA,0,NA,NA,NA,NA,NA,NA,NA,NA,NA,NA,NA,NA,0,NA,0,NA,NA,NA,3.501945525291829,61.08949416342413,18.67704280155642,NA,0,NA,NA,0,NA,NA,NA,NA,NA,NA,NA,NA,NA,NA,NA,2.3346303501945527
32010,2024,32,Ourense,10,Beade,325,246,79,1,3,242,245,75.6923076923077,NA,NA,NA,NA,56,NA,NA,NA,NA,NA,325,NA,NA,NA,NA,NA,4,NA,0,1,NA,NA,NA,NA,NA,NA,NA,NA,NA,NA,NA,NA,NA,NA,0,NA,NA,NA,NA,0,NA,134,43,NA,0,NA,NA,NA,NA,NA,NA,0,NA,NA,NA,NA,NA,NA,NA,4,NA,NA,NA,NA,22.857142857142858,NA,NA,NA,NA,NA,132.6530612244898,NA,NA,NA,NA,NA,1.6326530612244898,NA,0,0.40816326530612246,NA,NA,NA,NA,NA,NA,NA,NA,NA,NA,NA,NA,NA,NA,0,NA,NA,NA,NA,0,NA,54.69387755102041,17.551020408163264,NA,0,NA,NA,NA,NA,NA,NA,0,NA,NA,NA,NA,NA,NA,NA,1.6326530612244898
32011,2001,32,Ourense,11,Beariz,1156,848,308,1,4,843,847,73.35640138408304,NA,NA,NA,0,30,NA,NA,NA,NA,NA,NA,NA,NA,NA,NA,NA,NA,0,NA,NA,0,NA,NA,1,NA,0,NA,NA,NA,NA,NA,NA,NA,NA,NA,NA,NA,0,NA,NA,NA,784,28,NA,NA,NA,NA,NA,NA,NA,0,NA,NA,NA,NA,NA,NA,NA,NA,NA,NA,NA,NA,0,3.541912632821724,NA,NA,NA,NA,NA,NA,NA,NA,NA,NA,NA,NA,0,NA,NA,0,NA,NA,0.11806375442739078,NA,0,NA,NA,NA,NA,NA,NA,NA,NA,NA,NA,NA,0,NA,NA,NA,92.56198347107438,3.3057851239669422,NA,NA,NA,NA,NA,NA,NA,0,NA,NA,NA,NA,NA,NA,NA,NA,NA
32011,2005,32,Ourense,11,Beariz,1148,859,289,2,4,853,857,74.82578397212544,NA,NA,NA,1,39,NA,NA,NA,NA,0,NA,NA,NA,NA,NA,NA,0,NA,NA,NA,NA,NA,NA,0,0,0,NA,NA,NA,NA,NA,NA,0,NA,NA,NA,NA,0,NA,NA,NA,756,57,NA,NA,NA,NA,NA,NA,NA,NA,NA,NA,NA,NA,NA,NA,NA,NA,NA,NA,NA,NA,0.11668611435239205,4.550758459743291,NA,NA,NA,NA,0,NA,NA,NA,NA,NA,NA,0,NA,NA,NA,NA,NA,NA,0,0,0,NA,NA,NA,NA,NA,NA,0,NA,NA,NA,NA,0,NA,NA,NA,88.2147024504084,6.651108518086348,NA,NA,NA,NA,NA,NA,NA,NA,NA,NA,NA,NA,NA,NA,NA,NA,NA
32011,2009,32,Ourense,11,Beariz,1091,735,356,8,4,723,727,67.36938588450963,NA,NA,NA,NA,46,NA,NA,NA,NA,NA,NA,NA,NA,NA,NA,NA,0,NA,NA,NA,NA,NA,NA,0,0,0,NA,0,NA,NA,NA,NA,0,NA,NA,NA,NA,0,NA,NA,NA,626,41,NA,1,NA,NA,NA,NA,NA,NA,NA,0,NA,0,NA,NA,9,NA,NA,NA,NA,NA,NA,6.327372764786795,NA,NA,NA,NA,NA,NA,NA,NA,NA,NA,NA,0,NA,NA,NA,NA,NA,NA,0,0,0,NA,0,NA,NA,NA,NA,0,NA,NA,NA,NA,0,NA,NA,NA,86.10729023383769,5.639614855570839,NA,0.1375515818431912,NA,NA,NA,NA,NA,NA,NA,0,NA,0,NA,NA,1.2379642365887207,NA,NA
32011,2012,32,Ourense,11,Beariz,1005,625,380,8,5,612,617,62.189054726368155,0,25,NA,NA,10,NA,0,NA,0,NA,NA,NA,NA,0,0,NA,1,NA,1,NA,NA,NA,NA,NA,0,NA,NA,NA,0,NA,NA,NA,NA,NA,3,NA,0,0,1,NA,NA,543,22,0,0,0,NA,NA,0,3,0,NA,NA,0,NA,NA,0,3,NA,NA,0,4.051863857374392,NA,NA,1.6207455429497568,NA,0,NA,0,NA,NA,NA,NA,0,0,NA,0.1620745542949757,NA,0.1620745542949757,NA,NA,NA,NA,NA,0,NA,NA,NA,0,NA,NA,NA,NA,NA,0.48622366288492713,NA,0,0,0.1620745542949757,NA,NA,88.0064829821718,3.565640194489465,0,0,0,NA,NA,0,0.48622366288492713,0,NA,NA,0,NA,NA,0,0.48622366288492713,NA,NA
32011,2016,32,Ourense,11,Beariz,931,570,361,1,3,566,569,61.224489795918366,0,NA,0,NA,NA,10,0,0,NA,NA,NA,NA,2,1,NA,NA,3,NA,0,NA,NA,26,NA,NA,NA,NA,0,NA,NA,NA,NA,NA,NA,0,2,0,1,NA,NA,NA,NA,498,23,NA,NA,NA,0,NA,NA,NA,NA,NA,NA,NA,NA,0,NA,NA,0,NA,0,NA,0,NA,NA,1.7574692442882252,0,0,NA,NA,NA,NA,0.35149384885764495,0.17574692442882248,NA,NA,0.5272407732864675,NA,0,NA,NA,4.569420035149385,NA,NA,NA,NA,0,NA,NA,NA,NA,NA,NA,0,0.35149384885764495,0,0.17574692442882248,NA,NA,NA,NA,87.5219683655536,4.042179261862917,NA,NA,NA,0,NA,NA,NA,NA,NA,NA,NA,NA,0,NA,NA,0,NA
32011,2020,32,Ourense,11,Beariz,920,534,386,6,2,526,528,58.04347826086956,NA,NA,NA,NA,29,NA,NA,NA,NA,NA,920,0,1,NA,NA,NA,NA,NA,0,NA,NA,0,NA,NA,NA,NA,NA,NA,NA,NA,NA,NA,NA,NA,0,NA,0,NA,NA,NA,8,457,26,NA,0,NA,NA,0,NA,NA,NA,NA,NA,NA,NA,NA,NA,NA,NA,5,NA,NA,NA,NA,5.492424242424242,NA,NA,NA,NA,NA,174.24242424242425,0,0.1893939393939394,NA,NA,NA,NA,NA,0,NA,NA,0,NA,NA,NA,NA,NA,NA,NA,NA,NA,NA,NA,NA,0,NA,0,NA,NA,NA,1.5151515151515151,86.5530303030303,4.924242424242424,NA,0,NA,NA,0,NA,NA,NA,NA,NA,NA,NA,NA,NA,NA,NA,0.946969696969697
32011,2024,32,Ourense,11,Beariz,879,478,401,7,1,470,471,54.37997724687145,NA,NA,NA,NA,48,NA,NA,NA,NA,NA,879,NA,NA,NA,NA,NA,3,NA,0,0,NA,NA,NA,NA,NA,NA,NA,NA,NA,NA,NA,NA,NA,NA,0,NA,NA,NA,NA,0,NA,395,13,NA,0,NA,NA,NA,NA,NA,NA,5,NA,NA,NA,NA,NA,NA,NA,6,NA,NA,NA,NA,10.191082802547772,NA,NA,NA,NA,NA,186.62420382165607,NA,NA,NA,NA,NA,0.6369426751592357,NA,0,0,NA,NA,NA,NA,NA,NA,NA,NA,NA,NA,NA,NA,NA,NA,0,NA,NA,NA,NA,0,NA,83.86411889596603,2.7600849256900215,NA,0,NA,NA,NA,NA,NA,NA,1.0615711252653928,NA,NA,NA,NA,NA,NA,NA,1.2738853503184715
32012,2001,32,Ourense,12,Blancos (Os),1155,877,278,4,6,867,873,75.93073593073592,NA,NA,NA,2,65,NA,NA,NA,NA,NA,NA,NA,NA,NA,NA,NA,NA,220,NA,NA,0,NA,NA,0,NA,1,NA,NA,NA,NA,NA,NA,NA,NA,NA,NA,NA,0,NA,NA,NA,508,71,NA,NA,NA,NA,NA,NA,NA,0,NA,NA,NA,NA,NA,NA,NA,NA,NA,NA,NA,NA,0.22909507445589922,7.445589919816724,NA,NA,NA,NA,NA,NA,NA,NA,NA,NA,NA,NA,25.20045819014891,NA,NA,0,NA,NA,0,NA,0.11454753722794961,NA,NA,NA,NA,NA,NA,NA,NA,NA,NA,NA,0,NA,NA,NA,58.1901489117984,8.132875143184421,NA,NA,NA,NA,NA,NA,NA,0,NA,NA,NA,NA,NA,NA,NA,NA,NA
32012,2005,32,Ourense,12,Blancos (Os),1011,787,224,4,8,775,783,77.84371909000988,NA,NA,NA,1,87,NA,NA,NA,NA,0,NA,NA,NA,NA,NA,NA,0,NA,NA,NA,NA,NA,NA,0,0,2,NA,NA,NA,NA,NA,NA,0,NA,NA,NA,NA,0,NA,NA,NA,534,151,NA,NA,NA,NA,NA,NA,NA,NA,NA,NA,NA,NA,NA,NA,NA,NA,NA,NA,NA,NA,0.1277139208173691,11.11111111111111,NA,NA,NA,NA,0,NA,NA,NA,NA,NA,NA,0,NA,NA,NA,NA,NA,NA,0,0,0.2554278416347382,NA,NA,NA,NA,NA,NA,0,NA,NA,NA,NA,0,NA,NA,NA,68.19923371647509,19.284802043422733,NA,NA,NA,NA,NA,NA,NA,NA,NA,NA,NA,NA,NA,NA,NA,NA,NA
32012,2009,32,Ourense,12,Blancos (Os),931,704,227,12,15,677,692,75.61761546723953,NA,NA,NA,NA,211,NA,NA,NA,NA,NA,NA,NA,NA,NA,NA,NA,0,NA,NA,NA,NA,NA,NA,14,0,0,NA,0,NA,NA,NA,NA,0,NA,NA,NA,NA,0,NA,NA,NA,272,156,NA,0,NA,NA,NA,NA,NA,NA,NA,23,NA,0,NA,NA,1,NA,NA,NA,NA,NA,NA,30.491329479768787,NA,NA,NA,NA,NA,NA,NA,NA,NA,NA,NA,0,NA,NA,NA,NA,NA,NA,2.023121387283237,0,0,NA,0,NA,NA,NA,NA,0,NA,NA,NA,NA,0,NA,NA,NA,39.30635838150289,22.54335260115607,NA,0,NA,NA,NA,NA,NA,NA,NA,3.3236994219653178,NA,0,NA,NA,0.1445086705202312,NA,NA
32012,2012,32,Ourense,12,Blancos (Os),868,572,296,12,14,546,560,65.89861751152074,0,43,NA,NA,46,NA,0,NA,0,NA,NA,NA,NA,0,0,NA,5,NA,1,NA,NA,NA,NA,NA,1,NA,NA,NA,0,NA,NA,NA,NA,NA,1,NA,0,0,0,NA,NA,308,134,1,0,2,NA,NA,0,2,0,NA,NA,1,NA,NA,0,1,NA,NA,0,7.678571428571429,NA,NA,8.214285714285714,NA,0,NA,0,NA,NA,NA,NA,0,0,NA,0.8928571428571428,NA,0.17857142857142858,NA,NA,NA,NA,NA,0.17857142857142858,NA,NA,NA,0,NA,NA,NA,NA,NA,0.17857142857142858,NA,0,0,0,NA,NA,55.00000000000001,23.92857142857143,0.17857142857142858,0,0.35714285714285715,NA,NA,0,0.35714285714285715,0,NA,NA,0.17857142857142858,NA,NA,0,0.17857142857142858,NA,NA
32012,2016,32,Ourense,12,Os Blancos,777,480,297,4,2,474,476,61.77606177606177,0,NA,0,NA,NA,15,0,0,NA,NA,NA,NA,12,2,NA,NA,5,NA,0,NA,NA,61,NA,NA,NA,NA,0,NA,NA,NA,NA,NA,NA,0,1,0,0,NA,NA,NA,NA,302,75,NA,NA,NA,0,NA,NA,NA,NA,NA,NA,NA,NA,0,NA,NA,1,NA,0,NA,0,NA,NA,3.1512605042016806,0,0,NA,NA,NA,NA,2.5210084033613445,0.42016806722689076,NA,NA,1.050420168067227,NA,0,NA,NA,12.815126050420167,NA,NA,NA,NA,0,NA,NA,NA,NA,NA,NA,0,0.21008403361344538,0,0,NA,NA,NA,NA,63.4453781512605,15.756302521008402,NA,NA,NA,0,NA,NA,NA,NA,NA,NA,NA,NA,0,NA,NA,0.21008403361344538,NA
32012,2020,32,Ourense,12,Os Blancos,706,460,246,3,2,455,457,65.15580736543909,NA,NA,NA,NA,64,NA,NA,NA,NA,NA,706,1,0,NA,NA,NA,NA,NA,0,NA,NA,2,NA,NA,NA,NA,NA,NA,NA,NA,NA,NA,NA,NA,0,NA,1,NA,NA,NA,7,285,84,NA,0,NA,NA,0,NA,NA,NA,NA,NA,NA,NA,NA,NA,NA,NA,11,NA,NA,NA,NA,14.00437636761488,NA,NA,NA,NA,NA,154.48577680525165,0.2188183807439825,0,NA,NA,NA,NA,NA,0,NA,NA,0.437636761487965,NA,NA,NA,NA,NA,NA,NA,NA,NA,NA,NA,NA,0,NA,0.2188183807439825,NA,NA,NA,1.5317286652078774,62.36323851203501,18.38074398249453,NA,0,NA,NA,0,NA,NA,NA,NA,NA,NA,NA,NA,NA,NA,NA,2.4070021881838075
32012,2024,32,Ourense,12,Os Blancos,650,447,203,3,1,443,444,68.76923076923077,NA,NA,NA,NA,97,NA,NA,NA,NA,NA,650,NA,NA,NA,NA,NA,14,NA,0,0,NA,NA,NA,NA,NA,NA,NA,NA,NA,NA,NA,NA,NA,NA,0,NA,NA,NA,NA,0,NA,272,53,NA,0,NA,NA,NA,NA,NA,NA,2,NA,NA,NA,NA,NA,NA,NA,5,NA,NA,NA,NA,21.846846846846844,NA,NA,NA,NA,NA,146.3963963963964,NA,NA,NA,NA,NA,3.153153153153153,NA,0,0,NA,NA,NA,NA,NA,NA,NA,NA,NA,NA,NA,NA,NA,NA,0,NA,NA,NA,NA,0,NA,61.261261261261254,11.936936936936938,NA,0,NA,NA,NA,NA,NA,NA,0.45045045045045046,NA,NA,NA,NA,NA,NA,NA,1.1261261261261262
32013,2001,32,Ourense,13,Boborás,2857,1875,982,7,13,1855,1868,65.6282814140707,NA,NA,NA,1,289,NA,NA,NA,NA,NA,NA,NA,NA,NA,NA,NA,NA,1,NA,NA,2,NA,NA,1,NA,0,NA,NA,NA,NA,NA,NA,NA,NA,NA,NA,NA,0,NA,NA,NA,1288,273,NA,NA,NA,NA,NA,NA,NA,0,NA,NA,NA,NA,NA,NA,NA,NA,NA,NA,NA,NA,0.05353319057815846,15.471092077087794,NA,NA,NA,NA,NA,NA,NA,NA,NA,NA,NA,NA,0.05353319057815846,NA,NA,0.10706638115631692,NA,NA,0.05353319057815846,NA,0,NA,NA,NA,NA,NA,NA,NA,NA,NA,NA,NA,0,NA,NA,NA,68.95074946466809,14.614561027837258,NA,NA,NA,NA,NA,NA,NA,0,NA,NA,NA,NA,NA,NA,NA,NA,NA
32013,2005,32,Ourense,13,Boborás,2696,1881,815,9,15,1857,1872,69.7700296735905,NA,NA,NA,1,176,NA,NA,NA,NA,2,NA,NA,NA,NA,NA,NA,1,NA,NA,NA,NA,NA,NA,1,0,2,NA,NA,NA,NA,NA,NA,0,NA,NA,NA,NA,0,NA,NA,NA,1293,381,NA,NA,NA,NA,NA,NA,NA,NA,NA,NA,NA,NA,NA,NA,NA,NA,NA,NA,NA,NA,0.05341880341880342,9.401709401709402,NA,NA,NA,NA,0.10683760683760685,NA,NA,NA,NA,NA,NA,0.05341880341880342,NA,NA,NA,NA,NA,NA,0.05341880341880342,0,0.10683760683760685,NA,NA,NA,NA,NA,NA,0,NA,NA,NA,NA,0,NA,NA,NA,69.07051282051282,20.352564102564102,NA,NA,NA,NA,NA,NA,NA,NA,NA,NA,NA,NA,NA,NA,NA,NA,NA
32013,2009,32,Ourense,13,Boborás,2543,1788,755,11,12,1765,1777,70.3106567046795,NA,NA,NA,NA,222,NA,NA,NA,NA,NA,NA,NA,NA,NA,NA,NA,0,NA,NA,NA,NA,NA,NA,2,1,2,NA,0,NA,NA,NA,NA,2,NA,NA,NA,NA,3,NA,NA,NA,1144,383,NA,4,NA,NA,NA,NA,NA,NA,NA,0,NA,0,NA,NA,2,NA,NA,NA,NA,NA,NA,12.492965672481711,NA,NA,NA,NA,NA,NA,NA,NA,NA,NA,NA,0,NA,NA,NA,NA,NA,NA,0.11254924029262803,0.056274620146314014,0.11254924029262803,NA,0,NA,NA,NA,NA,0.11254924029262803,NA,NA,NA,NA,0.16882386043894204,NA,NA,NA,64.37816544738322,21.553179516038266,NA,0.22509848058525606,NA,NA,NA,NA,NA,NA,NA,0,NA,0,NA,NA,0.11254924029262803,NA,NA
32013,2012,32,Ourense,13,Boborás,2397,1525,872,17,12,1496,1508,63.62119315811431,0,84,NA,NA,76,NA,0,NA,1,NA,NA,NA,NA,9,0,NA,4,NA,5,NA,NA,NA,NA,NA,0,NA,NA,NA,0,NA,NA,NA,NA,NA,4,NA,0,0,0,NA,NA,1008,286,2,1,0,NA,NA,0,13,0,NA,NA,1,NA,NA,0,2,NA,NA,0,5.570291777188329,NA,NA,5.039787798408488,NA,0,NA,0.0663129973474801,NA,NA,NA,NA,0.5968169761273209,0,NA,0.2652519893899204,NA,0.33156498673740054,NA,NA,NA,NA,NA,0,NA,NA,NA,0,NA,NA,NA,NA,NA,0.2652519893899204,NA,0,0,0,NA,NA,66.84350132625994,18.96551724137931,0.1326259946949602,0.0663129973474801,0,NA,NA,0,0.8620689655172413,0,NA,NA,0.0663129973474801,NA,NA,0,0.1326259946949602,NA,NA
32013,2016,32,Ourense,13,Boborás,2148,1335,813,7,8,1320,1328,62.150837988826815,0,NA,0,NA,NA,56,0,0,NA,NA,NA,NA,32,2,NA,NA,12,NA,0,NA,NA,91,NA,NA,NA,NA,2,NA,NA,NA,NA,NA,NA,0,5,3,0,NA,NA,NA,NA,972,145,NA,NA,NA,0,NA,NA,NA,NA,NA,NA,NA,NA,0,NA,NA,0,NA,0,NA,0,NA,NA,4.216867469879518,0,0,NA,NA,NA,NA,2.4096385542168677,0.15060240963855423,NA,NA,0.9036144578313252,NA,0,NA,NA,6.852409638554217,NA,NA,NA,NA,0.15060240963855423,NA,NA,NA,NA,NA,NA,0,0.37650602409638556,0.2259036144578313,0,NA,NA,NA,NA,73.19277108433735,10.918674698795181,NA,NA,NA,0,NA,NA,NA,NA,NA,NA,NA,NA,0,NA,NA,0,NA
32013,2020,32,Ourense,13,Boborás,1955,1206,749,7,4,1195,1199,61.687979539641944,NA,NA,NA,NA,101,NA,NA,NA,NA,NA,1955,0,7,NA,NA,NA,NA,NA,0,NA,NA,1,NA,NA,NA,NA,NA,NA,NA,NA,NA,NA,NA,NA,3,NA,0,NA,NA,NA,14,907,145,NA,0,NA,NA,1,NA,NA,NA,NA,NA,NA,NA,NA,NA,NA,NA,16,NA,NA,NA,NA,8.423686405337781,NA,NA,NA,NA,NA,163.05254378648874,0,0.5838198498748958,NA,NA,NA,NA,NA,0,NA,NA,0.08340283569641367,NA,NA,NA,NA,NA,NA,NA,NA,NA,NA,NA,NA,0.25020850708924103,NA,0,NA,NA,NA,1.1676396997497915,75.6463719766472,12.093411175979982,NA,0,NA,NA,0.08340283569641367,NA,NA,NA,NA,NA,NA,NA,NA,NA,NA,NA,1.3344453711426187
32013,2024,32,Ourense,13,Boborás,1942,1340,602,3,4,1333,1337,69.0010298661174,NA,NA,NA,NA,177,NA,NA,NA,NA,NA,1942,NA,NA,NA,NA,NA,32,NA,1,3,NA,NA,NA,NA,NA,NA,NA,NA,NA,NA,NA,NA,NA,NA,1,NA,NA,NA,NA,0,NA,982,109,NA,0,NA,NA,NA,NA,NA,NA,5,NA,NA,NA,NA,NA,NA,NA,23,NA,NA,NA,NA,13.238593866866118,NA,NA,NA,NA,NA,145.25056095736724,NA,NA,NA,NA,NA,2.393418100224383,NA,0.07479431563201197,0.22438294689603588,NA,NA,NA,NA,NA,NA,NA,NA,NA,NA,NA,NA,NA,NA,0.07479431563201197,NA,NA,NA,NA,0,NA,73.44801795063574,8.152580403889305,NA,0,NA,NA,NA,NA,NA,NA,0.3739715781600598,NA,NA,NA,NA,NA,NA,NA,1.7202692595362752
32014,2001,32,Ourense,14,Bola (A),1424,1023,401,6,11,1006,1017,71.83988764044943,NA,NA,NA,2,200,NA,NA,NA,NA,NA,NA,NA,NA,NA,NA,NA,NA,1,NA,NA,3,NA,NA,2,NA,0,NA,NA,NA,NA,NA,NA,NA,NA,NA,NA,NA,0,NA,NA,NA,703,95,NA,NA,NA,NA,NA,NA,NA,0,NA,NA,NA,NA,NA,NA,NA,NA,NA,NA,NA,NA,0.19665683382497542,19.66568338249754,NA,NA,NA,NA,NA,NA,NA,NA,NA,NA,NA,NA,0.09832841691248771,NA,NA,0.2949852507374631,NA,NA,0.19665683382497542,NA,0,NA,NA,NA,NA,NA,NA,NA,NA,NA,NA,NA,0,NA,NA,NA,69.12487708947886,9.341199606686331,NA,NA,NA,NA,NA,NA,NA,0,NA,NA,NA,NA,NA,NA,NA,NA,NA
32014,2005,32,Ourense,14,Bola (A),1378,1007,371,5,3,999,1002,73.07692307692307,NA,NA,NA,0,295,NA,NA,NA,NA,1,NA,NA,NA,NA,NA,NA,1,NA,NA,NA,NA,NA,NA,1,1,0,NA,NA,NA,NA,NA,NA,0,NA,NA,NA,NA,1,NA,NA,NA,536,163,NA,NA,NA,NA,NA,NA,NA,NA,NA,NA,NA,NA,NA,NA,NA,NA,NA,NA,NA,NA,0,29.44111776447106,NA,NA,NA,NA,0.09980039920159679,NA,NA,NA,NA,NA,NA,0.09980039920159679,NA,NA,NA,NA,NA,NA,0.09980039920159679,0.09980039920159679,0,NA,NA,NA,NA,NA,NA,0,NA,NA,NA,NA,0.09980039920159679,NA,NA,NA,53.49301397205589,16.26746506986028,NA,NA,NA,NA,NA,NA,NA,NA,NA,NA,NA,NA,NA,NA,NA,NA,NA
32014,2009,32,Ourense,14,Bola (A),1354,1107,247,4,9,1094,1103,81.75775480059085,NA,NA,NA,NA,683,NA,NA,NA,NA,NA,NA,NA,NA,NA,NA,NA,4,NA,NA,NA,NA,NA,NA,0,0,0,NA,0,NA,NA,NA,NA,1,NA,NA,NA,NA,0,NA,NA,NA,324,79,NA,0,NA,NA,NA,NA,NA,NA,NA,0,NA,0,NA,NA,3,NA,NA,NA,NA,NA,NA,61.92203082502267,NA,NA,NA,NA,NA,NA,NA,NA,NA,NA,NA,0.3626473254759746,NA,NA,NA,NA,NA,NA,0,0,0,NA,0,NA,NA,NA,NA,0.09066183136899365,NA,NA,NA,NA,0,NA,NA,NA,29.37443336355394,7.162284678150499,NA,0,NA,NA,NA,NA,NA,NA,NA,0,NA,0,NA,NA,0.271985494106981,NA,NA
32014,2012,32,Ourense,14,Bola (A),1258,917,341,19,12,886,898,72.89348171701113,0,52,NA,NA,342,NA,0,NA,0,NA,NA,NA,NA,3,0,NA,16,NA,2,NA,NA,NA,NA,NA,1,NA,NA,NA,0,NA,NA,NA,NA,NA,0,NA,0,0,0,NA,NA,375,81,0,1,0,NA,NA,0,12,0,NA,NA,0,NA,NA,0,1,NA,NA,0,5.79064587973274,NA,NA,38.084632516703785,NA,0,NA,0,NA,NA,NA,NA,0.33407572383073497,0,NA,1.7817371937639197,NA,0.22271714922048996,NA,NA,NA,NA,NA,0.11135857461024498,NA,NA,NA,0,NA,NA,NA,NA,NA,0,NA,0,0,0,NA,NA,41.759465478841875,9.020044543429844,0,0.11135857461024498,0,NA,NA,0,1.3363028953229399,0,NA,NA,0,NA,NA,0,0.11135857461024498,NA,NA
32014,2016,32,Lugo,14,A Bola,1143,839,304,6,3,830,833,73.40332458442694,0,NA,0,NA,NA,86,0,0,NA,NA,NA,NA,26,0,NA,NA,16,NA,0,NA,NA,68,NA,NA,NA,NA,0,NA,NA,NA,NA,NA,NA,0,2,2,0,NA,NA,NA,NA,554,76,NA,NA,NA,0,NA,NA,NA,NA,NA,NA,NA,NA,0,NA,NA,0,NA,0,NA,0,NA,NA,10.324129651860744,0,0,NA,NA,NA,NA,3.12124849939976,0,NA,NA,1.9207683073229291,NA,0,NA,NA,8.16326530612245,NA,NA,NA,NA,0,NA,NA,NA,NA,NA,NA,0,0.24009603841536614,0.24009603841536614,0,NA,NA,NA,NA,66.50660264105642,9.123649459783914,NA,NA,NA,0,NA,NA,NA,NA,NA,NA,NA,NA,0,NA,NA,0,NA
32014,2020,32,Ourense,14,A Bola,998,707,291,11,3,693,696,70.84168336673346,NA,NA,NA,NA,125,NA,NA,NA,NA,NA,998,0,0,NA,NA,NA,NA,NA,0,NA,NA,0,NA,NA,NA,NA,NA,NA,NA,NA,NA,NA,NA,NA,2,NA,0,NA,NA,NA,6,471,71,NA,1,NA,NA,0,NA,NA,NA,NA,NA,NA,NA,NA,NA,NA,NA,17,NA,NA,NA,NA,17.95977011494253,NA,NA,NA,NA,NA,143.39080459770116,0,0,NA,NA,NA,NA,NA,0,NA,NA,0,NA,NA,NA,NA,NA,NA,NA,NA,NA,NA,NA,NA,0.28735632183908044,NA,0,NA,NA,NA,0.8620689655172413,67.67241379310344,10.201149425287356,NA,0.14367816091954022,NA,NA,0,NA,NA,NA,NA,NA,NA,NA,NA,NA,NA,NA,2.442528735632184
32014,2024,32,Ourense,14,A Bola,951,723,228,2,1,720,721,76.02523659305994,NA,NA,NA,NA,172,NA,NA,NA,NA,NA,951,NA,NA,NA,NA,NA,19,NA,1,2,NA,NA,NA,NA,NA,NA,NA,NA,NA,NA,NA,NA,NA,NA,2,NA,NA,NA,NA,1,NA,468,43,NA,0,NA,NA,NA,NA,NA,NA,0,NA,NA,NA,NA,NA,NA,NA,12,NA,NA,NA,NA,23.855755894590846,NA,NA,NA,NA,NA,131.9001386962552,NA,NA,NA,NA,NA,2.6352288488210815,NA,0.13869625520110956,0.27739251040221913,NA,NA,NA,NA,NA,NA,NA,NA,NA,NA,NA,NA,NA,NA,0.27739251040221913,NA,NA,NA,NA,0.13869625520110956,NA,64.90984743411929,5.9639389736477115,NA,0,NA,NA,NA,NA,NA,NA,0,NA,NA,NA,NA,NA,NA,NA,1.6643550624133148
32015,2001,32,Ourense,15,Bolo (O),1218,822,396,7,11,804,815,67.48768472906403,NA,NA,NA,2,115,NA,NA,NA,NA,NA,NA,NA,NA,NA,NA,NA,NA,1,NA,NA,0,NA,NA,1,NA,1,NA,NA,NA,NA,NA,NA,NA,NA,NA,NA,NA,0,NA,NA,NA,575,109,NA,NA,NA,NA,NA,NA,NA,0,NA,NA,NA,NA,NA,NA,NA,NA,NA,NA,NA,NA,0.245398773006135,14.11042944785276,NA,NA,NA,NA,NA,NA,NA,NA,NA,NA,NA,NA,0.1226993865030675,NA,NA,0,NA,NA,0.1226993865030675,NA,0.1226993865030675,NA,NA,NA,NA,NA,NA,NA,NA,NA,NA,NA,0,NA,NA,NA,70.5521472392638,13.374233128834357,NA,NA,NA,NA,NA,NA,NA,0,NA,NA,NA,NA,NA,NA,NA,NA,NA
32015,2005,32,Ourense,15,Bolo (O),1138,843,295,4,11,828,839,74.07732864674868,NA,NA,NA,0,89,NA,NA,NA,NA,0,NA,NA,NA,NA,NA,NA,0,NA,NA,NA,NA,NA,NA,1,0,2,NA,NA,NA,NA,NA,NA,0,NA,NA,NA,NA,0,NA,NA,NA,592,144,NA,NA,NA,NA,NA,NA,NA,NA,NA,NA,NA,NA,NA,NA,NA,NA,NA,NA,NA,NA,0,10.607866507747318,NA,NA,NA,NA,0,NA,NA,NA,NA,NA,NA,0,NA,NA,NA,NA,NA,NA,0.11918951132300357,0,0.23837902264600713,NA,NA,NA,NA,NA,NA,0,NA,NA,NA,NA,0,NA,NA,NA,70.56019070321811,17.163289630512516,NA,NA,NA,NA,NA,NA,NA,NA,NA,NA,NA,NA,NA,NA,NA,NA,NA
32015,2009,32,Ourense,15,Bolo (O),1048,791,257,2,8,781,789,75.47709923664122,NA,NA,NA,NA,55,NA,NA,NA,NA,NA,NA,NA,NA,NA,NA,NA,1,NA,NA,NA,NA,NA,NA,0,0,1,NA,0,NA,NA,NA,NA,0,NA,NA,NA,NA,0,NA,NA,NA,566,154,NA,0,NA,NA,NA,NA,NA,NA,NA,0,NA,0,NA,NA,4,NA,NA,NA,NA,NA,NA,6.970849176172369,NA,NA,NA,NA,NA,NA,NA,NA,NA,NA,NA,0.12674271229404308,NA,NA,NA,NA,NA,NA,0,0,0.12674271229404308,NA,0,NA,NA,NA,NA,0,NA,NA,NA,NA,0,NA,NA,NA,71.73637515842839,19.518377693282638,NA,0,NA,NA,NA,NA,NA,NA,NA,0,NA,0,NA,NA,0.5069708491761723,NA,NA
32015,2012,32,Ourense,15,Bolo (O),971,641,330,6,6,629,635,66.01441812564367,0,32,NA,NA,23,NA,0,NA,1,NA,NA,NA,NA,0,0,NA,0,NA,1,NA,NA,NA,NA,NA,0,NA,NA,NA,0,NA,NA,NA,NA,NA,0,NA,0,0,1,NA,NA,451,105,0,1,0,NA,NA,0,10,0,NA,NA,1,NA,NA,0,3,NA,NA,0,5.039370078740157,NA,NA,3.622047244094488,NA,0,NA,0.15748031496062992,NA,NA,NA,NA,0,0,NA,0,NA,0.15748031496062992,NA,NA,NA,NA,NA,0,NA,NA,NA,0,NA,NA,NA,NA,NA,0,NA,0,0,0.15748031496062992,NA,NA,71.02362204724409,16.535433070866144,0,0.15748031496062992,0,NA,NA,0,1.574803149606299,0,NA,NA,0.15748031496062992,NA,NA,0,0.47244094488188976,NA,NA
32015,2016,32,Ourense,15,O Bolo,865,570,295,3,7,560,567,65.89595375722543,0,NA,0,NA,NA,14,0,0,NA,NA,NA,NA,9,0,NA,NA,1,NA,0,NA,NA,40,NA,NA,NA,NA,2,NA,NA,NA,NA,NA,NA,0,2,0,0,NA,NA,NA,NA,408,84,NA,NA,NA,0,NA,NA,NA,NA,NA,NA,NA,NA,0,NA,NA,0,NA,0,NA,0,NA,NA,2.4691358024691357,0,0,NA,NA,NA,NA,1.5873015873015872,0,NA,NA,0.1763668430335097,NA,0,NA,NA,7.054673721340388,NA,NA,NA,NA,0.3527336860670194,NA,NA,NA,NA,NA,NA,0,0.3527336860670194,0,0,NA,NA,NA,NA,71.95767195767195,14.814814814814813,NA,NA,NA,0,NA,NA,NA,NA,NA,NA,NA,NA,0,NA,NA,0,NA
32015,2020,32,Ourense,15,O Bolo,792,426,366,5,3,418,421,53.78787878787878,NA,NA,NA,NA,42,NA,NA,NA,NA,NA,792,0,1,NA,NA,NA,NA,NA,0,NA,NA,0,NA,NA,NA,NA,NA,NA,NA,NA,NA,NA,NA,NA,1,NA,0,NA,NA,NA,4,307,50,NA,0,NA,NA,0,NA,NA,NA,NA,NA,NA,NA,NA,NA,NA,NA,13,NA,NA,NA,NA,9.97624703087886,NA,NA,NA,NA,NA,188.12351543942992,0,0.23752969121140144,NA,NA,NA,NA,NA,0,NA,NA,0,NA,NA,NA,NA,NA,NA,NA,NA,NA,NA,NA,NA,0.23752969121140144,NA,0,NA,NA,NA,0.9501187648456058,72.92161520190024,11.87648456057007,NA,0,NA,NA,0,NA,NA,NA,NA,NA,NA,NA,NA,NA,NA,NA,3.0878859857482186
32015,2024,32,Ourense,15,O Bolo,735,458,277,3,3,452,455,62.31292517006802,NA,NA,NA,NA,75,NA,NA,NA,NA,NA,735,NA,NA,NA,NA,NA,7,NA,0,1,NA,NA,NA,NA,NA,NA,NA,NA,NA,NA,NA,NA,NA,NA,1,NA,NA,NA,NA,0,NA,309,49,NA,0,NA,NA,NA,NA,NA,NA,2,NA,NA,NA,NA,NA,NA,NA,8,NA,NA,NA,NA,16.483516483516482,NA,NA,NA,NA,NA,161.53846153846155,NA,NA,NA,NA,NA,1.5384615384615385,NA,0,0.21978021978021978,NA,NA,NA,NA,NA,NA,NA,NA,NA,NA,NA,NA,NA,NA,0.21978021978021978,NA,NA,NA,NA,0,NA,67.91208791208791,10.76923076923077,NA,0,NA,NA,NA,NA,NA,NA,0.43956043956043955,NA,NA,NA,NA,NA,NA,NA,1.7582417582417582
32016,2001,32,Ourense,16,Calvos de Randín,1147,838,309,4,5,829,834,73.06015693112468,NA,NA,NA,0,87,NA,NA,NA,NA,NA,NA,NA,NA,NA,NA,NA,NA,0,NA,NA,1,NA,NA,1,NA,1,NA,NA,NA,NA,NA,NA,NA,NA,NA,NA,NA,0,NA,NA,NA,623,116,NA,NA,NA,NA,NA,NA,NA,0,NA,NA,NA,NA,NA,NA,NA,NA,NA,NA,NA,NA,0,10.431654676258994,NA,NA,NA,NA,NA,NA,NA,NA,NA,NA,NA,NA,0,NA,NA,0.1199040767386091,NA,NA,0.1199040767386091,NA,0.1199040767386091,NA,NA,NA,NA,NA,NA,NA,NA,NA,NA,NA,0,NA,NA,NA,74.70023980815348,13.908872901678656,NA,NA,NA,NA,NA,NA,NA,0,NA,NA,NA,NA,NA,NA,NA,NA,NA
32016,2005,32,Ourense,16,Calvos de Randín,1099,861,238,4,4,853,857,78.343949044586,NA,NA,NA,0,116,NA,NA,NA,NA,2,NA,NA,NA,NA,NA,NA,2,NA,NA,NA,NA,NA,NA,0,0,2,NA,NA,NA,NA,NA,NA,0,NA,NA,NA,NA,0,NA,NA,NA,542,189,NA,NA,NA,NA,NA,NA,NA,NA,NA,NA,NA,NA,NA,NA,NA,NA,NA,NA,NA,NA,0,13.53558926487748,NA,NA,NA,NA,0.2333722287047841,NA,NA,NA,NA,NA,NA,0.2333722287047841,NA,NA,NA,NA,NA,NA,0,0,0.2333722287047841,NA,NA,NA,NA,NA,NA,0,NA,NA,NA,NA,0,NA,NA,NA,63.243873978996504,22.0536756126021,NA,NA,NA,NA,NA,NA,NA,NA,NA,NA,NA,NA,NA,NA,NA,NA,NA
32016,2009,32,Ourense,16,Calvos de Randín,994,803,191,4,7,792,799,80.78470824949699,NA,NA,NA,NA,77,NA,NA,NA,NA,NA,NA,NA,NA,NA,NA,NA,0,NA,NA,NA,NA,NA,NA,0,0,0,NA,0,NA,NA,NA,NA,0,NA,NA,NA,NA,0,NA,NA,NA,299,415,NA,0,NA,NA,NA,NA,NA,NA,NA,0,NA,0,NA,NA,1,NA,NA,NA,NA,NA,NA,9.637046307884855,NA,NA,NA,NA,NA,NA,NA,NA,NA,NA,NA,0,NA,NA,NA,NA,NA,NA,0,0,0,NA,0,NA,NA,NA,NA,0,NA,NA,NA,NA,0,NA,NA,NA,37.42177722152691,51.93992490613266,NA,0,NA,NA,NA,NA,NA,NA,NA,0,NA,0,NA,NA,0.1251564455569462,NA,NA
32016,2012,32,Ourense,16,Calvos de Randín,961,683,278,6,7,670,677,71.07180020811654,0,9,NA,NA,10,NA,0,NA,0,NA,NA,NA,NA,10,0,NA,6,NA,0,NA,NA,NA,NA,NA,0,NA,NA,NA,0,NA,NA,NA,NA,NA,0,NA,0,0,1,NA,NA,296,334,0,0,0,NA,NA,0,2,0,NA,NA,0,NA,NA,0,2,NA,NA,0,1.329394387001477,NA,NA,1.4771048744460855,NA,0,NA,0,NA,NA,NA,NA,1.4771048744460855,0,NA,0.8862629246676514,NA,0,NA,NA,NA,NA,NA,0,NA,NA,NA,0,NA,NA,NA,NA,NA,0,NA,0,0,0.14771048744460857,NA,NA,43.72230428360414,49.33530280649926,0,0,0,NA,NA,0,0.29542097488921715,0,NA,NA,0,NA,NA,0,0.29542097488921715,NA,NA
32016,2016,32,Ourense,16,Calvos de Randín,779,559,220,4,5,550,555,71.7586649550706,0,NA,0,NA,NA,5,0,0,NA,NA,NA,NA,5,0,NA,NA,4,NA,0,NA,NA,21,NA,NA,NA,NA,0,NA,NA,NA,NA,NA,NA,0,3,0,1,NA,NA,NA,NA,220,291,NA,NA,NA,0,NA,NA,NA,NA,NA,NA,NA,NA,0,NA,NA,0,NA,0,NA,0,NA,NA,0.9009009009009009,0,0,NA,NA,NA,NA,0.9009009009009009,0,NA,NA,0.7207207207207207,NA,0,NA,NA,3.783783783783784,NA,NA,NA,NA,0,NA,NA,NA,NA,NA,NA,0,0.5405405405405406,0,0.18018018018018017,NA,NA,NA,NA,39.63963963963964,52.43243243243243,NA,NA,NA,0,NA,NA,NA,NA,NA,NA,NA,NA,0,NA,NA,0,NA
32016,2020,32,Ourense,16,Calvos de Randín,685,441,244,1,3,437,440,64.37956204379563,NA,NA,NA,NA,41,NA,NA,NA,NA,NA,685,0,3,NA,NA,NA,NA,NA,1,NA,NA,0,NA,NA,NA,NA,NA,NA,NA,NA,NA,NA,NA,NA,1,NA,0,NA,NA,NA,5,171,208,NA,0,NA,NA,0,NA,NA,NA,NA,NA,NA,NA,NA,NA,NA,NA,7,NA,NA,NA,NA,9.318181818181818,NA,NA,NA,NA,NA,155.6818181818182,0,0.6818181818181818,NA,NA,NA,NA,NA,0.22727272727272727,NA,NA,0,NA,NA,NA,NA,NA,NA,NA,NA,NA,NA,NA,NA,0.22727272727272727,NA,0,NA,NA,NA,1.1363636363636365,38.86363636363636,47.27272727272727,NA,0,NA,NA,0,NA,NA,NA,NA,NA,NA,NA,NA,NA,NA,NA,1.5909090909090908
32016,2024,32,Ourense,16,Calvos de Randín,612,431,181,4,2,425,427,70.42483660130719,NA,NA,NA,NA,53,NA,NA,NA,NA,NA,612,NA,NA,NA,NA,NA,13,NA,1,0,NA,NA,NA,NA,NA,NA,NA,NA,NA,NA,NA,NA,NA,NA,0,NA,NA,NA,NA,1,NA,159,194,NA,0,NA,NA,NA,NA,NA,NA,0,NA,NA,NA,NA,NA,NA,NA,4,NA,NA,NA,NA,12.412177985948478,NA,NA,NA,NA,NA,143.3255269320843,NA,NA,NA,NA,NA,3.0444964871194378,NA,0.234192037470726,0,NA,NA,NA,NA,NA,NA,NA,NA,NA,NA,NA,NA,NA,NA,0,NA,NA,NA,NA,0.234192037470726,NA,37.23653395784544,45.433255269320846,NA,0,NA,NA,NA,NA,NA,NA,0,NA,NA,NA,NA,NA,NA,NA,0.936768149882904
32017,2001,32,Ourense,17,Carballeda de Valdeorras,1714,941,773,4,7,930,937,54.90081680280047,NA,NA,NA,2,142,NA,NA,NA,NA,NA,NA,NA,NA,NA,NA,NA,NA,0,NA,NA,4,NA,NA,5,NA,1,NA,NA,NA,NA,NA,NA,NA,NA,NA,NA,NA,0,NA,NA,NA,595,181,NA,NA,NA,NA,NA,NA,NA,0,NA,NA,NA,NA,NA,NA,NA,NA,NA,NA,NA,NA,0.21344717182497333,15.154749199573105,NA,NA,NA,NA,NA,NA,NA,NA,NA,NA,NA,NA,0,NA,NA,0.42689434364994666,NA,NA,0.5336179295624333,NA,0.10672358591248667,NA,NA,NA,NA,NA,NA,NA,NA,NA,NA,NA,0,NA,NA,NA,63.50053361792957,19.316969050160086,NA,NA,NA,NA,NA,NA,NA,0,NA,NA,NA,NA,NA,NA,NA,NA,NA
32017,2005,32,Ourense,17,Carballeda de Valdeorras,1557,943,614,4,9,930,939,60.56518946692358,NA,NA,NA,1,88,NA,NA,NA,NA,1,NA,NA,NA,NA,NA,NA,1,NA,NA,NA,NA,NA,NA,3,1,4,NA,NA,NA,NA,NA,NA,3,NA,NA,NA,NA,1,NA,NA,NA,530,297,NA,NA,NA,NA,NA,NA,NA,NA,NA,NA,NA,NA,NA,NA,NA,NA,NA,NA,NA,NA,0.10649627263045794,9.371671991480298,NA,NA,NA,NA,0.10649627263045794,NA,NA,NA,NA,NA,NA,0.10649627263045794,NA,NA,NA,NA,NA,NA,0.3194888178913738,0.10649627263045794,0.42598509052183176,NA,NA,NA,NA,NA,NA,0.3194888178913738,NA,NA,NA,NA,0.10649627263045794,NA,NA,NA,56.443024494142705,31.629392971246006,NA,NA,NA,NA,NA,NA,NA,NA,NA,NA,NA,NA,NA,NA,NA,NA,NA
32017,2009,32,Ourense,17,Carballeda de Valdeorras,1393,924,469,6,9,909,918,66.33165829145729,NA,NA,NA,NA,83,NA,NA,NA,NA,NA,NA,NA,NA,NA,NA,NA,0,NA,NA,NA,NA,NA,NA,2,0,0,NA,1,NA,NA,NA,NA,0,NA,NA,NA,NA,0,NA,NA,NA,568,247,NA,1,NA,NA,NA,NA,NA,NA,NA,1,NA,0,NA,NA,6,NA,NA,NA,NA,NA,NA,9.041394335511981,NA,NA,NA,NA,NA,NA,NA,NA,NA,NA,NA,0,NA,NA,NA,NA,NA,NA,0.2178649237472767,0,0,NA,0.10893246187363835,NA,NA,NA,NA,0,NA,NA,NA,NA,0,NA,NA,NA,61.87363834422658,26.906318082788673,NA,0.10893246187363835,NA,NA,NA,NA,NA,NA,NA,0.10893246187363835,NA,0,NA,NA,0.6535947712418301,NA,NA
32017,2012,32,Ourense,17,Carballeda de Valdeorras,1304,725,579,11,7,707,714,55.598159509202446,0,15,NA,NA,49,NA,0,NA,0,NA,NA,NA,NA,1,0,NA,1,NA,2,NA,NA,NA,NA,NA,0,NA,NA,NA,0,NA,NA,NA,NA,NA,0,NA,0,0,0,NA,NA,494,130,1,1,0,NA,NA,0,12,0,NA,NA,0,NA,NA,0,1,NA,NA,0,2.100840336134454,NA,NA,6.862745098039216,NA,0,NA,0,NA,NA,NA,NA,0.1400560224089636,0,NA,0.1400560224089636,NA,0.2801120448179272,NA,NA,NA,NA,NA,0,NA,NA,NA,0,NA,NA,NA,NA,NA,0,NA,0,0,0,NA,NA,69.187675070028,18.207282913165265,0.1400560224089636,0.1400560224089636,0,NA,NA,0,1.680672268907563,0,NA,NA,0,NA,NA,0,0.1400560224089636,NA,NA
32017,2016,32,Ourense,17,Carballeda de Valdeorras,1242,754,488,4,2,748,750,60.7085346215781,0,NA,0,NA,NA,12,0,0,NA,NA,NA,NA,20,1,NA,NA,5,NA,0,NA,NA,45,NA,NA,NA,NA,2,NA,NA,NA,NA,NA,NA,0,1,0,0,NA,NA,NA,NA,551,111,NA,NA,NA,0,NA,NA,NA,NA,NA,NA,NA,NA,0,NA,NA,0,NA,0,NA,0,NA,NA,1.6,0,0,NA,NA,NA,NA,2.666666666666667,0.13333333333333333,NA,NA,0.6666666666666667,NA,0,NA,NA,6,NA,NA,NA,NA,0.26666666666666666,NA,NA,NA,NA,NA,NA,0,0.13333333333333333,0,0,NA,NA,NA,NA,73.46666666666667,14.799999999999999,NA,NA,NA,0,NA,NA,NA,NA,NA,NA,NA,NA,0,NA,NA,0,NA
32017,2020,32,Ourense,17,Carballeda de Valdeorras,1174,693,481,3,7,683,690,59.028960817717206,NA,NA,NA,NA,38,NA,NA,NA,NA,NA,1174,0,3,NA,NA,NA,NA,NA,0,NA,NA,0,NA,NA,NA,NA,NA,NA,NA,NA,NA,NA,NA,NA,0,NA,1,NA,NA,NA,11,480,99,NA,0,NA,NA,18,NA,NA,NA,NA,NA,NA,NA,NA,NA,NA,NA,33,NA,NA,NA,NA,5.507246376811594,NA,NA,NA,NA,NA,170.1449275362319,0,0.43478260869565216,NA,NA,NA,NA,NA,0,NA,NA,0,NA,NA,NA,NA,NA,NA,NA,NA,NA,NA,NA,NA,0,NA,0.14492753623188406,NA,NA,NA,1.5942028985507246,69.56521739130434,14.347826086956522,NA,0,NA,NA,2.608695652173913,NA,NA,NA,NA,NA,NA,NA,NA,NA,NA,NA,4.782608695652174
32017,2024,32,Ourense,17,Carballeda de Valdeorras,1068,735,333,3,2,730,732,68.82022471910112,NA,NA,NA,NA,92,NA,NA,NA,NA,NA,1068,NA,NA,NA,NA,NA,8,NA,1,14,NA,NA,NA,NA,NA,NA,NA,NA,NA,NA,NA,NA,NA,NA,1,NA,NA,NA,NA,1,NA,513,84,NA,0,NA,NA,NA,NA,NA,NA,3,NA,NA,NA,NA,NA,NA,NA,13,NA,NA,NA,NA,12.568306010928962,NA,NA,NA,NA,NA,145.9016393442623,NA,NA,NA,NA,NA,1.092896174863388,NA,0.1366120218579235,1.912568306010929,NA,NA,NA,NA,NA,NA,NA,NA,NA,NA,NA,NA,NA,NA,0.1366120218579235,NA,NA,NA,NA,0.1366120218579235,NA,70.08196721311475,11.475409836065573,NA,0,NA,NA,NA,NA,NA,NA,0.4098360655737705,NA,NA,NA,NA,NA,NA,NA,1.7759562841530054
32018,2001,32,Ourense,18,Carballeda de Avia,1453,1009,444,8,9,992,1001,69.44253269098417,NA,NA,NA,1,115,NA,NA,NA,NA,NA,NA,NA,NA,NA,NA,NA,NA,83,NA,NA,0,NA,NA,3,NA,1,NA,NA,NA,NA,NA,NA,NA,NA,NA,NA,NA,0,NA,NA,NA,536,253,NA,NA,NA,NA,NA,NA,NA,0,NA,NA,NA,NA,NA,NA,NA,NA,NA,NA,NA,NA,0.0999000999000999,11.488511488511488,NA,NA,NA,NA,NA,NA,NA,NA,NA,NA,NA,NA,8.291708291708291,NA,NA,0,NA,NA,0.2997002997002997,NA,0.0999000999000999,NA,NA,NA,NA,NA,NA,NA,NA,NA,NA,NA,0,NA,NA,NA,53.54645354645354,25.274725274725274,NA,NA,NA,NA,NA,NA,NA,0,NA,NA,NA,NA,NA,NA,NA,NA,NA
32018,2005,32,Ourense,18,Carballeda de Avia,1430,1119,311,4,5,1110,1115,78.25174825174825,NA,NA,NA,0,100,NA,NA,NA,NA,0,NA,NA,NA,NA,NA,NA,1,NA,NA,NA,NA,NA,NA,2,1,1,NA,NA,NA,NA,NA,NA,1,NA,NA,NA,NA,1,NA,NA,NA,430,573,NA,NA,NA,NA,NA,NA,NA,NA,NA,NA,NA,NA,NA,NA,NA,NA,NA,NA,NA,NA,0,8.968609865470851,NA,NA,NA,NA,0,NA,NA,NA,NA,NA,NA,0.08968609865470852,NA,NA,NA,NA,NA,NA,0.17937219730941703,0.08968609865470852,0.08968609865470852,NA,NA,NA,NA,NA,NA,0.08968609865470852,NA,NA,NA,NA,0.08968609865470852,NA,NA,NA,38.56502242152467,51.39013452914798,NA,NA,NA,NA,NA,NA,NA,NA,NA,NA,NA,NA,NA,NA,NA,NA,NA
32018,2009,32,Ourense,18,Carballeda de Avia,1375,1165,210,14,7,1144,1151,84.72727272727273,NA,NA,NA,NA,83,NA,NA,NA,NA,NA,NA,NA,NA,NA,NA,NA,1,NA,NA,NA,NA,NA,NA,0,1,4,NA,0,NA,NA,NA,NA,1,NA,NA,NA,NA,0,NA,NA,NA,386,662,NA,2,NA,NA,NA,NA,NA,NA,NA,3,NA,0,NA,NA,1,NA,NA,NA,NA,NA,NA,7.211120764552563,NA,NA,NA,NA,NA,NA,NA,NA,NA,NA,NA,0.08688097306689835,NA,NA,NA,NA,NA,NA,0,0.08688097306689835,0.3475238922675934,NA,0,NA,NA,NA,NA,0.08688097306689835,NA,NA,NA,NA,0,NA,NA,NA,33.53605560382276,57.51520417028671,NA,0.1737619461337967,NA,NA,NA,NA,NA,NA,NA,0.26064291920069504,NA,0,NA,NA,0.08688097306689835,NA,NA
32018,2012,32,Ourense,18,Carballeda de Avia,1318,1016,302,27,12,977,989,77.08649468892261,0,30,NA,NA,45,NA,0,NA,0,NA,NA,NA,NA,4,0,NA,0,NA,11,NA,NA,NA,NA,NA,0,NA,NA,NA,0,NA,NA,NA,NA,NA,1,NA,0,0,1,NA,NA,375,505,0,0,0,NA,NA,0,5,0,NA,NA,0,NA,NA,0,0,NA,NA,0,3.0333670374115265,NA,NA,4.550050556117291,NA,0,NA,0,NA,NA,NA,NA,0.40444893832153694,0,NA,0,NA,1.1122345803842264,NA,NA,NA,NA,NA,0,NA,NA,NA,0,NA,NA,NA,NA,NA,0.10111223458038424,NA,0,0,0.10111223458038424,NA,NA,37.917087967644086,51.061678463094026,0,0,0,NA,NA,0,0.5055611729019212,0,NA,NA,0,NA,NA,0,0,NA,NA
32018,2016,32,Ourense,18,Carballeda de Avia,1239,961,278,11,4,946,950,77.56255044390637,0,NA,0,NA,NA,29,0,0,NA,NA,NA,NA,25,3,NA,NA,5,NA,0,NA,NA,93,NA,NA,NA,NA,2,NA,NA,NA,NA,NA,NA,0,2,1,2,NA,NA,NA,NA,399,383,NA,NA,NA,2,NA,NA,NA,NA,NA,NA,NA,NA,0,NA,NA,0,NA,0,NA,0,NA,NA,3.052631578947368,0,0,NA,NA,NA,NA,2.631578947368421,0.3157894736842105,NA,NA,0.5263157894736842,NA,0,NA,NA,9.789473684210526,NA,NA,NA,NA,0.21052631578947367,NA,NA,NA,NA,NA,NA,0,0.21052631578947367,0.10526315789473684,0.21052631578947367,NA,NA,NA,NA,42,40.31578947368421,NA,NA,NA,0.21052631578947367,NA,NA,NA,NA,NA,NA,NA,NA,0,NA,NA,0,NA
32018,2020,32,Ourense,18,Carballeda de Avia,1165,883,282,15,5,863,868,75.79399141630901,NA,NA,NA,NA,89,NA,NA,NA,NA,NA,1165,0,0,NA,NA,NA,NA,NA,0,NA,NA,1,NA,NA,NA,NA,NA,NA,NA,NA,NA,NA,NA,NA,4,NA,0,NA,NA,NA,12,357,385,NA,0,NA,NA,0,NA,NA,NA,NA,NA,NA,NA,NA,NA,NA,NA,15,NA,NA,NA,NA,10.253456221198157,NA,NA,NA,NA,NA,134.21658986175115,0,0,NA,NA,NA,NA,NA,0,NA,NA,0.1152073732718894,NA,NA,NA,NA,NA,NA,NA,NA,NA,NA,NA,NA,0.4608294930875576,NA,0,NA,NA,NA,1.3824884792626728,41.12903225806452,44.354838709677416,NA,0,NA,NA,0,NA,NA,NA,NA,NA,NA,NA,NA,NA,NA,NA,1.7281105990783412
32018,2024,32,Ourense,18,Carballeda de Avia,1100,803,297,10,5,788,793,73,NA,NA,NA,NA,148,NA,NA,NA,NA,NA,1100,NA,NA,NA,NA,NA,19,NA,1,1,NA,NA,NA,NA,NA,NA,NA,NA,NA,NA,NA,NA,NA,NA,1,NA,NA,NA,NA,2,NA,378,223,NA,0,NA,NA,NA,NA,NA,NA,1,NA,NA,NA,NA,NA,NA,NA,14,NA,NA,NA,NA,18.66330390920555,NA,NA,NA,NA,NA,138.71374527112232,NA,NA,NA,NA,NA,2.3959646910466583,NA,0.12610340479192939,0.12610340479192939,NA,NA,NA,NA,NA,NA,NA,NA,NA,NA,NA,NA,NA,NA,0.12610340479192939,NA,NA,NA,NA,0.25220680958385877,NA,47.66708701134931,28.121059268600252,NA,0,NA,NA,NA,NA,NA,NA,0.12610340479192939,NA,NA,NA,NA,NA,NA,NA,1.7654476670870116
32019,2001,32,Ourense,19,Carballiño (O),10520,7107,3413,53,85,6969,7054,67.55703422053232,NA,NA,NA,9,1480,NA,NA,NA,NA,NA,NA,NA,NA,NA,NA,NA,NA,4,NA,NA,13,NA,NA,16,NA,20,NA,NA,NA,NA,NA,NA,NA,NA,NA,NA,NA,10,NA,NA,NA,3737,1680,NA,NA,NA,NA,NA,NA,NA,0,NA,NA,NA,NA,NA,NA,NA,NA,NA,NA,NA,NA,0.12758718457612703,20.981003685852,NA,NA,NA,NA,NA,NA,NA,NA,NA,NA,NA,NA,0.05670541536716756,NA,NA,0.18429259994329458,NA,NA,0.22682166146867025,NA,0.28352707683583783,NA,NA,NA,NA,NA,NA,NA,NA,NA,NA,NA,0.14176353841791892,NA,NA,NA,52.9770343067763,23.816274454210376,NA,NA,NA,NA,NA,NA,NA,0,NA,NA,NA,NA,NA,NA,NA,NA,NA
32019,2005,32,Ourense,19,Carballiño (O),11085,7979,3106,42,62,7875,7937,71.98015336039694,NA,NA,NA,1,1197,NA,NA,NA,NA,1,NA,NA,NA,NA,NA,NA,6,NA,NA,NA,NA,NA,NA,13,2,19,NA,NA,NA,NA,NA,NA,2,NA,NA,NA,NA,3,NA,NA,NA,3657,2974,NA,NA,NA,NA,NA,NA,NA,NA,NA,NA,NA,NA,NA,NA,NA,NA,NA,NA,NA,NA,0.012599218848431397,15.081264961572383,NA,NA,NA,NA,0.012599218848431397,NA,NA,NA,NA,NA,NA,0.07559531309058838,NA,NA,NA,NA,NA,NA,0.16378984502960817,0.025198437696862794,0.23938515812019656,NA,NA,NA,NA,NA,NA,0.025198437696862794,NA,NA,NA,NA,0.03779765654529419,NA,NA,NA,46.07534332871362,37.47007685523497,NA,NA,NA,NA,NA,NA,NA,NA,NA,NA,NA,NA,NA,NA,NA,NA,NA
32019,2009,32,Ourense,19,Carballiño (O),11339,8380,2959,80,101,8199,8300,73.90422435840904,NA,NA,NA,NA,1183,NA,NA,NA,NA,NA,NA,NA,NA,NA,NA,NA,8,NA,NA,NA,NA,NA,NA,31,3,11,NA,0,NA,NA,NA,NA,3,NA,NA,NA,NA,5,NA,NA,NA,3551,3312,NA,16,NA,NA,NA,NA,NA,NA,NA,17,NA,4,NA,NA,55,NA,NA,NA,NA,NA,NA,14.25301204819277,NA,NA,NA,NA,NA,NA,NA,NA,NA,NA,NA,0.09638554216867469,NA,NA,NA,NA,NA,NA,0.3734939759036145,0.03614457831325301,0.1325301204819277,NA,0,NA,NA,NA,NA,0.03614457831325301,NA,NA,NA,NA,0.06024096385542169,NA,NA,NA,42.78313253012048,39.903614457831324,NA,0.19277108433734938,NA,NA,NA,NA,NA,NA,NA,0.20481927710843373,NA,0.048192771084337345,NA,NA,0.6626506024096386,NA,NA
32019,2012,32,Ourense,19,Carballiño (O),11561,8086,3475,173,132,7781,7913,69.9420465357668,0,430,NA,NA,423,NA,2,NA,3,NA,NA,NA,NA,32,0,NA,22,NA,89,NA,NA,NA,NA,NA,6,NA,NA,NA,0,NA,NA,NA,NA,NA,27,NA,0,0,11,NA,NA,3735,2857,13,11,0,NA,NA,0,85,0,NA,NA,2,NA,NA,0,33,NA,NA,0,5.434095791735119,NA,NA,5.345633767218501,NA,0.025274864147605207,NA,0.03791229622140781,NA,NA,NA,NA,0.4043978263616833,0,NA,0.27802350562365724,NA,1.1247314545684317,NA,NA,NA,NA,NA,0.07582459244281561,NA,NA,NA,0,NA,NA,NA,NA,NA,0.3412106659926703,NA,0,0,0.13901175281182862,NA,NA,47.20080879565272,36.105143434854035,0.16428661695943383,0.13901175281182862,0,NA,NA,0,1.0741817262732214,0,NA,NA,0.025274864147605207,NA,NA,0,0.41703525843548594,NA,NA
32019,2016,32,Ourense,19,O Carballiño,11532,7282,4252,76,83,7123,7206,63.14602844259451,0,NA,0,NA,NA,378,0,0,NA,NA,NA,NA,175,23,NA,NA,71,NA,0,NA,NA,884,NA,NA,NA,NA,8,NA,NA,NA,NA,NA,NA,0,82,12,6,NA,NA,NA,NA,4223,1253,NA,NA,NA,6,NA,NA,NA,NA,NA,NA,NA,NA,0,NA,NA,2,NA,0,NA,0,NA,NA,5.245628642797668,0,0,NA,NA,NA,NA,2.4285317790729946,0.31917846239245073,NA,NA,0.9852900360810437,NA,0,NA,NA,12.267554815431584,NA,NA,NA,NA,0.11101859561476549,NA,NA,NA,NA,NA,NA,0,1.137940605051346,0.16652789342214822,0.08326394671107411,NA,NA,NA,NA,58.60394116014432,17.388287538162643,NA,NA,NA,0.08326394671107411,NA,NA,NA,NA,NA,NA,NA,NA,0,NA,NA,0.02775464890369137,NA
32019,2020,32,Ourense,19,O Carballiño,11457,6745,4712,75,50,6620,6670,58.872305140961856,NA,NA,NA,NA,1033,NA,NA,NA,NA,NA,11457,5,46,NA,NA,NA,NA,NA,3,NA,NA,4,NA,NA,NA,NA,NA,NA,NA,NA,NA,NA,NA,NA,27,NA,3,NA,NA,NA,157,3853,1091,NA,5,NA,NA,275,NA,NA,NA,NA,NA,NA,NA,NA,NA,NA,NA,118,NA,NA,NA,NA,15.487256371814093,NA,NA,NA,NA,NA,171.76911544227886,0.07496251874062969,0.6896551724137931,NA,NA,NA,NA,NA,0.04497751124437781,NA,NA,0.05997001499250374,NA,NA,NA,NA,NA,NA,NA,NA,NA,NA,NA,NA,0.4047976011994003,NA,0.04497751124437781,NA,NA,NA,2.3538230884557723,57.76611694152923,16.3568215892054,NA,0.07496251874062969,NA,NA,4.122938530734633,NA,NA,NA,NA,NA,NA,NA,NA,NA,NA,NA,1.7691154422788606
32019,2024,32,Ourense,19,O Carballiño,11281,7421,3860,57,54,7310,7364,65.78317525042107,NA,NA,NA,NA,1629,NA,NA,NA,NA,NA,11281,NA,NA,NA,NA,NA,293,NA,11,254,NA,NA,NA,NA,NA,NA,NA,NA,NA,NA,NA,NA,NA,NA,20,NA,NA,NA,NA,13,NA,4168,720,NA,2,NA,NA,NA,NA,NA,NA,52,NA,NA,NA,NA,NA,NA,NA,148,NA,NA,NA,NA,22.121129820749594,NA,NA,NA,NA,NA,153.19120043454643,NA,NA,NA,NA,NA,3.9788158609451383,NA,0.14937533948940793,3.4492123845736016,NA,NA,NA,NA,NA,NA,NA,NA,NA,NA,NA,NA,NA,NA,0.27159152634437805,NA,NA,NA,NA,0.17653449212384573,NA,56.599674090168385,9.777294948397609,NA,0.027159152634437803,NA,NA,NA,NA,NA,NA,0.7061379684953829,NA,NA,NA,NA,NA,NA,NA,2.009777294948398
32020,2001,32,Ourense,20,Cartelle,3479,2504,975,15,11,2478,2489,71.97470537510779,NA,NA,NA,1,634,NA,NA,NA,NA,NA,NA,NA,NA,NA,NA,NA,NA,1,NA,NA,4,NA,NA,0,NA,2,NA,NA,NA,NA,NA,NA,NA,NA,NA,NA,NA,3,NA,NA,NA,1589,244,NA,NA,NA,NA,NA,NA,NA,0,NA,NA,NA,NA,NA,NA,NA,NA,NA,NA,NA,NA,0.040176777822418644,25.472077139413418,NA,NA,NA,NA,NA,NA,NA,NA,NA,NA,NA,NA,0.040176777822418644,NA,NA,0.16070711128967458,NA,NA,0,NA,0.08035355564483729,NA,NA,NA,NA,NA,NA,NA,NA,NA,NA,NA,0.12053033346725592,NA,NA,NA,63.840899959823226,9.803133788670149,NA,NA,NA,NA,NA,NA,NA,0,NA,NA,NA,NA,NA,NA,NA,NA,NA
32020,2005,32,Ourense,20,Cartelle,3246,2503,743,9,5,2489,2494,77.11028958718423,NA,NA,NA,2,556,NA,NA,NA,NA,1,NA,NA,NA,NA,NA,NA,2,NA,NA,NA,NA,NA,NA,3,2,1,NA,NA,NA,NA,NA,NA,0,NA,NA,NA,NA,0,NA,NA,NA,1418,504,NA,NA,NA,NA,NA,NA,NA,NA,NA,NA,NA,NA,NA,NA,NA,NA,NA,NA,NA,NA,0.08019246190858059,22.293504410585406,NA,NA,NA,NA,0.040096230954290296,NA,NA,NA,NA,NA,NA,0.08019246190858059,NA,NA,NA,NA,NA,NA,0.12028869286287089,0.08019246190858059,0.040096230954290296,NA,NA,NA,NA,NA,NA,0,NA,NA,NA,NA,0,NA,NA,NA,56.856455493183645,20.208500400962308,NA,NA,NA,NA,NA,NA,NA,NA,NA,NA,NA,NA,NA,NA,NA,NA,NA
32020,2009,32,Ourense,20,Cartelle,3077,2497,580,7,14,2476,2490,81.15047123821904,NA,NA,NA,NA,804,NA,NA,NA,NA,NA,NA,NA,NA,NA,NA,NA,2,NA,NA,NA,NA,NA,NA,1,1,3,NA,0,NA,NA,NA,NA,0,NA,NA,NA,NA,0,NA,NA,NA,1252,403,NA,3,NA,NA,NA,NA,NA,NA,NA,2,NA,0,NA,NA,5,NA,NA,NA,NA,NA,NA,32.28915662650602,NA,NA,NA,NA,NA,NA,NA,NA,NA,NA,NA,0.08032128514056225,NA,NA,NA,NA,NA,NA,0.040160642570281124,0.040160642570281124,0.12048192771084339,NA,0,NA,NA,NA,NA,0,NA,NA,NA,NA,0,NA,NA,NA,50.28112449799197,16.184738955823295,NA,0.12048192771084339,NA,NA,NA,NA,NA,NA,NA,0.08032128514056225,NA,0,NA,NA,0.2008032128514056,NA,NA
32020,2012,32,Ourense,20,Cartelle,2873,2147,726,36,28,2083,2111,74.73024712843717,0,77,NA,NA,417,NA,0,NA,1,NA,NA,NA,NA,7,0,NA,13,NA,5,NA,NA,NA,NA,NA,2,NA,NA,NA,0,NA,NA,NA,NA,NA,0,NA,0,0,5,NA,NA,1208,332,0,2,0,NA,NA,0,12,0,NA,NA,0,NA,NA,0,2,NA,NA,0,3.64756039791568,NA,NA,19.753671245855045,NA,0,NA,0.047370914258645196,NA,NA,NA,NA,0.33159639981051636,0,NA,0.6158218853623875,NA,0.23685457129322599,NA,NA,NA,NA,NA,0.09474182851729039,NA,NA,NA,0,NA,NA,NA,NA,NA,0,NA,0,0,0.23685457129322599,NA,NA,57.22406442444339,15.727143533870203,0,0.09474182851729039,0,NA,NA,0,0.5684509711037423,0,NA,NA,0,NA,NA,0,0.09474182851729039,NA,NA
32020,2016,32,Ourense,20,Cartelle,2553,1901,652,15,4,1882,1886,74.46141793967881,0,NA,0,NA,NA,191,0,0,NA,NA,NA,NA,21,2,NA,NA,30,NA,0,NA,NA,150,NA,NA,NA,NA,0,NA,NA,NA,NA,NA,NA,0,5,1,0,NA,NA,NA,NA,1203,277,NA,NA,NA,1,NA,NA,NA,NA,NA,NA,NA,NA,0,NA,NA,1,NA,0,NA,0,NA,NA,10.127253446447508,0,0,NA,NA,NA,NA,1.1134676564156947,0.10604453870625664,NA,NA,1.5906680805938493,NA,0,NA,NA,7.953340402969247,NA,NA,NA,NA,0,NA,NA,NA,NA,NA,NA,0,0.2651113467656416,0.05302226935312832,0,NA,NA,NA,NA,63.78579003181336,14.687168610816542,NA,NA,NA,0.05302226935312832,NA,NA,NA,NA,NA,NA,NA,NA,0,NA,NA,0.05302226935312832,NA
32020,2020,32,Ourense,20,Cartelle,2381,1699,682,12,2,1685,1687,71.35657286854263,NA,NA,NA,NA,266,NA,NA,NA,NA,NA,2381,0,3,NA,NA,NA,NA,NA,0,NA,NA,1,NA,NA,NA,NA,NA,NA,NA,NA,NA,NA,NA,NA,2,NA,0,NA,NA,NA,12,1098,281,NA,0,NA,NA,1,NA,NA,NA,NA,NA,NA,NA,NA,NA,NA,NA,21,NA,NA,NA,NA,15.767634854771783,NA,NA,NA,NA,NA,141.13811499703615,0,0.17783046828689983,NA,NA,NA,NA,NA,0,NA,NA,0.05927682276229994,NA,NA,NA,NA,NA,NA,NA,NA,NA,NA,NA,NA,0.11855364552459988,NA,0,NA,NA,NA,0.7113218731475993,65.08595139300533,16.65678719620628,NA,0,NA,NA,0.05927682276229994,NA,NA,NA,NA,NA,NA,NA,NA,NA,NA,NA,1.2448132780082988
32020,2024,32,Ourense,20,Cartelle,2309,1717,592,3,5,1709,1714,74.3611953226505,NA,NA,NA,NA,383,NA,NA,NA,NA,NA,2309,NA,NA,NA,NA,NA,68,NA,0,0,NA,NA,NA,NA,NA,NA,NA,NA,NA,NA,NA,NA,NA,NA,1,NA,NA,NA,NA,0,NA,1068,168,NA,0,NA,NA,NA,NA,NA,NA,4,NA,NA,NA,NA,NA,NA,NA,17,NA,NA,NA,NA,22.345390898483082,NA,NA,NA,NA,NA,134.71411901983663,NA,NA,NA,NA,NA,3.9673278879813303,NA,0,0,NA,NA,NA,NA,NA,NA,NA,NA,NA,NA,NA,NA,NA,NA,0.05834305717619603,NA,NA,NA,NA,0,NA,62.31038506417737,9.801633605600934,NA,0,NA,NA,NA,NA,NA,NA,0.2333722287047841,NA,NA,NA,NA,NA,NA,NA,0.9918319719953326
32021,2001,32,Ourense,21,Castrelo do Val,1178,781,397,4,2,775,777,66.29881154499151,NA,NA,NA,0,158,NA,NA,NA,NA,NA,NA,NA,NA,NA,NA,NA,NA,2,NA,NA,0,NA,NA,0,NA,1,NA,NA,NA,NA,NA,NA,NA,NA,NA,NA,NA,0,NA,NA,NA,349,265,NA,NA,NA,NA,NA,NA,NA,0,NA,NA,NA,NA,NA,NA,NA,NA,NA,NA,NA,NA,0,20.334620334620336,NA,NA,NA,NA,NA,NA,NA,NA,NA,NA,NA,NA,0.2574002574002574,NA,NA,0,NA,NA,0,NA,0.1287001287001287,NA,NA,NA,NA,NA,NA,NA,NA,NA,NA,NA,0,NA,NA,NA,44.91634491634492,34.105534105534105,NA,NA,NA,NA,NA,NA,NA,0,NA,NA,NA,NA,NA,NA,NA,NA,NA
32021,2005,32,Ourense,21,Castrelo do Val,1129,853,276,1,4,848,852,75.55358724534986,NA,NA,NA,0,112,NA,NA,NA,NA,0,NA,NA,NA,NA,NA,NA,0,NA,NA,NA,NA,NA,NA,0,0,3,NA,NA,NA,NA,NA,NA,0,NA,NA,NA,NA,0,NA,NA,NA,315,418,NA,NA,NA,NA,NA,NA,NA,NA,NA,NA,NA,NA,NA,NA,NA,NA,NA,NA,NA,NA,0,13.145539906103288,NA,NA,NA,NA,0,NA,NA,NA,NA,NA,NA,0,NA,NA,NA,NA,NA,NA,0,0,0.35211267605633806,NA,NA,NA,NA,NA,NA,0,NA,NA,NA,NA,0,NA,NA,NA,36.971830985915496,49.06103286384976,NA,NA,NA,NA,NA,NA,NA,NA,NA,NA,NA,NA,NA,NA,NA,NA,NA
32021,2009,32,Ourense,21,Castrelo do Val,1096,876,220,7,2,867,869,79.92700729927007,NA,NA,NA,NA,106,NA,NA,NA,NA,NA,NA,NA,NA,NA,NA,NA,0,NA,NA,NA,NA,NA,NA,2,0,2,NA,0,NA,NA,NA,NA,1,NA,NA,NA,NA,2,NA,NA,NA,238,512,NA,2,NA,NA,NA,NA,NA,NA,NA,0,NA,0,NA,NA,2,NA,NA,NA,NA,NA,NA,12.197928653624857,NA,NA,NA,NA,NA,NA,NA,NA,NA,NA,NA,0,NA,NA,NA,NA,NA,NA,0.23014959723820483,0,0.23014959723820483,NA,0,NA,NA,NA,NA,0.11507479861910241,NA,NA,NA,NA,0.23014959723820483,NA,NA,NA,27.387802071346375,58.918296892980436,NA,0.23014959723820483,NA,NA,NA,NA,NA,NA,NA,0,NA,0,NA,NA,0.23014959723820483,NA,NA
32021,2012,32,Ourense,21,Castrelo do Val,1041,735,306,10,13,712,725,70.60518731988472,0,34,NA,NA,50,NA,0,NA,0,NA,NA,NA,NA,10,0,NA,0,NA,1,NA,NA,NA,NA,NA,0,NA,NA,NA,0,NA,NA,NA,NA,NA,1,NA,0,0,0,NA,NA,275,333,1,0,0,NA,NA,0,4,0,NA,NA,0,NA,NA,0,3,NA,NA,0,4.689655172413794,NA,NA,6.896551724137931,NA,0,NA,0,NA,NA,NA,NA,1.3793103448275863,0,NA,0,NA,0.13793103448275862,NA,NA,NA,NA,NA,0,NA,NA,NA,0,NA,NA,NA,NA,NA,0.13793103448275862,NA,0,0,0,NA,NA,37.93103448275862,45.93103448275862,0.13793103448275862,0,0,NA,NA,0,0.5517241379310345,0,NA,NA,0,NA,NA,0,0.41379310344827586,NA,NA
32021,2016,32,Ourense,21,Castrelo do Val,935,644,291,3,2,639,641,68.87700534759358,0,NA,0,NA,NA,59,0,0,NA,NA,NA,NA,9,1,NA,NA,2,NA,0,NA,NA,68,NA,NA,NA,NA,0,NA,NA,NA,NA,NA,NA,0,2,0,1,NA,NA,NA,NA,277,217,NA,NA,NA,3,NA,NA,NA,NA,NA,NA,NA,NA,0,NA,NA,0,NA,0,NA,0,NA,NA,9.204368174726989,0,0,NA,NA,NA,NA,1.40405616224649,0.15600624024961,NA,NA,0.31201248049922,NA,0,NA,NA,10.60842433697348,NA,NA,NA,NA,0,NA,NA,NA,NA,NA,NA,0,0.31201248049922,0,0.15600624024961,NA,NA,NA,NA,43.21372854914197,33.853354134165365,NA,NA,NA,0.46801872074883,NA,NA,NA,NA,NA,NA,NA,NA,0,NA,NA,0,NA
32021,2020,32,Ourense,21,Castrelo do Val,856,529,327,3,3,523,526,61.79906542056075,NA,NA,NA,NA,134,NA,NA,NA,NA,NA,856,0,1,NA,NA,NA,NA,NA,0,NA,NA,1,NA,NA,NA,NA,NA,NA,NA,NA,NA,NA,NA,NA,5,NA,0,NA,NA,NA,4,186,174,NA,0,NA,NA,12,NA,NA,NA,NA,NA,NA,NA,NA,NA,NA,NA,6,NA,NA,NA,NA,25.475285171102662,NA,NA,NA,NA,NA,162.73764258555133,0,0.19011406844106463,NA,NA,NA,NA,NA,0,NA,NA,0.19011406844106463,NA,NA,NA,NA,NA,NA,NA,NA,NA,NA,NA,NA,0.9505703422053232,NA,0,NA,NA,NA,0.7604562737642585,35.361216730038024,33.07984790874524,NA,0,NA,NA,2.2813688212927756,NA,NA,NA,NA,NA,NA,NA,NA,NA,NA,NA,1.1406844106463878
32021,2024,32,Ourense,21,Castrelo do Val,857,610,247,3,6,601,607,71.17852975495916,NA,NA,NA,NA,146,NA,NA,NA,NA,NA,857,NA,NA,NA,NA,NA,9,NA,2,0,NA,NA,NA,NA,NA,NA,NA,NA,NA,NA,NA,NA,NA,NA,5,NA,NA,NA,NA,1,NA,257,171,NA,0,NA,NA,NA,NA,NA,NA,3,NA,NA,NA,NA,NA,NA,NA,7,NA,NA,NA,NA,24.052718286655683,NA,NA,NA,NA,NA,141.1861614497529,NA,NA,NA,NA,NA,1.4827018121911038,NA,0.3294892915980231,0,NA,NA,NA,NA,NA,NA,NA,NA,NA,NA,NA,NA,NA,NA,0.8237232289950577,NA,NA,NA,NA,0.16474464579901155,NA,42.33937397034596,28.171334431630974,NA,0,NA,NA,NA,NA,NA,NA,0.4942339373970346,NA,NA,NA,NA,NA,NA,NA,1.1532125205930808
32022,2001,32,Ourense,22,Castrelo de Miño,1885,1436,449,10,12,1414,1426,76.18037135278514,NA,NA,NA,4,233,NA,NA,NA,NA,NA,NA,NA,NA,NA,NA,NA,NA,3,NA,NA,1,NA,NA,6,NA,1,NA,NA,NA,NA,NA,NA,NA,NA,NA,NA,NA,0,NA,NA,NA,867,299,NA,NA,NA,NA,NA,NA,NA,0,NA,NA,NA,NA,NA,NA,NA,NA,NA,NA,NA,NA,0.2805049088359046,16.339410939691447,NA,NA,NA,NA,NA,NA,NA,NA,NA,NA,NA,NA,0.21037868162692847,NA,NA,0.07012622720897616,NA,NA,0.42075736325385693,NA,0.07012622720897616,NA,NA,NA,NA,NA,NA,NA,NA,NA,NA,NA,0,NA,NA,NA,60.79943899018233,20.967741935483872,NA,NA,NA,NA,NA,NA,NA,0,NA,NA,NA,NA,NA,NA,NA,NA,NA
32022,2005,32,Ourense,22,Castrelo de Miño,1796,1409,387,3,11,1395,1406,78.4521158129176,NA,NA,NA,3,173,NA,NA,NA,NA,0,NA,NA,NA,NA,NA,NA,1,NA,NA,NA,NA,NA,NA,1,0,2,NA,NA,NA,NA,NA,NA,1,NA,NA,NA,NA,0,NA,NA,NA,790,424,NA,NA,NA,NA,NA,NA,NA,NA,NA,NA,NA,NA,NA,NA,NA,NA,NA,NA,NA,NA,0.21337126600284498,12.304409672830726,NA,NA,NA,NA,0,NA,NA,NA,NA,NA,NA,0.07112375533428165,NA,NA,NA,NA,NA,NA,0.07112375533428165,0,0.1422475106685633,NA,NA,NA,NA,NA,NA,0.07112375533428165,NA,NA,NA,NA,0,NA,NA,NA,56.1877667140825,30.156472261735416,NA,NA,NA,NA,NA,NA,NA,NA,NA,NA,NA,NA,NA,NA,NA,NA,NA
32022,2009,32,Ourense,22,Castrelo de Miño,1700,1341,359,12,6,1323,1329,78.88235294117646,NA,NA,NA,NA,364,NA,NA,NA,NA,NA,NA,NA,NA,NA,NA,NA,0,NA,NA,NA,NA,NA,NA,2,0,1,NA,0,NA,NA,NA,NA,1,NA,NA,NA,NA,0,NA,NA,NA,625,322,NA,1,NA,NA,NA,NA,NA,NA,NA,3,NA,0,NA,NA,4,NA,NA,NA,NA,NA,NA,27.389014296463504,NA,NA,NA,NA,NA,NA,NA,NA,NA,NA,NA,0,NA,NA,NA,NA,NA,NA,0.15048908954100826,0,0.07524454477050413,NA,0,NA,NA,NA,NA,0.07524454477050413,NA,NA,NA,NA,0,NA,NA,NA,47.027840481565086,24.228743416102333,NA,0.07524454477050413,NA,NA,NA,NA,NA,NA,NA,0.2257336343115124,NA,0,NA,NA,0.3009781790820165,NA,NA
32022,2012,32,Ourense,22,Castrelo de Miño,1529,1092,437,20,12,1060,1072,71.41922825376062,0,49,NA,NA,273,NA,3,NA,1,NA,NA,NA,NA,9,0,NA,4,NA,5,NA,NA,NA,NA,NA,1,NA,NA,NA,0,NA,NA,NA,NA,NA,1,NA,0,0,1,NA,NA,472,219,0,1,1,NA,NA,0,18,0,NA,NA,0,NA,NA,0,2,NA,NA,0,4.57089552238806,NA,NA,25.466417910447763,NA,0.2798507462686567,NA,0.09328358208955223,NA,NA,NA,NA,0.8395522388059702,0,NA,0.3731343283582089,NA,0.46641791044776115,NA,NA,NA,NA,NA,0.09328358208955223,NA,NA,NA,0,NA,NA,NA,NA,NA,0.09328358208955223,NA,0,0,0.09328358208955223,NA,NA,44.02985074626866,20.42910447761194,0,0.09328358208955223,0.09328358208955223,NA,NA,0,1.6791044776119404,0,NA,NA,0,NA,NA,0,0.18656716417910446,NA,NA
32022,2016,32,Ourense,22,Castrelo de Miño,1333,857,476,4,4,849,853,64.29107276819205,0,NA,0,NA,NA,122,0,0,NA,NA,NA,NA,13,0,NA,NA,10,NA,0,NA,NA,76,NA,NA,NA,NA,1,NA,NA,NA,NA,NA,NA,0,8,1,0,NA,NA,NA,NA,444,174,NA,NA,NA,0,NA,NA,NA,NA,NA,NA,NA,NA,0,NA,NA,0,NA,0,NA,0,NA,NA,14.302461899179367,0,0,NA,NA,NA,NA,1.5240328253223916,0,NA,NA,1.1723329425556859,NA,0,NA,NA,8.909730363423213,NA,NA,NA,NA,0.11723329425556857,NA,NA,NA,NA,NA,NA,0,0.9378663540445485,0.11723329425556857,0,NA,NA,NA,NA,52.05158264947245,20.398593200468934,NA,NA,NA,0,NA,NA,NA,NA,NA,NA,NA,NA,0,NA,NA,0,NA
32022,2020,32,Ourense,22,Castrelo de Miño,1216,839,377,2,6,831,837,68.99671052631578,NA,NA,NA,NA,211,NA,NA,NA,NA,NA,1216,4,1,NA,NA,NA,NA,NA,1,NA,NA,0,NA,NA,NA,NA,NA,NA,NA,NA,NA,NA,NA,NA,0,NA,2,NA,NA,NA,15,417,176,NA,0,NA,NA,2,NA,NA,NA,NA,NA,NA,NA,NA,NA,NA,NA,2,NA,NA,NA,NA,25.209080047789723,NA,NA,NA,NA,NA,145.28076463560336,0.4778972520908005,0.11947431302270012,NA,NA,NA,NA,NA,0.11947431302270012,NA,NA,0,NA,NA,NA,NA,NA,NA,NA,NA,NA,NA,NA,NA,0,NA,0.23894862604540024,NA,NA,NA,1.7921146953405016,49.82078853046595,21.02747909199522,NA,0,NA,NA,0.23894862604540024,NA,NA,NA,NA,NA,NA,NA,NA,NA,NA,NA,0.23894862604540024
32022,2024,32,Ourense,22,Castrelo de Miño,1192,879,313,7,8,864,872,73.74161073825503,NA,NA,NA,NA,218,NA,NA,NA,NA,NA,1192,NA,NA,NA,NA,NA,22,NA,0,0,NA,NA,NA,NA,NA,NA,NA,NA,NA,NA,NA,NA,NA,NA,2,NA,NA,NA,NA,1,NA,471,140,NA,0,NA,NA,NA,NA,NA,NA,2,NA,NA,NA,NA,NA,NA,NA,8,NA,NA,NA,NA,25,NA,NA,NA,NA,NA,136.69724770642202,NA,NA,NA,NA,NA,2.522935779816514,NA,0,0,NA,NA,NA,NA,NA,NA,NA,NA,NA,NA,NA,NA,NA,NA,0.22935779816513763,NA,NA,NA,NA,0.11467889908256881,NA,54.01376146788991,16.055045871559635,NA,0,NA,NA,NA,NA,NA,NA,0.22935779816513763,NA,NA,NA,NA,NA,NA,NA,0.9174311926605505
32023,2001,32,Ourense,23,Castro Caldelas,1710,1273,437,6,8,1259,1267,74.44444444444444,NA,NA,NA,1,146,NA,NA,NA,NA,NA,NA,NA,NA,NA,NA,NA,NA,2,NA,NA,2,NA,NA,0,NA,1,NA,NA,NA,NA,NA,NA,NA,NA,NA,NA,NA,0,NA,NA,NA,579,528,NA,NA,NA,NA,NA,NA,NA,0,NA,NA,NA,NA,NA,NA,NA,NA,NA,NA,NA,NA,0.07892659826361484,11.523283346487766,NA,NA,NA,NA,NA,NA,NA,NA,NA,NA,NA,NA,0.15785319652722968,NA,NA,0.15785319652722968,NA,NA,0,NA,0.07892659826361484,NA,NA,NA,NA,NA,NA,NA,NA,NA,NA,NA,0,NA,NA,NA,45.69850039463299,41.67324388318863,NA,NA,NA,NA,NA,NA,NA,0,NA,NA,NA,NA,NA,NA,NA,NA,NA
32023,2005,32,Ourense,23,Castro Caldelas,1587,1270,317,18,4,1248,1252,80.0252047889099,NA,NA,NA,0,92,NA,NA,NA,NA,0,NA,NA,NA,NA,NA,NA,0,NA,NA,NA,NA,NA,NA,1,0,1,NA,NA,NA,NA,NA,NA,0,NA,NA,NA,NA,0,NA,NA,NA,513,641,NA,NA,NA,NA,NA,NA,NA,NA,NA,NA,NA,NA,NA,NA,NA,NA,NA,NA,NA,NA,0,7.348242811501597,NA,NA,NA,NA,0,NA,NA,NA,NA,NA,NA,0,NA,NA,NA,NA,NA,NA,0.07987220447284345,0,0.07987220447284345,NA,NA,NA,NA,NA,NA,0,NA,NA,NA,NA,0,NA,NA,NA,40.974440894568694,51.19808306709265,NA,NA,NA,NA,NA,NA,NA,NA,NA,NA,NA,NA,NA,NA,NA,NA,NA
32023,2009,32,Ourense,23,Castro Caldelas,1443,1108,335,15,10,1083,1093,76.78447678447678,NA,NA,NA,NA,78,NA,NA,NA,NA,NA,NA,NA,NA,NA,NA,NA,3,NA,NA,NA,NA,NA,NA,5,1,1,NA,1,NA,NA,NA,NA,0,NA,NA,NA,NA,0,NA,NA,NA,489,495,NA,5,NA,NA,NA,NA,NA,NA,NA,1,NA,0,NA,NA,4,NA,NA,NA,NA,NA,NA,7.136322049405306,NA,NA,NA,NA,NA,NA,NA,NA,NA,NA,NA,0.2744739249771272,NA,NA,NA,NA,NA,NA,0.4574565416285453,0.09149130832570906,0.09149130832570906,NA,0.09149130832570906,NA,NA,NA,NA,0,NA,NA,NA,NA,0,NA,NA,NA,44.73924977127173,45.28819762122598,NA,0.4574565416285453,NA,NA,NA,NA,NA,NA,NA,0.09149130832570906,NA,0,NA,NA,0.36596523330283626,NA,NA
32023,2012,32,Ourense,23,Castro Caldelas,1308,991,317,18,12,961,973,75.7645259938838,0,62,NA,NA,34,NA,0,NA,0,NA,NA,NA,NA,2,0,NA,6,NA,5,NA,NA,NA,NA,NA,1,NA,NA,NA,0,NA,NA,NA,NA,NA,1,NA,0,0,2,NA,NA,447,391,2,1,0,NA,NA,0,4,0,NA,NA,2,NA,NA,0,1,NA,NA,0,6.3720452209660845,NA,NA,3.494347379239465,NA,0,NA,0,NA,NA,NA,NA,0.20554984583761562,0,NA,0.6166495375128468,NA,0.513874614594039,NA,NA,NA,NA,NA,0.10277492291880781,NA,NA,NA,0,NA,NA,NA,NA,NA,0.10277492291880781,NA,0,0,0.20554984583761562,NA,NA,45.94039054470709,40.184994861253855,0.20554984583761562,0.10277492291880781,0,NA,NA,0,0.41109969167523125,0,NA,NA,0.20554984583761562,NA,NA,0,0.10277492291880781,NA,NA
32023,2016,32,Ourense,23,Castro Caldelas,1198,848,350,6,6,836,842,70.78464106844741,0,NA,0,NA,NA,16,0,0,NA,NA,NA,NA,17,0,NA,NA,6,NA,0,NA,NA,123,NA,NA,NA,NA,0,NA,NA,NA,NA,NA,NA,0,2,1,0,NA,NA,NA,NA,431,240,NA,NA,NA,0,NA,NA,NA,NA,NA,NA,NA,NA,0,NA,NA,0,NA,0,NA,0,NA,NA,1.9002375296912115,0,0,NA,NA,NA,NA,2.019002375296912,0,NA,NA,0.7125890736342043,NA,0,NA,NA,14.608076009501186,NA,NA,NA,NA,0,NA,NA,NA,NA,NA,NA,0,0.23752969121140144,0.11876484560570072,0,NA,NA,NA,NA,51.18764845605701,28.50356294536817,NA,NA,NA,0,NA,NA,NA,NA,NA,NA,NA,NA,0,NA,NA,0,NA
32023,2020,32,Ourense,23,Castro Caldelas,1098,797,301,9,7,781,788,72.58652094717668,NA,NA,NA,NA,89,NA,NA,NA,NA,NA,1098,1,6,NA,NA,NA,NA,NA,1,NA,NA,1,NA,NA,NA,NA,NA,NA,NA,NA,NA,NA,NA,NA,2,NA,0,NA,NA,NA,11,415,247,NA,1,NA,NA,0,NA,NA,NA,NA,NA,NA,NA,NA,NA,NA,NA,7,NA,NA,NA,NA,11.294416243654823,NA,NA,NA,NA,NA,139.34010152284264,0.12690355329949238,0.7614213197969544,NA,NA,NA,NA,NA,0.12690355329949238,NA,NA,0.12690355329949238,NA,NA,NA,NA,NA,NA,NA,NA,NA,NA,NA,NA,0.25380710659898476,NA,0,NA,NA,NA,1.3959390862944163,52.66497461928934,31.34517766497462,NA,0.12690355329949238,NA,NA,0,NA,NA,NA,NA,NA,NA,NA,NA,NA,NA,NA,0.8883248730964468
32023,2024,32,Ourense,23,Castro Caldelas,1101,790,311,8,2,780,782,71.75295186194369,NA,NA,NA,NA,143,NA,NA,NA,NA,NA,1101,NA,NA,NA,NA,NA,28,NA,0,0,NA,NA,NA,NA,NA,NA,NA,NA,NA,NA,NA,NA,NA,NA,5,NA,NA,NA,NA,0,NA,430,151,NA,1,NA,NA,NA,NA,NA,NA,2,NA,NA,NA,NA,NA,NA,NA,20,NA,NA,NA,NA,18.286445012787723,NA,NA,NA,NA,NA,140.7928388746803,NA,NA,NA,NA,NA,3.580562659846547,NA,0,0,NA,NA,NA,NA,NA,NA,NA,NA,NA,NA,NA,NA,NA,NA,0.639386189258312,NA,NA,NA,NA,0,NA,54.987212276214834,19.30946291560102,NA,0.1278772378516624,NA,NA,NA,NA,NA,NA,0.2557544757033248,NA,NA,NA,NA,NA,NA,NA,2.557544757033248
32024,2001,32,Ourense,24,Celanova,5118,3551,1567,22,38,3491,3529,69.38257131692068,NA,NA,NA,1,874,NA,NA,NA,NA,NA,NA,NA,NA,NA,NA,NA,NA,10,NA,NA,2,NA,NA,5,NA,12,NA,NA,NA,NA,NA,NA,NA,NA,NA,NA,NA,3,NA,NA,NA,2121,463,NA,NA,NA,NA,NA,NA,NA,0,NA,NA,NA,NA,NA,NA,NA,NA,NA,NA,NA,NA,0.028336639274582034,24.766222725984697,NA,NA,NA,NA,NA,NA,NA,NA,NA,NA,NA,NA,0.2833663927458203,NA,NA,0.05667327854916407,NA,NA,0.14168319637291016,NA,0.3400396712949844,NA,NA,NA,NA,NA,NA,NA,NA,NA,NA,NA,0.0850099178237461,NA,NA,NA,60.102011901388494,13.119863984131483,NA,NA,NA,NA,NA,NA,NA,0,NA,NA,NA,NA,NA,NA,NA,NA,NA
32024,2005,32,Ourense,24,Celanova,5211,3800,1411,7,20,3773,3793,72.92266359623872,NA,NA,NA,3,675,NA,NA,NA,NA,1,NA,NA,NA,NA,NA,NA,7,NA,NA,NA,NA,NA,NA,7,1,3,NA,NA,NA,NA,NA,NA,6,NA,NA,NA,NA,1,NA,NA,NA,1958,1111,NA,NA,NA,NA,NA,NA,NA,NA,NA,NA,NA,NA,NA,NA,NA,NA,NA,NA,NA,NA,0.07909306617453203,17.795939889269707,NA,NA,NA,NA,0.02636435539151068,NA,NA,NA,NA,NA,NA,0.18455048774057475,NA,NA,NA,NA,NA,NA,0.18455048774057475,0.02636435539151068,0.07909306617453203,NA,NA,NA,NA,NA,NA,0.15818613234906406,NA,NA,NA,NA,0.02636435539151068,NA,NA,NA,51.6214078565779,29.290798839968364,NA,NA,NA,NA,NA,NA,NA,NA,NA,NA,NA,NA,NA,NA,NA,NA,NA
32024,2009,32,Ourense,24,Celanova,5125,3847,1278,17,27,3803,3830,75.06341463414634,NA,NA,NA,NA,910,NA,NA,NA,NA,NA,NA,NA,NA,NA,NA,NA,2,NA,NA,NA,NA,NA,NA,7,2,1,NA,1,NA,NA,NA,NA,1,NA,NA,NA,NA,0,NA,NA,NA,1898,953,NA,3,NA,NA,NA,NA,NA,NA,NA,6,NA,0,NA,NA,19,NA,NA,NA,NA,NA,NA,23.759791122715406,NA,NA,NA,NA,NA,NA,NA,NA,NA,NA,NA,0.05221932114882506,NA,NA,NA,NA,NA,NA,0.18276762402088773,0.05221932114882506,0.02610966057441253,NA,0.02610966057441253,NA,NA,NA,NA,0.02610966057441253,NA,NA,NA,NA,0,NA,NA,NA,49.55613577023499,24.882506527415142,NA,0.0783289817232376,NA,NA,NA,NA,NA,NA,NA,0.1566579634464752,NA,0,NA,NA,0.4960835509138381,NA,NA
32024,2012,32,Ourense,24,Celanova,4978,3364,1614,50,67,3247,3314,67.57734029730815,0,204,NA,NA,456,NA,2,NA,4,NA,NA,NA,NA,83,0,NA,13,NA,14,NA,NA,NA,NA,NA,3,NA,NA,NA,0,NA,NA,NA,NA,NA,8,NA,0,0,11,NA,NA,1724,669,4,3,3,NA,NA,0,34,0,NA,NA,1,NA,NA,0,11,NA,NA,0,6.155703077851539,NA,NA,13.759806879903442,NA,0.06035003017501509,NA,0.12070006035003018,NA,NA,NA,NA,2.504526252263126,0,NA,0.3922751961375981,NA,0.4224502112251056,NA,NA,NA,NA,NA,0.09052504526252263,NA,NA,NA,0,NA,NA,NA,NA,NA,0.24140012070006037,NA,0,0,0.331925165962583,NA,NA,52.021726010863,20.18708509354255,0.12070006035003018,0.09052504526252263,0.09052504526252263,NA,NA,0,1.0259505129752564,0,NA,NA,0.030175015087507546,NA,NA,0,0.331925165962583,NA,NA
32024,2016,32,Ourense,24,Celanova,4805,3142,1663,27,24,3091,3115,65.39021852237254,0,NA,0,NA,NA,232,0,0,NA,NA,NA,NA,127,11,NA,NA,60,NA,0,NA,NA,350,NA,NA,NA,NA,5,NA,NA,NA,NA,NA,NA,0,23,4,2,NA,NA,NA,NA,1787,486,NA,NA,NA,4,NA,NA,NA,NA,NA,NA,NA,NA,0,NA,NA,0,NA,0,NA,0,NA,NA,7.447833065810594,0,0,NA,NA,NA,NA,4.077046548956662,0.3531300160513644,NA,NA,1.9261637239165328,NA,0,NA,NA,11.235955056179774,NA,NA,NA,NA,0.16051364365971107,NA,NA,NA,NA,NA,NA,0,0.7383627608346709,0.12841091492776885,0.06420545746388442,NA,NA,NA,NA,57.367576243980736,15.601926163723917,NA,NA,NA,0.12841091492776885,NA,NA,NA,NA,NA,NA,NA,NA,0,NA,NA,0,NA
32024,2020,32,Ourense,24,Celanova,4783,2898,1885,18,27,2853,2880,60.589588124607985,NA,NA,NA,NA,594,NA,NA,NA,NA,NA,4783,1,10,NA,NA,NA,NA,NA,0,NA,NA,0,NA,NA,NA,NA,NA,NA,NA,NA,NA,NA,NA,NA,10,NA,5,NA,NA,NA,31,1649,510,NA,0,NA,NA,1,NA,NA,NA,NA,NA,NA,NA,NA,NA,NA,NA,42,NA,NA,NA,NA,20.625,NA,NA,NA,NA,NA,166.07638888888889,0.034722222222222224,0.3472222222222222,NA,NA,NA,NA,NA,0,NA,NA,0,NA,NA,NA,NA,NA,NA,NA,NA,NA,NA,NA,NA,0.3472222222222222,NA,0.1736111111111111,NA,NA,NA,1.0763888888888888,57.25694444444444,17.708333333333336,NA,0,NA,NA,0.034722222222222224,NA,NA,NA,NA,NA,NA,NA,NA,NA,NA,NA,1.4583333333333333
32024,2024,32,Ourense,24,Celanova,4741,3225,1516,15,22,3188,3210,68.02362370807846,NA,NA,NA,NA,839,NA,NA,NA,NA,NA,4741,NA,NA,NA,NA,NA,164,NA,2,3,NA,NA,NA,NA,NA,NA,NA,NA,NA,NA,NA,NA,NA,NA,5,NA,NA,NA,NA,3,NA,1763,349,NA,0,NA,NA,NA,NA,NA,NA,9,NA,NA,NA,NA,NA,NA,NA,51,NA,NA,NA,NA,26.137071651090345,NA,NA,NA,NA,NA,147.69470404984423,NA,NA,NA,NA,NA,5.109034267912772,NA,0.06230529595015576,0.09345794392523366,NA,NA,NA,NA,NA,NA,NA,NA,NA,NA,NA,NA,NA,NA,0.1557632398753894,NA,NA,NA,NA,0.09345794392523366,NA,54.9221183800623,10.872274143302182,NA,0,NA,NA,NA,NA,NA,NA,0.2803738317757009,NA,NA,NA,NA,NA,NA,NA,1.588785046728972
32025,2001,32,Ourense,25,Cenlle,1483,1106,377,3,15,1088,1103,74.57855697909642,NA,NA,NA,1,180,NA,NA,NA,NA,NA,NA,NA,NA,NA,NA,NA,NA,0,NA,NA,0,NA,NA,6,NA,7,NA,NA,NA,NA,NA,NA,NA,NA,NA,NA,NA,0,NA,NA,NA,734,160,NA,NA,NA,NA,NA,NA,NA,0,NA,NA,NA,NA,NA,NA,NA,NA,NA,NA,NA,NA,0.09066183136899365,16.319129646418858,NA,NA,NA,NA,NA,NA,NA,NA,NA,NA,NA,NA,0,NA,NA,0,NA,NA,0.543970988213962,NA,0.6346328195829556,NA,NA,NA,NA,NA,NA,NA,NA,NA,NA,NA,0,NA,NA,NA,66.54578422484134,14.505893019038984,NA,NA,NA,NA,NA,NA,NA,0,NA,NA,NA,NA,NA,NA,NA,NA,NA
32025,2005,32,Ourense,25,Cenlle,1407,1152,255,4,10,1138,1148,81.87633262260128,NA,NA,NA,1,152,NA,NA,NA,NA,0,NA,NA,NA,NA,NA,NA,0,NA,NA,NA,NA,NA,NA,1,0,5,NA,NA,NA,NA,NA,NA,4,NA,NA,NA,NA,0,NA,NA,NA,716,259,NA,NA,NA,NA,NA,NA,NA,NA,NA,NA,NA,NA,NA,NA,NA,NA,NA,NA,NA,NA,0.08710801393728224,13.240418118466899,NA,NA,NA,NA,0,NA,NA,NA,NA,NA,NA,0,NA,NA,NA,NA,NA,NA,0.08710801393728224,0,0.4355400696864111,NA,NA,NA,NA,NA,NA,0.34843205574912894,NA,NA,NA,NA,0,NA,NA,NA,62.36933797909408,22.5609756097561,NA,NA,NA,NA,NA,NA,NA,NA,NA,NA,NA,NA,NA,NA,NA,NA,NA
32025,2009,32,Ourense,25,Cenlle,1299,1057,242,7,15,1035,1050,81.37028483448807,NA,NA,NA,NA,156,NA,NA,NA,NA,NA,NA,NA,NA,NA,NA,NA,0,NA,NA,NA,NA,NA,NA,3,1,7,NA,0,NA,NA,NA,NA,1,NA,NA,NA,NA,1,NA,NA,NA,613,248,NA,1,NA,NA,NA,NA,NA,NA,NA,0,NA,0,NA,NA,4,NA,NA,NA,NA,NA,NA,14.857142857142858,NA,NA,NA,NA,NA,NA,NA,NA,NA,NA,NA,0,NA,NA,NA,NA,NA,NA,0.2857142857142857,0.09523809523809523,0.6666666666666667,NA,0,NA,NA,NA,NA,0.09523809523809523,NA,NA,NA,NA,0.09523809523809523,NA,NA,NA,58.38095238095238,23.61904761904762,NA,0.09523809523809523,NA,NA,NA,NA,NA,NA,NA,0,NA,0,NA,NA,0.38095238095238093,NA,NA
32025,2012,32,Ourense,25,Cenlle,1185,898,287,32,14,852,866,75.78059071729957,0,51,NA,NA,60,NA,0,NA,0,NA,NA,NA,NA,8,0,NA,3,NA,5,NA,NA,NA,NA,NA,1,NA,NA,NA,0,NA,NA,NA,NA,NA,5,NA,0,0,2,NA,NA,531,169,1,3,0,NA,NA,0,7,0,NA,NA,0,NA,NA,0,6,NA,NA,0,5.8891454965357966,NA,NA,6.928406466512701,NA,0,NA,0,NA,NA,NA,NA,0.9237875288683602,0,NA,0.3464203233256351,NA,0.5773672055427251,NA,NA,NA,NA,NA,0.11547344110854503,NA,NA,NA,0,NA,NA,NA,NA,NA,0.5773672055427251,NA,0,0,0.23094688221709006,NA,NA,61.316397228637406,19.51501154734411,0.11547344110854503,0.3464203233256351,0,NA,NA,0,0.8083140877598153,0,NA,NA,0,NA,NA,0,0.6928406466512702,NA,NA
32025,2016,32,Ourense,25,Cenlle,1075,784,291,10,4,770,774,72.93023255813952,0,NA,0,NA,NA,39,0,0,NA,NA,NA,NA,19,0,NA,NA,7,NA,0,NA,NA,82,NA,NA,NA,NA,1,NA,NA,NA,NA,NA,NA,0,3,2,1,NA,NA,NA,NA,500,115,NA,NA,NA,1,NA,NA,NA,NA,NA,NA,NA,NA,0,NA,NA,0,NA,0,NA,0,NA,NA,5.038759689922481,0,0,NA,NA,NA,NA,2.454780361757106,0,NA,NA,0.9043927648578811,NA,0,NA,NA,10.594315245478036,NA,NA,NA,NA,0.12919896640826875,NA,NA,NA,NA,NA,NA,0,0.3875968992248062,0.2583979328165375,0.12919896640826875,NA,NA,NA,NA,64.59948320413437,14.857881136950905,NA,NA,NA,0.12919896640826875,NA,NA,NA,NA,NA,NA,NA,NA,0,NA,NA,0,NA
32025,2020,32,Ourense,25,Cenlle,999,743,256,11,3,729,732,74.37437437437437,NA,NA,NA,NA,105,NA,NA,NA,NA,NA,999,0,1,NA,NA,NA,NA,NA,0,NA,NA,2,NA,NA,NA,NA,NA,NA,NA,NA,NA,NA,NA,NA,3,NA,2,NA,NA,NA,17,483,95,NA,1,NA,NA,0,NA,NA,NA,NA,NA,NA,NA,NA,NA,NA,NA,20,NA,NA,NA,NA,14.344262295081966,NA,NA,NA,NA,NA,136.47540983606555,0,0.1366120218579235,NA,NA,NA,NA,NA,0,NA,NA,0.273224043715847,NA,NA,NA,NA,NA,NA,NA,NA,NA,NA,NA,NA,0.4098360655737705,NA,0.273224043715847,NA,NA,NA,2.3224043715846996,65.98360655737704,12.978142076502733,NA,0.1366120218579235,NA,NA,0,NA,NA,NA,NA,NA,NA,NA,NA,NA,NA,NA,2.73224043715847
32025,2024,32,Ourense,25,Cenlle,936,730,206,11,1,718,719,77.99145299145299,NA,NA,NA,NA,186,NA,NA,NA,NA,NA,936,NA,NA,NA,NA,NA,16,NA,0,9,NA,NA,NA,NA,NA,NA,NA,NA,NA,NA,NA,NA,NA,NA,3,NA,NA,NA,NA,0,NA,430,62,NA,0,NA,NA,NA,NA,NA,NA,5,NA,NA,NA,NA,NA,NA,NA,7,NA,NA,NA,NA,25.869262865090402,NA,NA,NA,NA,NA,130.1808066759388,NA,NA,NA,NA,NA,2.2253129346314324,NA,0,1.2517385257301807,NA,NA,NA,NA,NA,NA,NA,NA,NA,NA,NA,NA,NA,NA,0.4172461752433936,NA,NA,NA,NA,0,NA,59.80528511821975,8.6230876216968,NA,0,NA,NA,NA,NA,NA,NA,0.6954102920723227,NA,NA,NA,NA,NA,NA,NA,0.9735744089012517
32026,2001,32,Ourense,26,Coles,2874,2093,781,19,29,2045,2074,72.82533054975644,NA,NA,NA,5,459,NA,NA,NA,NA,NA,NA,NA,NA,NA,NA,NA,NA,0,NA,NA,2,NA,NA,2,NA,5,NA,NA,NA,NA,NA,NA,NA,NA,NA,NA,NA,4,NA,NA,NA,1153,415,NA,NA,NA,NA,NA,NA,NA,0,NA,NA,NA,NA,NA,NA,NA,NA,NA,NA,NA,NA,0.2410800385728062,22.131147540983605,NA,NA,NA,NA,NA,NA,NA,NA,NA,NA,NA,NA,0,NA,NA,0.09643201542912247,NA,NA,0.09643201542912247,NA,0.2410800385728062,NA,NA,NA,NA,NA,NA,NA,NA,NA,NA,NA,0.19286403085824494,NA,NA,NA,55.5930568948891,20.00964320154291,NA,NA,NA,NA,NA,NA,NA,0,NA,NA,NA,NA,NA,NA,NA,NA,NA
32026,2005,32,Ourense,26,Coles,2899,2264,635,8,29,2227,2256,78.09589513625387,NA,NA,NA,3,422,NA,NA,NA,NA,2,NA,NA,NA,NA,NA,NA,2,NA,NA,NA,NA,NA,NA,2,0,3,NA,NA,NA,NA,NA,NA,2,NA,NA,NA,NA,2,NA,NA,NA,1066,723,NA,NA,NA,NA,NA,NA,NA,NA,NA,NA,NA,NA,NA,NA,NA,NA,NA,NA,NA,NA,0.13297872340425532,18.70567375886525,NA,NA,NA,NA,0.08865248226950355,NA,NA,NA,NA,NA,NA,0.08865248226950355,NA,NA,NA,NA,NA,NA,0.08865248226950355,0,0.13297872340425532,NA,NA,NA,NA,NA,NA,0.08865248226950355,NA,NA,NA,NA,0.08865248226950355,NA,NA,NA,47.251773049645394,32.047872340425535,NA,NA,NA,NA,NA,NA,NA,NA,NA,NA,NA,NA,NA,NA,NA,NA,NA
32026,2009,32,Ourense,26,Coles,2829,2215,614,16,19,2180,2199,78.29621774478615,NA,NA,NA,NA,362,NA,NA,NA,NA,NA,NA,NA,NA,NA,NA,NA,11,NA,NA,NA,NA,NA,NA,7,0,2,NA,1,NA,NA,NA,NA,0,NA,NA,NA,NA,2,NA,NA,NA,834,948,NA,4,NA,NA,NA,NA,NA,NA,NA,1,NA,0,NA,NA,8,NA,NA,NA,NA,NA,NA,16.462028194633923,NA,NA,NA,NA,NA,NA,NA,NA,NA,NA,NA,0.5002273760800363,NA,NA,NA,NA,NA,NA,0.3183265120509322,0,0.09095043201455207,NA,0.04547521600727603,NA,NA,NA,NA,0,NA,NA,NA,NA,0.09095043201455207,NA,NA,NA,37.92633015006821,43.11050477489768,NA,0.18190086402910413,NA,NA,NA,NA,NA,NA,NA,0.04547521600727603,NA,0,NA,NA,0.36380172805820826,NA,NA
32026,2012,32,Ourense,26,Coles,2764,1927,837,53,47,1827,1874,69.7178002894356,0,137,NA,NA,121,NA,2,NA,4,NA,NA,NA,NA,71,0,NA,45,NA,19,NA,NA,NA,NA,NA,2,NA,NA,NA,0,NA,NA,NA,NA,NA,8,NA,0,0,0,NA,NA,742,621,3,5,0,NA,NA,0,28,0,NA,NA,1,NA,NA,0,18,NA,NA,0,7.310565635005337,NA,NA,6.4567769477054435,NA,0.10672358591248667,NA,0.21344717182497333,NA,NA,NA,NA,3.7886872998932764,0,NA,2.40128068303095,NA,1.0138740661686232,NA,NA,NA,NA,NA,0.10672358591248667,NA,NA,NA,0,NA,NA,NA,NA,NA,0.42689434364994666,NA,0,0,0,NA,NA,39.59445037353255,33.13767342582711,0.16008537886872998,0.26680896478121663,0,NA,NA,0,1.4941302027748131,0,NA,NA,0.05336179295624333,NA,NA,0,0.96051227321238,NA,NA
32026,2016,32,Ourense,26,Coles,2693,1793,900,19,13,1761,1774,66.58002227998516,0,NA,0,NA,NA,71,0,0,NA,NA,NA,NA,62,3,NA,NA,126,NA,0,NA,NA,258,NA,NA,NA,NA,1,NA,NA,NA,NA,NA,NA,0,13,2,1,NA,NA,NA,NA,805,418,NA,NA,NA,0,NA,NA,NA,NA,NA,NA,NA,NA,0,NA,NA,1,NA,0,NA,0,NA,NA,4.002254791431793,0,0,NA,NA,NA,NA,3.494926719278467,0.16910935738444194,NA,NA,7.1025930101465615,NA,0,NA,NA,14.543404735062007,NA,NA,NA,NA,0.05636978579481398,NA,NA,NA,NA,NA,NA,0,0.7328072153325818,0.11273957158962795,0.05636978579481398,NA,NA,NA,NA,45.377677564825255,23.562570462232244,NA,NA,NA,0,NA,NA,NA,NA,NA,NA,NA,NA,0,NA,NA,0.05636978579481398,NA
32026,2020,32,Ourense,26,Coles,2685,1655,1030,20,13,1622,1635,61.63873370577281,NA,NA,NA,NA,280,NA,NA,NA,NA,NA,2684,1,13,NA,NA,NA,NA,NA,1,NA,NA,3,NA,NA,NA,NA,NA,NA,NA,NA,NA,NA,NA,NA,11,NA,1,NA,NA,NA,42,783,443,NA,1,NA,NA,4,NA,NA,NA,NA,NA,NA,NA,NA,NA,NA,NA,39,NA,NA,NA,NA,17.12538226299694,NA,NA,NA,NA,NA,164.15902140672782,0.06116207951070336,0.7951070336391437,NA,NA,NA,NA,NA,0.06116207951070336,NA,NA,0.1834862385321101,NA,NA,NA,NA,NA,NA,NA,NA,NA,NA,NA,NA,0.672782874617737,NA,0.06116207951070336,NA,NA,NA,2.5688073394495414,47.88990825688074,27.09480122324159,NA,0.06116207951070336,NA,NA,0.24464831804281345,NA,NA,NA,NA,NA,NA,NA,NA,NA,NA,NA,2.385321100917431
32026,2024,32,Ourense,26,Coles,2755,1882,873,10,13,1859,1872,68.31215970961887,NA,NA,NA,NA,452,NA,NA,NA,NA,NA,2755,NA,NA,NA,NA,NA,189,NA,2,0,NA,NA,NA,NA,NA,NA,NA,NA,NA,NA,NA,NA,NA,NA,7,NA,NA,NA,NA,3,NA,864,303,NA,0,NA,NA,NA,NA,NA,NA,16,NA,NA,NA,NA,NA,NA,NA,23,NA,NA,NA,NA,24.145299145299145,NA,NA,NA,NA,NA,147.16880341880344,NA,NA,NA,NA,NA,10.096153846153847,NA,0.10683760683760685,0,NA,NA,NA,NA,NA,NA,NA,NA,NA,NA,NA,NA,NA,NA,0.37393162393162394,NA,NA,NA,NA,0.16025641025641024,NA,46.15384615384615,16.185897435897438,NA,0,NA,NA,NA,NA,NA,NA,0.8547008547008548,NA,NA,NA,NA,NA,NA,NA,1.2286324786324787
32027,2001,32,Ourense,27,Cortegada,1257,864,393,3,1,860,861,68.73508353221956,NA,NA,NA,1,89,NA,NA,NA,NA,NA,NA,NA,NA,NA,NA,NA,NA,0,NA,NA,0,NA,NA,0,NA,2,NA,NA,NA,NA,NA,NA,NA,NA,NA,NA,NA,3,NA,NA,NA,600,165,NA,NA,NA,NA,NA,NA,NA,0,NA,NA,NA,NA,NA,NA,NA,NA,NA,NA,NA,NA,0.11614401858304298,10.336817653890824,NA,NA,NA,NA,NA,NA,NA,NA,NA,NA,NA,NA,0,NA,NA,0,NA,NA,0,NA,0.23228803716608595,NA,NA,NA,NA,NA,NA,NA,NA,NA,NA,NA,0.34843205574912894,NA,NA,NA,69.68641114982579,19.16376306620209,NA,NA,NA,NA,NA,NA,NA,0,NA,NA,NA,NA,NA,NA,NA,NA,NA
32027,2005,32,Ourense,27,Cortegada,1200,874,326,2,5,867,872,72.83333333333334,NA,NA,NA,0,62,NA,NA,NA,NA,0,NA,NA,NA,NA,NA,NA,0,NA,NA,NA,NA,NA,NA,0,0,2,NA,NA,NA,NA,NA,NA,1,NA,NA,NA,NA,0,NA,NA,NA,528,274,NA,NA,NA,NA,NA,NA,NA,NA,NA,NA,NA,NA,NA,NA,NA,NA,NA,NA,NA,NA,0,7.110091743119266,NA,NA,NA,NA,0,NA,NA,NA,NA,NA,NA,0,NA,NA,NA,NA,NA,NA,0,0,0.22935779816513763,NA,NA,NA,NA,NA,NA,0.11467889908256881,NA,NA,NA,NA,0,NA,NA,NA,60.550458715596335,31.422018348623855,NA,NA,NA,NA,NA,NA,NA,NA,NA,NA,NA,NA,NA,NA,NA,NA,NA
32027,2009,32,Ourense,27,Cortegada,1191,959,232,10,1,948,949,80.52057094878253,NA,NA,NA,NA,133,NA,NA,NA,NA,NA,NA,NA,NA,NA,NA,NA,0,NA,NA,NA,NA,NA,NA,0,0,0,NA,0,NA,NA,NA,NA,0,NA,NA,NA,NA,0,NA,NA,NA,306,507,NA,2,NA,NA,NA,NA,NA,NA,NA,0,NA,0,NA,NA,0,NA,NA,NA,NA,NA,NA,14.014752370916755,NA,NA,NA,NA,NA,NA,NA,NA,NA,NA,NA,0,NA,NA,NA,NA,NA,NA,0,0,0,NA,0,NA,NA,NA,NA,0,NA,NA,NA,NA,0,NA,NA,NA,32.24446786090622,53.42465753424658,NA,0.21074815595363539,NA,NA,NA,NA,NA,NA,NA,0,NA,0,NA,NA,0,NA,NA
32027,2012,32,Ourense,27,Cortegada,1126,745,381,16,6,723,729,66.16341030195382,0,11,NA,NA,50,NA,0,NA,0,NA,NA,NA,NA,5,0,NA,9,NA,3,NA,NA,NA,NA,NA,0,NA,NA,NA,0,NA,NA,NA,NA,NA,1,NA,0,0,0,NA,NA,393,235,1,0,0,NA,NA,0,8,0,NA,NA,0,NA,NA,0,7,NA,NA,0,1.5089163237311385,NA,NA,6.858710562414267,NA,0,NA,0,NA,NA,NA,NA,0.6858710562414266,0,NA,1.2345679012345678,NA,0.411522633744856,NA,NA,NA,NA,NA,0,NA,NA,NA,0,NA,NA,NA,NA,NA,0.1371742112482853,NA,0,0,0,NA,NA,53.90946502057613,32.23593964334705,0.1371742112482853,0,0,NA,NA,0,1.0973936899862824,0,NA,NA,0,NA,NA,0,0.9602194787379973,NA,NA
32027,2016,32,Ourense,27,Cortegada,1045,730,315,6,4,720,724,69.85645933014354,0,NA,0,NA,NA,17,0,0,NA,NA,NA,NA,14,0,NA,NA,14,NA,0,NA,NA,58,NA,NA,NA,NA,0,NA,NA,NA,NA,NA,NA,0,4,0,0,NA,NA,NA,NA,473,140,NA,NA,NA,0,NA,NA,NA,NA,NA,NA,NA,NA,0,NA,NA,0,NA,0,NA,0,NA,NA,2.3480662983425415,0,0,NA,NA,NA,NA,1.9337016574585635,0,NA,NA,1.9337016574585635,NA,0,NA,NA,8.011049723756907,NA,NA,NA,NA,0,NA,NA,NA,NA,NA,NA,0,0.5524861878453038,0,0,NA,NA,NA,NA,65.33149171270718,19.337016574585636,NA,NA,NA,0,NA,NA,NA,NA,NA,NA,NA,NA,0,NA,NA,0,NA
32027,2020,32,Ourense,27,Cortegada,982,693,289,10,6,677,683,70.57026476578412,NA,NA,NA,NA,66,NA,NA,NA,NA,NA,982,0,4,NA,NA,NA,NA,NA,1,NA,NA,0,NA,NA,NA,NA,NA,NA,NA,NA,NA,NA,NA,NA,1,NA,0,NA,NA,NA,8,477,116,NA,2,NA,NA,0,NA,NA,NA,NA,NA,NA,NA,NA,NA,NA,NA,2,NA,NA,NA,NA,9.66325036603221,NA,NA,NA,NA,NA,143.7774524158126,0,0.5856515373352855,NA,NA,NA,NA,NA,0.14641288433382138,NA,NA,0,NA,NA,NA,NA,NA,NA,NA,NA,NA,NA,NA,NA,0.14641288433382138,NA,0,NA,NA,NA,1.171303074670571,69.8389458272328,16.98389458272328,NA,0.29282576866764276,NA,NA,0,NA,NA,NA,NA,NA,NA,NA,NA,NA,NA,NA,0.29282576866764276
32027,2024,32,Ourense,27,Cortegada,919,679,240,6,4,669,673,73.88465723612623,NA,NA,NA,NA,112,NA,NA,NA,NA,NA,919,NA,NA,NA,NA,NA,30,NA,1,0,NA,NA,NA,NA,NA,NA,NA,NA,NA,NA,NA,NA,NA,NA,0,NA,NA,NA,NA,4,NA,445,68,NA,0,NA,NA,NA,NA,NA,NA,2,NA,NA,NA,NA,NA,NA,NA,7,NA,NA,NA,NA,16.64190193164933,NA,NA,NA,NA,NA,136.55274888558694,NA,NA,NA,NA,NA,4.457652303120357,NA,0.1485884101040119,0,NA,NA,NA,NA,NA,NA,NA,NA,NA,NA,NA,NA,NA,NA,0,NA,NA,NA,NA,0.5943536404160475,NA,66.12184249628528,10.104011887072808,NA,0,NA,NA,NA,NA,NA,NA,0.2971768202080238,NA,NA,NA,NA,NA,NA,NA,1.040118870728083
32028,2001,32,Ourense,28,Cualedro,2190,1518,672,3,8,1507,1515,69.31506849315069,NA,NA,NA,0,302,NA,NA,NA,NA,NA,NA,NA,NA,NA,NA,NA,NA,16,NA,NA,0,NA,NA,0,NA,2,NA,NA,NA,NA,NA,NA,NA,NA,NA,NA,NA,4,NA,NA,NA,1059,124,NA,NA,NA,NA,NA,NA,NA,0,NA,NA,NA,NA,NA,NA,NA,NA,NA,NA,NA,NA,0,19.933993399339933,NA,NA,NA,NA,NA,NA,NA,NA,NA,NA,NA,NA,1.056105610561056,NA,NA,0,NA,NA,0,NA,0.132013201320132,NA,NA,NA,NA,NA,NA,NA,NA,NA,NA,NA,0.264026402640264,NA,NA,NA,69.9009900990099,8.184818481848184,NA,NA,NA,NA,NA,NA,NA,0,NA,NA,NA,NA,NA,NA,NA,NA,NA
32028,2005,32,Ourense,28,Cualedro,2025,1405,620,35,9,1361,1370,69.38271604938272,NA,NA,NA,0,199,NA,NA,NA,NA,1,NA,NA,NA,NA,NA,NA,1,NA,NA,NA,NA,NA,NA,0,0,0,NA,NA,NA,NA,NA,NA,2,NA,NA,NA,NA,2,NA,NA,NA,970,186,NA,NA,NA,NA,NA,NA,NA,NA,NA,NA,NA,NA,NA,NA,NA,NA,NA,NA,NA,NA,0,14.525547445255475,NA,NA,NA,NA,0.072992700729927,NA,NA,NA,NA,NA,NA,0.072992700729927,NA,NA,NA,NA,NA,NA,0,0,0,NA,NA,NA,NA,NA,NA,0.145985401459854,NA,NA,NA,NA,0.145985401459854,NA,NA,NA,70.8029197080292,13.576642335766422,NA,NA,NA,NA,NA,NA,NA,NA,NA,NA,NA,NA,NA,NA,NA,NA,NA
32028,2009,32,Ourense,28,Cualedro,1870,1449,421,7,9,1433,1442,77.48663101604278,NA,NA,NA,NA,186,NA,NA,NA,NA,NA,NA,NA,NA,NA,NA,NA,0,NA,NA,NA,NA,NA,NA,0,3,1,NA,0,NA,NA,NA,NA,0,NA,NA,NA,NA,0,NA,NA,NA,1024,219,NA,0,NA,NA,NA,NA,NA,NA,NA,0,NA,0,NA,NA,0,NA,NA,NA,NA,NA,NA,12.89875173370319,NA,NA,NA,NA,NA,NA,NA,NA,NA,NA,NA,0,NA,NA,NA,NA,NA,NA,0,0.20804438280166435,0.06934812760055478,NA,0,NA,NA,NA,NA,0,NA,NA,NA,NA,0,NA,NA,NA,71.0124826629681,15.187239944521497,NA,0,NA,NA,NA,NA,NA,NA,NA,0,NA,0,NA,NA,0,NA,NA
32028,2012,32,Ourense,28,Cualedro,1749,1212,537,20,27,1165,1192,69.2967409948542,0,22,NA,NA,72,NA,2,NA,1,NA,NA,NA,NA,42,0,NA,1,NA,3,NA,NA,NA,NA,NA,1,NA,NA,NA,0,NA,NA,NA,NA,NA,1,NA,0,0,3,NA,NA,863,135,0,1,1,NA,NA,0,16,0,NA,NA,0,NA,NA,0,1,NA,NA,0,1.8456375838926176,NA,NA,6.0402684563758395,NA,0.16778523489932887,NA,0.08389261744966443,NA,NA,NA,NA,3.523489932885906,0,NA,0.08389261744966443,NA,0.25167785234899326,NA,NA,NA,NA,NA,0.08389261744966443,NA,NA,NA,0,NA,NA,NA,NA,NA,0.08389261744966443,NA,0,0,0.25167785234899326,NA,NA,72.3993288590604,11.325503355704699,0,0.08389261744966443,0.08389261744966443,NA,NA,0,1.342281879194631,0,NA,NA,0,NA,NA,0,0.08389261744966443,NA,NA
32028,2016,32,Ourense,28,Cualedro,1596,1153,443,4,6,1143,1149,72.24310776942356,0,NA,0,NA,NA,43,0,0,NA,NA,NA,NA,28,4,NA,NA,14,NA,0,NA,NA,66,NA,NA,NA,NA,1,NA,NA,NA,NA,NA,NA,0,0,2,1,NA,NA,NA,NA,866,118,NA,NA,NA,0,NA,NA,NA,NA,NA,NA,NA,NA,0,NA,NA,0,NA,0,NA,0,NA,NA,3.742384682332463,0,0,NA,NA,NA,NA,2.4369016536118364,0.34812880765883375,NA,NA,1.2184508268059182,NA,0,NA,NA,5.7441253263707575,NA,NA,NA,NA,0.08703220191470844,NA,NA,NA,NA,NA,NA,0,0,0.17406440382941687,0.08703220191470844,NA,NA,NA,NA,75.36988685813752,10.269799825935596,NA,NA,NA,0,NA,NA,NA,NA,NA,NA,NA,NA,0,NA,NA,0,NA
32028,2020,32,Ourense,28,Cualedro,1513,946,567,9,4,933,937,62.524785194976864,NA,NA,NA,NA,122,NA,NA,NA,NA,NA,1513,0,3,NA,NA,NA,NA,NA,0,NA,NA,1,NA,NA,NA,NA,NA,NA,NA,NA,NA,NA,NA,NA,2,NA,1,NA,NA,NA,10,649,117,NA,1,NA,NA,0,NA,NA,NA,NA,NA,NA,NA,NA,NA,NA,NA,27,NA,NA,NA,NA,13.020277481323372,NA,NA,NA,NA,NA,161.4727854855923,0,0.32017075773745995,NA,NA,NA,NA,NA,0,NA,NA,0.10672358591248667,NA,NA,NA,NA,NA,NA,NA,NA,NA,NA,NA,NA,0.21344717182497333,NA,0.10672358591248667,NA,NA,NA,1.0672358591248665,69.26360725720384,12.48665955176094,NA,0.10672358591248667,NA,NA,0,NA,NA,NA,NA,NA,NA,NA,NA,NA,NA,NA,2.88153681963714
32028,2024,32,Ourense,28,Cualedro,1457,1033,424,6,4,1023,1027,70.89910775566231,NA,NA,NA,NA,152,NA,NA,NA,NA,NA,1457,NA,NA,NA,NA,NA,24,NA,1,0,NA,NA,NA,NA,NA,NA,NA,NA,NA,NA,NA,NA,NA,NA,1,NA,NA,NA,NA,0,NA,766,61,NA,0,NA,NA,NA,NA,NA,NA,1,NA,NA,NA,NA,NA,NA,NA,17,NA,NA,NA,NA,14.800389483933788,NA,NA,NA,NA,NA,141.86952288218112,NA,NA,NA,NA,NA,2.3369036027263874,NA,0.09737098344693282,0,NA,NA,NA,NA,NA,NA,NA,NA,NA,NA,NA,NA,NA,NA,0.09737098344693282,NA,NA,NA,NA,0,NA,74.58617332035054,5.939629990262902,NA,0,NA,NA,NA,NA,NA,NA,0.09737098344693282,NA,NA,NA,NA,NA,NA,NA,1.6553067185978578
32029,2001,32,Ourense,29,Chandrexa de Queixa,769,587,182,2,1,584,585,76.332899869961,NA,NA,NA,0,71,NA,NA,NA,NA,NA,NA,NA,NA,NA,NA,NA,NA,0,NA,NA,1,NA,NA,0,NA,2,NA,NA,NA,NA,NA,NA,NA,NA,NA,NA,NA,0,NA,NA,NA,460,50,NA,NA,NA,NA,NA,NA,NA,0,NA,NA,NA,NA,NA,NA,NA,NA,NA,NA,NA,NA,0,12.136752136752136,NA,NA,NA,NA,NA,NA,NA,NA,NA,NA,NA,NA,0,NA,NA,0.17094017094017094,NA,NA,0,NA,0.3418803418803419,NA,NA,NA,NA,NA,NA,NA,NA,NA,NA,NA,0,NA,NA,NA,78.63247863247864,8.547008547008547,NA,NA,NA,NA,NA,NA,NA,0,NA,NA,NA,NA,NA,NA,NA,NA,NA
32029,2005,32,Ourense,29,Chandrexa de Queixa,709,551,158,3,2,546,548,77.71509167842031,NA,NA,NA,0,61,NA,NA,NA,NA,0,NA,NA,NA,NA,NA,NA,0,NA,NA,NA,NA,NA,NA,0,0,0,NA,NA,NA,NA,NA,NA,0,NA,NA,NA,NA,0,NA,NA,NA,397,88,NA,NA,NA,NA,NA,NA,NA,NA,NA,NA,NA,NA,NA,NA,NA,NA,NA,NA,NA,NA,0,11.13138686131387,NA,NA,NA,NA,0,NA,NA,NA,NA,NA,NA,0,NA,NA,NA,NA,NA,NA,0,0,0,NA,NA,NA,NA,NA,NA,0,NA,NA,NA,NA,0,NA,NA,NA,72.44525547445255,16.05839416058394,NA,NA,NA,NA,NA,NA,NA,NA,NA,NA,NA,NA,NA,NA,NA,NA,NA
32029,2009,32,Ourense,29,Chandrexa de Queixa,621,490,131,1,0,489,489,78.90499194847021,NA,NA,NA,NA,88,NA,NA,NA,NA,NA,NA,NA,NA,NA,NA,NA,0,NA,NA,NA,NA,NA,NA,0,0,0,NA,0,NA,NA,NA,NA,0,NA,NA,NA,NA,0,NA,NA,NA,347,52,NA,0,NA,NA,NA,NA,NA,NA,NA,1,NA,0,NA,NA,1,NA,NA,NA,NA,NA,NA,17.995910020449898,NA,NA,NA,NA,NA,NA,NA,NA,NA,NA,NA,0,NA,NA,NA,NA,NA,NA,0,0,0,NA,0,NA,NA,NA,NA,0,NA,NA,NA,NA,0,NA,NA,NA,70.96114519427404,10.633946830265849,NA,0,NA,NA,NA,NA,NA,NA,NA,0.2044989775051125,NA,0,NA,NA,0.2044989775051125,NA,NA
32029,2012,32,Ourense,29,Chandrexa de Queixa,530,402,128,3,8,391,399,75.84905660377359,0,15,NA,NA,24,NA,0,NA,0,NA,NA,NA,NA,2,0,NA,2,NA,3,NA,NA,NA,NA,NA,0,NA,NA,NA,0,NA,NA,NA,NA,NA,0,NA,0,0,0,NA,NA,298,45,0,0,0,NA,NA,0,2,0,NA,NA,0,NA,NA,0,0,NA,NA,0,3.7593984962406015,NA,NA,6.015037593984962,NA,0,NA,0,NA,NA,NA,NA,0.5012531328320802,0,NA,0.5012531328320802,NA,0.7518796992481203,NA,NA,NA,NA,NA,0,NA,NA,NA,0,NA,NA,NA,NA,NA,0,NA,0,0,0,NA,NA,74.68671679197995,11.278195488721805,0,0,0,NA,NA,0,0.5012531328320802,0,NA,NA,0,NA,NA,0,0,NA,NA
32029,2016,32,Ourense,29,Chandrexa de Queixa,468,348,120,1,1,346,347,74.35897435897436,0,NA,0,NA,NA,6,0,0,NA,NA,NA,NA,4,0,NA,NA,4,NA,0,NA,NA,40,NA,NA,NA,NA,0,NA,NA,NA,NA,NA,NA,0,0,0,0,NA,NA,NA,NA,259,33,NA,NA,NA,0,NA,NA,NA,NA,NA,NA,NA,NA,0,NA,NA,0,NA,0,NA,0,NA,NA,1.729106628242075,0,0,NA,NA,NA,NA,1.1527377521613833,0,NA,NA,1.1527377521613833,NA,0,NA,NA,11.527377521613833,NA,NA,NA,NA,0,NA,NA,NA,NA,NA,NA,0,0,0,0,NA,NA,NA,NA,74.63976945244957,9.510086455331413,NA,NA,NA,0,NA,NA,NA,NA,NA,NA,NA,NA,0,NA,NA,0,NA
32029,2020,32,Ourense,29,Chandrexa de Queixa,458,324,134,3,1,320,321,70.74235807860262,NA,NA,NA,NA,31,NA,NA,NA,NA,NA,458,0,0,NA,NA,NA,NA,NA,0,NA,NA,2,NA,NA,NA,NA,NA,NA,NA,NA,NA,NA,NA,NA,0,NA,0,NA,NA,NA,1,236,45,NA,0,NA,NA,5,NA,NA,NA,NA,NA,NA,NA,NA,NA,NA,NA,0,NA,NA,NA,NA,9.657320872274143,NA,NA,NA,NA,NA,142.6791277258567,0,0,NA,NA,NA,NA,NA,0,NA,NA,0.6230529595015576,NA,NA,NA,NA,NA,NA,NA,NA,NA,NA,NA,NA,0,NA,0,NA,NA,NA,0.3115264797507788,73.5202492211838,14.018691588785046,NA,0,NA,NA,1.557632398753894,NA,NA,NA,NA,NA,NA,NA,NA,NA,NA,NA,0
32029,2024,32,Ourense,29,Chandrexa de Queixa,457,304,153,3,0,301,301,66.52078774617067,NA,NA,NA,NA,47,NA,NA,NA,NA,NA,457,NA,NA,NA,NA,NA,9,NA,0,0,NA,NA,NA,NA,NA,NA,NA,NA,NA,NA,NA,NA,NA,NA,0,NA,NA,NA,NA,0,NA,212,30,NA,0,NA,NA,NA,NA,NA,NA,0,NA,NA,NA,NA,NA,NA,NA,3,NA,NA,NA,NA,15.614617940199334,NA,NA,NA,NA,NA,151.82724252491695,NA,NA,NA,NA,NA,2.990033222591362,NA,0,0,NA,NA,NA,NA,NA,NA,NA,NA,NA,NA,NA,NA,NA,NA,0,NA,NA,NA,NA,0,NA,70.43189368770764,9.966777408637874,NA,0,NA,NA,NA,NA,NA,NA,0,NA,NA,NA,NA,NA,NA,NA,0.9966777408637874
32030,2001,32,Ourense,30,Entrimo,1221,863,358,2,5,856,861,70.67977067977068,NA,NA,NA,0,129,NA,NA,NA,NA,NA,NA,NA,NA,NA,NA,NA,NA,2,NA,NA,1,NA,NA,1,NA,0,NA,NA,NA,NA,NA,NA,NA,NA,NA,NA,NA,0,NA,NA,NA,394,329,NA,NA,NA,NA,NA,NA,NA,0,NA,NA,NA,NA,NA,NA,NA,NA,NA,NA,NA,NA,0,14.982578397212542,NA,NA,NA,NA,NA,NA,NA,NA,NA,NA,NA,NA,0.23228803716608595,NA,NA,0.11614401858304298,NA,NA,0.11614401858304298,NA,0,NA,NA,NA,NA,NA,NA,NA,NA,NA,NA,NA,0,NA,NA,NA,45.760743321718934,38.21138211382114,NA,NA,NA,NA,NA,NA,NA,0,NA,NA,NA,NA,NA,NA,NA,NA,NA
32030,2005,32,Ourense,30,Entrimo,1173,927,246,6,5,916,921,79.02813299232737,NA,NA,NA,0,60,NA,NA,NA,NA,0,NA,NA,NA,NA,NA,NA,1,NA,NA,NA,NA,NA,NA,0,0,1,NA,NA,NA,NA,NA,NA,2,NA,NA,NA,NA,0,NA,NA,NA,377,475,NA,NA,NA,NA,NA,NA,NA,NA,NA,NA,NA,NA,NA,NA,NA,NA,NA,NA,NA,NA,0,6.514657980456026,NA,NA,NA,NA,0,NA,NA,NA,NA,NA,NA,0.10857763300760044,NA,NA,NA,NA,NA,NA,0,0,0.10857763300760044,NA,NA,NA,NA,NA,NA,0.21715526601520088,NA,NA,NA,NA,0,NA,NA,NA,40.933767643865366,51.57437567861021,NA,NA,NA,NA,NA,NA,NA,NA,NA,NA,NA,NA,NA,NA,NA,NA,NA
32030,2009,32,Ourense,30,Entrimo,1164,925,239,2,6,917,923,79.46735395189003,NA,NA,NA,NA,63,NA,NA,NA,NA,NA,NA,NA,NA,NA,NA,NA,3,NA,NA,NA,NA,NA,NA,1,1,0,NA,0,NA,NA,NA,NA,0,NA,NA,NA,NA,0,NA,NA,NA,320,528,NA,0,NA,NA,NA,NA,NA,NA,NA,0,NA,0,NA,NA,1,NA,NA,NA,NA,NA,NA,6.825568797399784,NA,NA,NA,NA,NA,NA,NA,NA,NA,NA,NA,0.3250270855904659,NA,NA,NA,NA,NA,NA,0.10834236186348861,0.10834236186348861,0,NA,0,NA,NA,NA,NA,0,NA,NA,NA,NA,0,NA,NA,NA,34.66955579631636,57.20476706392199,NA,0,NA,NA,NA,NA,NA,NA,NA,0,NA,0,NA,NA,0.10834236186348861,NA,NA
32030,2012,32,Ourense,30,Entrimo,1108,792,316,14,16,762,778,71.48014440433214,0,45,NA,NA,27,NA,1,NA,0,NA,NA,NA,NA,3,0,NA,2,NA,5,NA,NA,NA,NA,NA,1,NA,NA,NA,0,NA,NA,NA,NA,NA,1,NA,0,0,0,NA,NA,277,391,1,0,1,NA,NA,0,7,0,NA,NA,0,NA,NA,0,0,NA,NA,0,5.784061696658098,NA,NA,3.470437017994859,NA,0.12853470437017994,NA,0,NA,NA,NA,NA,0.3856041131105398,0,NA,0.2570694087403599,NA,0.6426735218508998,NA,NA,NA,NA,NA,0.12853470437017994,NA,NA,NA,0,NA,NA,NA,NA,NA,0.12853470437017994,NA,0,0,0,NA,NA,35.60411311053985,50.257069408740364,0.12853470437017994,0,0.12853470437017994,NA,NA,0,0.8997429305912596,0,NA,NA,0,NA,NA,0,0,NA,NA
32030,2016,32,Ourense,30,Entrimo,993,718,275,5,5,708,713,72.30614300100704,0,NA,0,NA,NA,25,0,0,NA,NA,NA,NA,7,0,NA,NA,6,NA,0,NA,NA,56,NA,NA,NA,NA,0,NA,NA,NA,NA,NA,NA,0,3,1,1,NA,NA,NA,NA,246,363,NA,NA,NA,0,NA,NA,NA,NA,NA,NA,NA,NA,0,NA,NA,0,NA,0,NA,0,NA,NA,3.506311360448808,0,0,NA,NA,NA,NA,0.9817671809256662,0,NA,NA,0.8415147265077139,NA,0,NA,NA,7.854137447405329,NA,NA,NA,NA,0,NA,NA,NA,NA,NA,NA,0,0.42075736325385693,0.1402524544179523,0.1402524544179523,NA,NA,NA,NA,34.50210378681627,50.911640953716685,NA,NA,NA,0,NA,NA,NA,NA,NA,NA,NA,NA,0,NA,NA,0,NA
32030,2020,32,Ourense,30,Entrimo,923,648,275,5,8,635,643,70.20585048754063,NA,NA,NA,NA,62,NA,NA,NA,NA,NA,923,0,0,NA,NA,NA,NA,NA,0,NA,NA,0,NA,NA,NA,NA,NA,NA,NA,NA,NA,NA,NA,NA,1,NA,0,NA,NA,NA,10,190,361,NA,0,NA,NA,0,NA,NA,NA,NA,NA,NA,NA,NA,NA,NA,NA,11,NA,NA,NA,NA,9.642301710730948,NA,NA,NA,NA,NA,143.54587869362362,0,0,NA,NA,NA,NA,NA,0,NA,NA,0,NA,NA,NA,NA,NA,NA,NA,NA,NA,NA,NA,NA,0.15552099533437014,NA,0,NA,NA,NA,1.5552099533437014,29.54898911353033,56.143079315707624,NA,0,NA,NA,0,NA,NA,NA,NA,NA,NA,NA,NA,NA,NA,NA,1.7107309486780715
32030,2024,32,Ourense,30,Entrimo,907,626,281,1,3,622,625,69.01874310915105,NA,NA,NA,NA,91,NA,NA,NA,NA,NA,907,NA,NA,NA,NA,NA,18,NA,3,0,NA,NA,NA,NA,NA,NA,NA,NA,NA,NA,NA,NA,NA,NA,2,NA,NA,NA,NA,1,NA,201,297,NA,0,NA,NA,NA,NA,NA,NA,1,NA,NA,NA,NA,NA,NA,NA,8,NA,NA,NA,NA,14.56,NA,NA,NA,NA,NA,145.12,NA,NA,NA,NA,NA,2.88,NA,0.48,0,NA,NA,NA,NA,NA,NA,NA,NA,NA,NA,NA,NA,NA,NA,0.32,NA,NA,NA,NA,0.16,NA,32.16,47.52,NA,0,NA,NA,NA,NA,NA,NA,0.16,NA,NA,NA,NA,NA,NA,NA,1.28
32031,2001,32,Ourense,31,Esgos,1164,889,275,2,6,881,887,76.37457044673539,NA,NA,NA,2,103,NA,NA,NA,NA,NA,NA,NA,NA,NA,NA,NA,NA,1,NA,NA,0,NA,NA,3,NA,0,NA,NA,NA,NA,NA,NA,NA,NA,NA,NA,NA,0,NA,NA,NA,680,92,NA,NA,NA,NA,NA,NA,NA,0,NA,NA,NA,NA,NA,NA,NA,NA,NA,NA,NA,NA,0.2254791431792559,11.61217587373168,NA,NA,NA,NA,NA,NA,NA,NA,NA,NA,NA,NA,0.11273957158962795,NA,NA,0,NA,NA,0.3382187147688839,NA,0,NA,NA,NA,NA,NA,NA,NA,NA,NA,NA,NA,0,NA,NA,NA,76.66290868094701,10.372040586245772,NA,NA,NA,NA,NA,NA,NA,0,NA,NA,NA,NA,NA,NA,NA,NA,NA
32031,2005,32,Ourense,31,Esgos,1182,952,230,3,7,942,949,80.5414551607445,NA,NA,NA,1,95,NA,NA,NA,NA,1,NA,NA,NA,NA,NA,NA,1,NA,NA,NA,NA,NA,NA,2,0,0,NA,NA,NA,NA,NA,NA,0,NA,NA,NA,NA,0,NA,NA,NA,677,165,NA,NA,NA,NA,NA,NA,NA,NA,NA,NA,NA,NA,NA,NA,NA,NA,NA,NA,NA,NA,0.10537407797681769,10.010537407797681,NA,NA,NA,NA,0.10537407797681769,NA,NA,NA,NA,NA,NA,0.10537407797681769,NA,NA,NA,NA,NA,NA,0.21074815595363539,0,0,NA,NA,NA,NA,NA,NA,0,NA,NA,NA,NA,0,NA,NA,NA,71.33825079030558,17.38672286617492,NA,NA,NA,NA,NA,NA,NA,NA,NA,NA,NA,NA,NA,NA,NA,NA,NA
32031,2009,32,Ourense,31,Esgos,1122,921,201,4,8,909,917,82.0855614973262,NA,NA,NA,NA,132,NA,NA,NA,NA,NA,NA,NA,NA,NA,NA,NA,0,NA,NA,NA,NA,NA,NA,1,2,1,NA,1,NA,NA,NA,NA,2,NA,NA,NA,NA,0,NA,NA,NA,609,151,NA,0,NA,NA,NA,NA,NA,NA,NA,7,NA,0,NA,NA,3,NA,NA,NA,NA,NA,NA,14.394765539803709,NA,NA,NA,NA,NA,NA,NA,NA,NA,NA,NA,0,NA,NA,NA,NA,NA,NA,0.10905125408942204,0.21810250817884408,0.10905125408942204,NA,0.10905125408942204,NA,NA,NA,NA,0.21810250817884408,NA,NA,NA,NA,0,NA,NA,NA,66.41221374045801,16.466739367502726,NA,0,NA,NA,NA,NA,NA,NA,NA,0.7633587786259541,NA,0,NA,NA,0.3271537622682661,NA,NA
32031,2012,32,Ourense,31,Esgos,1082,820,262,14,13,793,806,75.78558225508318,0,36,NA,NA,32,NA,0,NA,0,NA,NA,NA,NA,11,0,NA,13,NA,6,NA,NA,NA,NA,NA,1,NA,NA,NA,0,NA,NA,NA,NA,NA,6,NA,0,0,0,NA,NA,562,108,0,0,0,NA,NA,0,13,0,NA,NA,0,NA,NA,0,5,NA,NA,0,4.466501240694789,NA,NA,3.970223325062035,NA,0,NA,0,NA,NA,NA,NA,1.3647642679900744,0,NA,1.6129032258064515,NA,0.7444168734491315,NA,NA,NA,NA,NA,0.12406947890818859,NA,NA,NA,0,NA,NA,NA,NA,NA,0.7444168734491315,NA,0,0,0,NA,NA,69.72704714640199,13.399503722084367,0,0,0,NA,NA,0,1.6129032258064515,0,NA,NA,0,NA,NA,0,0.620347394540943,NA,NA
32031,2016,32,Ourense,31,Esgos,1055,770,285,7,5,758,763,72.98578199052133,0,NA,0,NA,NA,17,0,0,NA,NA,NA,NA,28,0,NA,NA,22,NA,0,NA,NA,74,NA,NA,NA,NA,1,NA,NA,NA,NA,NA,NA,0,7,2,0,NA,NA,NA,NA,522,83,NA,NA,NA,1,NA,NA,NA,NA,NA,NA,NA,NA,0,NA,NA,1,NA,0,NA,0,NA,NA,2.2280471821756227,0,0,NA,NA,NA,NA,3.669724770642202,0,NA,NA,2.8833551769331587,NA,0,NA,NA,9.698558322411534,NA,NA,NA,NA,0.1310615989515072,NA,NA,NA,NA,NA,NA,0,0.9174311926605505,0.2621231979030144,0,NA,NA,NA,NA,68.41415465268676,10.878112712975097,NA,NA,NA,0.1310615989515072,NA,NA,NA,NA,NA,NA,NA,NA,0,NA,NA,0.1310615989515072,NA
32031,2020,32,Ourense,31,Esgos,996,685,311,9,3,673,676,68.77510040160642,NA,NA,NA,NA,75,NA,NA,NA,NA,NA,996,1,0,NA,NA,NA,NA,NA,0,NA,NA,0,NA,NA,NA,NA,NA,NA,NA,NA,NA,NA,NA,NA,1,NA,0,NA,NA,NA,11,467,104,NA,0,NA,NA,0,NA,NA,NA,NA,NA,NA,NA,NA,NA,NA,NA,14,NA,NA,NA,NA,11.094674556213018,NA,NA,NA,NA,NA,147.33727810650888,0.14792899408284024,0,NA,NA,NA,NA,NA,0,NA,NA,0,NA,NA,NA,NA,NA,NA,NA,NA,NA,NA,NA,NA,0.14792899408284024,NA,0,NA,NA,NA,1.6272189349112427,69.0828402366864,15.384615384615385,NA,0,NA,NA,0,NA,NA,NA,NA,NA,NA,NA,NA,NA,NA,NA,2.0710059171597637
32031,2024,32,Ourense,31,Esgos,981,723,258,7,5,711,716,73.70030581039755,NA,NA,NA,NA,150,NA,NA,NA,NA,NA,981,NA,NA,NA,NA,NA,52,NA,1,0,NA,NA,NA,NA,NA,NA,NA,NA,NA,NA,NA,NA,NA,NA,0,NA,NA,NA,NA,0,NA,441,54,NA,0,NA,NA,NA,NA,NA,NA,2,NA,NA,NA,NA,NA,NA,NA,11,NA,NA,NA,NA,20.949720670391063,NA,NA,NA,NA,NA,137.01117318435755,NA,NA,NA,NA,NA,7.262569832402235,NA,0.13966480446927373,0,NA,NA,NA,NA,NA,NA,NA,NA,NA,NA,NA,NA,NA,NA,0,NA,NA,NA,NA,0,NA,61.59217877094972,7.5418994413407825,NA,0,NA,NA,NA,NA,NA,NA,0.27932960893854747,NA,NA,NA,NA,NA,NA,NA,1.536312849162011
32032,2001,32,Ourense,32,Xinzo de Limia,7845,5643,2202,29,51,5563,5614,71.93116634799235,NA,NA,NA,4,1000,NA,NA,NA,NA,NA,NA,NA,NA,NA,NA,NA,NA,395,NA,NA,9,NA,NA,9,NA,10,NA,NA,NA,NA,NA,NA,NA,NA,NA,NA,NA,6,NA,NA,NA,2911,1219,NA,NA,NA,NA,NA,NA,NA,0,NA,NA,NA,NA,NA,NA,NA,NA,NA,NA,NA,NA,0.07125044531528321,17.812611328820804,NA,NA,NA,NA,NA,NA,NA,NA,NA,NA,NA,NA,7.035981474884218,NA,NA,0.16031350195938723,NA,NA,0.16031350195938723,NA,0.17812611328820804,NA,NA,NA,NA,NA,NA,NA,NA,NA,NA,NA,0.10687566797292483,NA,NA,NA,51.852511578197365,21.713573209832564,NA,NA,NA,NA,NA,NA,NA,0,NA,NA,NA,NA,NA,NA,NA,NA,NA
32032,2005,32,Ourense,32,Xinzo de Limia,7983,5920,2063,25,50,5845,5895,74.15758486784418,NA,NA,NA,6,935,NA,NA,NA,NA,2,NA,NA,NA,NA,NA,NA,4,NA,NA,NA,NA,NA,NA,10,1,4,NA,NA,NA,NA,NA,NA,4,NA,NA,NA,NA,1,NA,NA,NA,3394,1484,NA,NA,NA,NA,NA,NA,NA,NA,NA,NA,NA,NA,NA,NA,NA,NA,NA,NA,NA,NA,0.10178117048346055,15.860899067005937,NA,NA,NA,NA,0.033927056827820185,NA,NA,NA,NA,NA,NA,0.06785411365564037,NA,NA,NA,NA,NA,NA,0.16963528413910092,0.016963528413910092,0.06785411365564037,NA,NA,NA,NA,NA,NA,0.06785411365564037,NA,NA,NA,NA,0.016963528413910092,NA,NA,NA,57.57421543681086,25.173876166242575,NA,NA,NA,NA,NA,NA,NA,NA,NA,NA,NA,NA,NA,NA,NA,NA,NA
32032,2009,32,Ourense,32,Xinzo de Limia,8076,6200,1876,60,68,6072,6140,76.77067855373949,NA,NA,NA,NA,1394,NA,NA,NA,NA,NA,NA,NA,NA,NA,NA,NA,2,NA,NA,NA,NA,NA,NA,104,4,9,NA,4,NA,NA,NA,NA,1,NA,NA,NA,NA,3,NA,NA,NA,3056,1454,NA,7,NA,NA,NA,NA,NA,NA,NA,7,NA,1,NA,NA,26,NA,NA,NA,NA,NA,NA,22.70358306188925,NA,NA,NA,NA,NA,NA,NA,NA,NA,NA,NA,0.03257328990228013,NA,NA,NA,NA,NA,NA,1.6938110749185669,0.06514657980456026,0.1465798045602606,NA,0.06514657980456026,NA,NA,NA,NA,0.016286644951140065,NA,NA,NA,NA,0.048859934853420196,NA,NA,NA,49.77198697068404,23.680781758957657,NA,0.11400651465798045,NA,NA,NA,NA,NA,NA,NA,0.11400651465798045,NA,0.016286644951140065,NA,NA,0.4234527687296417,NA,NA
32032,2012,32,Ourense,32,Xinzo de Limia,8229,5656,2573,155,141,5360,5501,68.732531291773,0,431,NA,NA,572,NA,12,NA,5,NA,NA,NA,NA,144,0,NA,10,NA,36,NA,NA,NA,NA,NA,5,NA,NA,NA,0,NA,NA,NA,NA,NA,14,NA,0,0,9,NA,NA,3035,968,9,6,3,NA,NA,0,68,0,NA,NA,2,NA,NA,0,31,NA,NA,0,7.834939101981458,NA,NA,10.398109434648246,NA,0.21814215597164155,NA,0.09089256498818396,NA,NA,NA,NA,2.617705871659698,0,NA,0.18178512997636792,NA,0.6544264679149245,NA,NA,NA,NA,NA,0.09089256498818396,NA,NA,NA,0,NA,NA,NA,NA,NA,0.2544991819669151,NA,0,0,0.16360661697873113,NA,NA,55.17178694782767,17.596800581712415,0.16360661697873113,0.10907107798582077,0.05453553899291039,NA,NA,0,1.236138883839302,0,NA,NA,0.03635702599527359,NA,NA,0,0.5635339029267405,NA,NA
32032,2016,32,Ourense,32,Xinzo de Limia,8067,5391,2676,87,42,5262,5304,66.82781703235403,0,NA,0,NA,NA,351,0,0,NA,NA,NA,NA,141,18,NA,NA,40,NA,0,NA,NA,813,NA,NA,NA,NA,5,NA,NA,NA,NA,NA,NA,0,23,11,3,NA,NA,NA,NA,3139,709,NA,NA,NA,4,NA,NA,NA,NA,NA,NA,NA,NA,0,NA,NA,5,NA,0,NA,0,NA,NA,6.61764705882353,0,0,NA,NA,NA,NA,2.658371040723982,0.3393665158371041,NA,NA,0.7541478129713424,NA,0,NA,NA,15.328054298642535,NA,NA,NA,NA,0.0942684766214178,NA,NA,NA,NA,NA,NA,0,0.4336349924585219,0.20739064856711917,0.056561085972850686,NA,NA,NA,NA,59.18174962292609,13.367269984917044,NA,NA,NA,0.07541478129713425,NA,NA,NA,NA,NA,NA,NA,NA,0,NA,NA,0.0942684766214178,NA
32032,2020,32,Ourense,32,Xinzo de Limia,7841,4715,3126,49,31,4635,4666,60.13263614334906,NA,NA,NA,NA,1091,NA,NA,NA,NA,NA,7841,0,30,NA,NA,NA,NA,NA,2,NA,NA,1,NA,NA,NA,NA,NA,NA,NA,NA,NA,NA,NA,NA,16,NA,1,NA,NA,NA,53,2579,725,NA,4,NA,NA,4,NA,NA,NA,NA,NA,NA,NA,NA,NA,NA,NA,129,NA,NA,NA,NA,23.38191170167167,NA,NA,NA,NA,NA,168.04543506215174,0,0.6429489927132447,NA,NA,NA,NA,NA,0.04286326618088298,NA,NA,0.02143163309044149,NA,NA,NA,NA,NA,NA,NA,NA,NA,NA,NA,NA,0.34290612944706383,NA,0.02143163309044149,NA,NA,NA,1.135876553793399,55.272181740248605,15.537933990570082,NA,0.08572653236176596,NA,NA,0.08572653236176596,NA,NA,NA,NA,NA,NA,NA,NA,NA,NA,NA,2.7646806686669523
32032,2024,32,Ourense,32,Xinzo de Limia,7715,5211,2504,52,33,5126,5159,67.54374594944913,NA,NA,NA,NA,1544,NA,NA,NA,NA,NA,7715,NA,NA,NA,NA,NA,151,NA,3,2,NA,NA,NA,NA,NA,NA,NA,NA,NA,NA,NA,NA,NA,NA,11,NA,NA,NA,NA,6,NA,2765,525,NA,3,NA,NA,NA,NA,NA,NA,15,NA,NA,NA,NA,NA,NA,NA,101,NA,NA,NA,NA,29.928280674549328,NA,NA,NA,NA,NA,149.5444853653809,NA,NA,NA,NA,NA,2.9269238224462106,NA,0.05815080441946114,0.03876720294630742,NA,NA,NA,NA,NA,NA,NA,NA,NA,NA,NA,NA,NA,NA,0.21321961620469082,NA,NA,NA,NA,0.11630160883892228,NA,53.595658073270016,10.176390773405698,NA,0.05815080441946114,NA,NA,NA,NA,NA,NA,0.29075402209730566,NA,NA,NA,NA,NA,NA,NA,1.957743748788525
32033,2001,32,Ourense,33,Gomesende,1002,627,375,12,10,605,615,62.5748502994012,NA,NA,NA,0,124,NA,NA,NA,NA,NA,NA,NA,NA,NA,NA,NA,NA,0,NA,NA,1,NA,NA,0,NA,0,NA,NA,NA,NA,NA,NA,NA,NA,NA,NA,NA,0,NA,NA,NA,376,104,NA,NA,NA,NA,NA,NA,NA,0,NA,NA,NA,NA,NA,NA,NA,NA,NA,NA,NA,NA,0,20.16260162601626,NA,NA,NA,NA,NA,NA,NA,NA,NA,NA,NA,NA,0,NA,NA,0.16260162601626016,NA,NA,0,NA,0,NA,NA,NA,NA,NA,NA,NA,NA,NA,NA,NA,0,NA,NA,NA,61.138211382113816,16.910569105691057,NA,NA,NA,NA,NA,NA,NA,0,NA,NA,NA,NA,NA,NA,NA,NA,NA
32033,2005,32,Ourense,33,Gomesende,962,648,314,2,4,642,646,67.35966735966737,NA,NA,NA,0,76,NA,NA,NA,NA,0,NA,NA,NA,NA,NA,NA,0,NA,NA,NA,NA,NA,NA,0,0,1,NA,NA,NA,NA,NA,NA,2,NA,NA,NA,NA,0,NA,NA,NA,382,181,NA,NA,NA,NA,NA,NA,NA,NA,NA,NA,NA,NA,NA,NA,NA,NA,NA,NA,NA,NA,0,11.76470588235294,NA,NA,NA,NA,0,NA,NA,NA,NA,NA,NA,0,NA,NA,NA,NA,NA,NA,0,0,0.15479876160990713,NA,NA,NA,NA,NA,NA,0.30959752321981426,NA,NA,NA,NA,0,NA,NA,NA,59.133126934984524,28.01857585139319,NA,NA,NA,NA,NA,NA,NA,NA,NA,NA,NA,NA,NA,NA,NA,NA,NA
32033,2009,32,Ourense,33,Gomesende,903,621,282,9,6,606,612,68.77076411960132,NA,NA,NA,NA,121,NA,NA,NA,NA,NA,NA,NA,NA,NA,NA,NA,0,NA,NA,NA,NA,NA,NA,1,0,0,NA,0,NA,NA,NA,NA,1,NA,NA,NA,NA,0,NA,NA,NA,321,157,NA,1,NA,NA,NA,NA,NA,NA,NA,0,NA,0,NA,NA,4,NA,NA,NA,NA,NA,NA,19.77124183006536,NA,NA,NA,NA,NA,NA,NA,NA,NA,NA,NA,0,NA,NA,NA,NA,NA,NA,0.16339869281045752,0,0,NA,0,NA,NA,NA,NA,0.16339869281045752,NA,NA,NA,NA,0,NA,NA,NA,52.450980392156865,25.653594771241828,NA,0.16339869281045752,NA,NA,NA,NA,NA,NA,NA,0,NA,0,NA,NA,0.6535947712418301,NA,NA
32033,2012,32,Ourense,33,Gomesende,824,548,276,10,11,527,538,66.50485436893204,0,30,NA,NA,45,NA,0,NA,0,NA,NA,NA,NA,2,0,NA,2,NA,9,NA,NA,NA,NA,NA,0,NA,NA,NA,0,NA,NA,NA,NA,NA,1,NA,0,0,0,NA,NA,314,117,2,0,0,NA,NA,0,4,0,NA,NA,0,NA,NA,0,1,NA,NA,0,5.5762081784386615,NA,NA,8.364312267657994,NA,0,NA,0,NA,NA,NA,NA,0.37174721189591076,0,NA,0.37174721189591076,NA,1.6728624535315983,NA,NA,NA,NA,NA,0,NA,NA,NA,0,NA,NA,NA,NA,NA,0.18587360594795538,NA,0,0,0,NA,NA,58.36431226765799,21.74721189591078,0.37174721189591076,0,0,NA,NA,0,0.7434944237918215,0,NA,NA,0,NA,NA,0,0.18587360594795538,NA,NA
32033,2016,32,Ourense,33,Gomesende,734,467,267,3,3,461,464,63.62397820163488,0,NA,0,NA,NA,13,0,0,NA,NA,NA,NA,18,1,NA,NA,7,NA,0,NA,NA,43,NA,NA,NA,NA,1,NA,NA,NA,NA,NA,NA,0,0,0,0,NA,NA,NA,NA,312,66,NA,NA,NA,0,NA,NA,NA,NA,NA,NA,NA,NA,0,NA,NA,0,NA,0,NA,0,NA,NA,2.8017241379310347,0,0,NA,NA,NA,NA,3.8793103448275863,0.21551724137931033,NA,NA,1.5086206896551724,NA,0,NA,NA,9.267241379310345,NA,NA,NA,NA,0.21551724137931033,NA,NA,NA,NA,NA,NA,0,0,0,0,NA,NA,NA,NA,67.24137931034483,14.224137931034484,NA,NA,NA,0,NA,NA,NA,NA,NA,NA,NA,NA,0,NA,NA,0,NA
32033,2020,32,Ourense,33,Gomesende,651,401,250,0,3,398,401,61.597542242703526,NA,NA,NA,NA,19,NA,NA,NA,NA,NA,651,0,2,NA,NA,NA,NA,NA,0,NA,NA,0,NA,NA,NA,NA,NA,NA,NA,NA,NA,NA,NA,NA,0,NA,0,NA,NA,NA,8,295,63,NA,0,NA,NA,0,NA,NA,NA,NA,NA,NA,NA,NA,NA,NA,NA,11,NA,NA,NA,NA,4.738154613466334,NA,NA,NA,NA,NA,162.34413965087282,0,0.4987531172069825,NA,NA,NA,NA,NA,0,NA,NA,0,NA,NA,NA,NA,NA,NA,NA,NA,NA,NA,NA,NA,0,NA,0,NA,NA,NA,1.99501246882793,73.56608478802993,15.710723192019952,NA,0,NA,NA,0,NA,NA,NA,NA,NA,NA,NA,NA,NA,NA,NA,2.7431421446384037
32033,2024,32,Ourense,33,Gomesende,604,383,221,3,5,375,380,63.41059602649006,NA,NA,NA,NA,77,NA,NA,NA,NA,NA,604,NA,NA,NA,NA,NA,9,NA,0,0,NA,NA,NA,NA,NA,NA,NA,NA,NA,NA,NA,NA,NA,NA,0,NA,NA,NA,NA,0,NA,249,36,NA,0,NA,NA,NA,NA,NA,NA,1,NA,NA,NA,NA,NA,NA,NA,3,NA,NA,NA,NA,20.263157894736842,NA,NA,NA,NA,NA,158.94736842105263,NA,NA,NA,NA,NA,2.368421052631579,NA,0,0,NA,NA,NA,NA,NA,NA,NA,NA,NA,NA,NA,NA,NA,NA,0,NA,NA,NA,NA,0,NA,65.52631578947368,9.473684210526317,NA,0,NA,NA,NA,NA,NA,NA,0.2631578947368421,NA,NA,NA,NA,NA,NA,NA,0.7894736842105263
32034,2001,32,Ourense,34,Gudiña (A),1419,1103,316,14,15,1074,1089,77.7307963354475,NA,NA,NA,0,230,NA,NA,NA,NA,NA,NA,NA,NA,NA,NA,NA,NA,2,NA,NA,0,NA,NA,3,NA,0,NA,NA,NA,NA,NA,NA,NA,NA,NA,NA,NA,0,NA,NA,NA,611,228,NA,NA,NA,NA,NA,NA,NA,0,NA,NA,NA,NA,NA,NA,NA,NA,NA,NA,NA,NA,0,21.120293847566572,NA,NA,NA,NA,NA,NA,NA,NA,NA,NA,NA,NA,0.18365472910927455,NA,NA,0,NA,NA,0.27548209366391185,NA,0,NA,NA,NA,NA,NA,NA,NA,NA,NA,NA,NA,0,NA,NA,NA,56.10651974288338,20.9366391184573,NA,NA,NA,NA,NA,NA,NA,0,NA,NA,NA,NA,NA,NA,NA,NA,NA
32034,2005,32,Ourense,34,Gudiña (A),1387,1137,250,4,6,1127,1133,81.97548666186013,NA,NA,NA,0,163,NA,NA,NA,NA,0,NA,NA,NA,NA,NA,NA,1,NA,NA,NA,NA,NA,NA,2,1,0,NA,NA,NA,NA,NA,NA,0,NA,NA,NA,NA,1,NA,NA,NA,643,316,NA,NA,NA,NA,NA,NA,NA,NA,NA,NA,NA,NA,NA,NA,NA,NA,NA,NA,NA,NA,0,14.386584289496913,NA,NA,NA,NA,0,NA,NA,NA,NA,NA,NA,0.088261253309797,NA,NA,NA,NA,NA,NA,0.176522506619594,0.088261253309797,0,NA,NA,NA,NA,NA,NA,0,NA,NA,NA,NA,0.088261253309797,NA,NA,NA,56.75198587819948,27.890556045895853,NA,NA,NA,NA,NA,NA,NA,NA,NA,NA,NA,NA,NA,NA,NA,NA,NA
32034,2009,32,Ourense,34,Gudiña (A),1304,1053,251,3,6,1044,1050,80.75153374233128,NA,NA,NA,NA,163,NA,NA,NA,NA,NA,NA,NA,NA,NA,NA,NA,1,NA,NA,NA,NA,NA,NA,2,0,0,NA,0,NA,NA,NA,NA,1,NA,NA,NA,NA,0,NA,NA,NA,580,289,NA,2,NA,NA,NA,NA,NA,NA,NA,2,NA,0,NA,NA,4,NA,NA,NA,NA,NA,NA,15.523809523809524,NA,NA,NA,NA,NA,NA,NA,NA,NA,NA,NA,0.09523809523809523,NA,NA,NA,NA,NA,NA,0.19047619047619047,0,0,NA,0,NA,NA,NA,NA,0.09523809523809523,NA,NA,NA,NA,0,NA,NA,NA,55.23809523809524,27.523809523809522,NA,0.19047619047619047,NA,NA,NA,NA,NA,NA,NA,0.19047619047619047,NA,0,NA,NA,0.38095238095238093,NA,NA
32034,2012,32,Ourense,34,Gudiña (A),1204,871,333,6,19,846,865,72.34219269102991,0,45,NA,NA,97,NA,0,NA,1,NA,NA,NA,NA,2,0,NA,3,NA,4,NA,NA,NA,NA,NA,0,NA,NA,NA,0,NA,NA,NA,NA,NA,1,NA,0,0,1,NA,NA,502,180,0,0,2,NA,NA,0,6,0,NA,NA,1,NA,NA,0,1,NA,NA,0,5.202312138728324,NA,NA,11.213872832369942,NA,0,NA,0.11560693641618498,NA,NA,NA,NA,0.23121387283236997,0,NA,0.3468208092485549,NA,0.46242774566473993,NA,NA,NA,NA,NA,0,NA,NA,NA,0,NA,NA,NA,NA,NA,0.11560693641618498,NA,0,0,0.11560693641618498,NA,NA,58.03468208092486,20.809248554913296,0,0,0.23121387283236997,NA,NA,0,0.6936416184971098,0,NA,NA,0.11560693641618498,NA,NA,0,0.11560693641618498,NA,NA
32034,2016,32,Lugo,34,A Gudiña,1117,844,273,2,0,842,842,75.55953446732319,0,NA,0,NA,NA,91,0,0,NA,NA,NA,NA,14,0,NA,NA,3,NA,0,NA,NA,61,NA,NA,NA,NA,0,NA,NA,NA,NA,NA,NA,0,2,1,0,NA,NA,NA,NA,519,150,NA,NA,NA,1,NA,NA,NA,NA,NA,NA,NA,NA,0,NA,NA,0,NA,0,NA,0,NA,NA,10.807600950118765,0,0,NA,NA,NA,NA,1.66270783847981,0,NA,NA,0.35629453681710216,NA,0,NA,NA,7.244655581947744,NA,NA,NA,NA,0,NA,NA,NA,NA,NA,NA,0,0.23752969121140144,0.11876484560570072,0,NA,NA,NA,NA,61.63895486935868,17.81472684085511,NA,NA,NA,0.11876484560570072,NA,NA,NA,NA,NA,NA,NA,NA,0,NA,NA,0,NA
32034,2020,32,Ourense,34,A Gudiña,1057,768,289,6,5,757,762,72.65846736045411,NA,NA,NA,NA,172,NA,NA,NA,NA,NA,1057,0,1,NA,NA,NA,NA,NA,0,NA,NA,0,NA,NA,NA,NA,NA,NA,NA,NA,NA,NA,NA,NA,2,NA,0,NA,NA,NA,5,389,180,NA,0,NA,NA,1,NA,NA,NA,NA,NA,NA,NA,NA,NA,NA,NA,7,NA,NA,NA,NA,22.57217847769029,NA,NA,NA,NA,NA,138.71391076115484,0,0.13123359580052493,NA,NA,NA,NA,NA,0,NA,NA,0,NA,NA,NA,NA,NA,NA,NA,NA,NA,NA,NA,NA,0.26246719160104987,NA,0,NA,NA,NA,0.6561679790026247,51.0498687664042,23.62204724409449,NA,0,NA,NA,0.13123359580052493,NA,NA,NA,NA,NA,NA,NA,NA,NA,NA,NA,0.9186351706036745
32034,2024,32,Ourense,34,A Gudiña,992,719,273,6,6,707,713,72.47983870967742,NA,NA,NA,NA,180,NA,NA,NA,NA,NA,992,NA,NA,NA,NA,NA,11,NA,1,0,NA,NA,NA,NA,NA,NA,NA,NA,NA,NA,NA,NA,NA,NA,0,NA,NA,NA,NA,0,NA,369,131,NA,0,NA,NA,NA,NA,NA,NA,4,NA,NA,NA,NA,NA,NA,NA,11,NA,NA,NA,NA,25.245441795231415,NA,NA,NA,NA,NA,139.1304347826087,NA,NA,NA,NA,NA,1.5427769985974753,NA,0.1402524544179523,0,NA,NA,NA,NA,NA,NA,NA,NA,NA,NA,NA,NA,NA,NA,0,NA,NA,NA,NA,0,NA,51.7531556802244,18.37307152875175,NA,0,NA,NA,NA,NA,NA,NA,0.5610098176718092,NA,NA,NA,NA,NA,NA,NA,1.5427769985974753
32035,2001,32,Ourense,35,Irixo (O),2015,1319,696,5,5,1309,1314,65.4590570719603,NA,NA,NA,2,179,NA,NA,NA,NA,NA,NA,NA,NA,NA,NA,NA,NA,1,NA,NA,2,NA,NA,3,NA,1,NA,NA,NA,NA,NA,NA,NA,NA,NA,NA,NA,0,NA,NA,NA,957,164,NA,NA,NA,NA,NA,NA,NA,0,NA,NA,NA,NA,NA,NA,NA,NA,NA,NA,NA,NA,0.15220700152207,13.622526636225265,NA,NA,NA,NA,NA,NA,NA,NA,NA,NA,NA,NA,0.076103500761035,NA,NA,0.15220700152207,NA,NA,0.228310502283105,NA,0.076103500761035,NA,NA,NA,NA,NA,NA,NA,NA,NA,NA,NA,0,NA,NA,NA,72.8310502283105,12.480974124809741,NA,NA,NA,NA,NA,NA,NA,0,NA,NA,NA,NA,NA,NA,NA,NA,NA
32035,2005,32,Ourense,35,Irixo (O),1872,1271,601,5,5,1261,1266,67.89529914529915,NA,NA,NA,1,118,NA,NA,NA,NA,0,NA,NA,NA,NA,NA,NA,0,NA,NA,NA,NA,NA,NA,3,0,0,NA,NA,NA,NA,NA,NA,3,NA,NA,NA,NA,0,NA,NA,NA,827,309,NA,NA,NA,NA,NA,NA,NA,NA,NA,NA,NA,NA,NA,NA,NA,NA,NA,NA,NA,NA,0.07898894154818326,9.320695102685624,NA,NA,NA,NA,0,NA,NA,NA,NA,NA,NA,0,NA,NA,NA,NA,NA,NA,0.23696682464454977,0,0,NA,NA,NA,NA,NA,NA,0.23696682464454977,NA,NA,NA,NA,0,NA,NA,NA,65.32385466034755,24.407582938388625,NA,NA,NA,NA,NA,NA,NA,NA,NA,NA,NA,NA,NA,NA,NA,NA,NA
32035,2009,32,Ourense,35,Irixo (O),1703,1225,478,9,2,1214,1216,71.931884908984145,NA,NA,NA,NA,135,NA,NA,NA,NA,NA,NA,NA,NA,NA,NA,NA,0,NA,NA,NA,NA,NA,NA,0,0,0,NA,0,NA,NA,NA,NA,1,NA,NA,NA,NA,1,NA,NA,NA,791,279,NA,1,NA,NA,NA,NA,NA,NA,NA,1,NA,0,NA,NA,5,NA,NA,NA,NA,NA,NA,11.101973684210527,NA,NA,NA,NA,NA,NA,NA,NA,NA,NA,NA,0,NA,NA,NA,NA,NA,NA,0,0,0,NA,0,NA,NA,NA,NA,0.08223684210526315,NA,NA,NA,NA,0.08223684210526315,NA,NA,NA,65.04934210526315,22.94407894736842,NA,0.08223684210526315,NA,NA,NA,NA,NA,NA,NA,0.08223684210526315,NA,0,NA,NA,0.41118421052631576,NA,NA
32035,2012,32,Ourense,35,Irixo (O),1621,1075,546,19,11,1045,1056,66.31708821714992,0,65,NA,NA,29,NA,6,NA,1,NA,NA,NA,NA,9,0,NA,2,NA,3,NA,NA,NA,NA,NA,0,NA,NA,NA,0,NA,NA,NA,NA,NA,3,NA,0,0,1,NA,NA,678,233,2,0,0,NA,NA,0,9,0,NA,NA,1,NA,NA,0,3,NA,NA,0,6.15530303030303,NA,NA,2.746212121212121,NA,0.5681818181818182,NA,0.0946969696969697,NA,NA,NA,NA,0.8522727272727272,0,NA,0.1893939393939394,NA,0.2840909090909091,NA,NA,NA,NA,NA,0,NA,NA,NA,0,NA,NA,NA,NA,NA,0.2840909090909091,NA,0,0,0.0946969696969697,NA,NA,64.20454545454545,22.064393939393938,0.1893939393939394,0,0,NA,NA,0,0.8522727272727272,0,NA,NA,0.0946969696969697,NA,NA,0,0.2840909090909091,NA,NA
32035,2016,32,Ourense,35,O Irixo,1446,903,545,2,5,896,901,62.448132780082986,0,NA,0,NA,NA,39,0,0,NA,NA,NA,NA,17,1,NA,NA,8,NA,0,NA,NA,70,NA,NA,NA,NA,2,NA,NA,NA,NA,NA,NA,0,3,1,0,NA,NA,NA,NA,649,106,NA,NA,NA,0,NA,NA,NA,NA,NA,NA,NA,NA,0,NA,NA,0,NA,0,NA,0,NA,NA,4.328523862375139,0,0,NA,NA,NA,NA,1.8867924528301887,0.11098779134295228,NA,NA,0.8879023307436182,NA,0,NA,NA,7.769145394006658,NA,NA,NA,NA,0.22197558268590456,NA,NA,NA,NA,NA,NA,0,0.3329633740288568,0.11098779134295228,0,NA,NA,NA,NA,72.03107658157603,11.76470588235294,NA,NA,NA,0,NA,NA,NA,NA,NA,NA,NA,NA,0,NA,NA,0,NA
32035,2020,32,Ourense,35,O Irixo,1317,824,493,6,7,811,818,62.56643887623387,NA,NA,NA,NA,80,NA,NA,NA,NA,NA,1317,1,2,NA,NA,NA,NA,NA,0,NA,NA,1,NA,NA,NA,NA,NA,NA,NA,NA,NA,NA,NA,NA,0,NA,0,NA,NA,NA,11,611,87,NA,0,NA,NA,4,NA,NA,NA,NA,NA,NA,NA,NA,NA,NA,NA,14,NA,NA,NA,NA,9.7799511002445,NA,NA,NA,NA,NA,161.00244498777505,0.12224938875305623,0.24449877750611246,NA,NA,NA,NA,NA,0,NA,NA,0.12224938875305623,NA,NA,NA,NA,NA,NA,NA,NA,NA,NA,NA,NA,0,NA,0,NA,NA,NA,1.3447432762836184,74.69437652811736,10.635696821515893,NA,0,NA,NA,0.4889975550122249,NA,NA,NA,NA,NA,NA,NA,NA,NA,NA,NA,1.7114914425427872
32035,2024,32,Ourense,35,O Irixo,1251,814,437,1,5,808,813,65.06794564348522,NA,NA,NA,NA,143,NA,NA,NA,NA,NA,1251,NA,NA,NA,NA,NA,23,NA,0,8,NA,NA,NA,NA,NA,NA,NA,NA,NA,NA,NA,NA,NA,NA,2,NA,NA,NA,NA,2,NA,513,91,NA,0,NA,NA,NA,NA,NA,NA,1,NA,NA,NA,NA,NA,NA,NA,25,NA,NA,NA,NA,17.589175891758916,NA,NA,NA,NA,NA,153.87453874538747,NA,NA,NA,NA,NA,2.8290282902829027,NA,0,0.984009840098401,NA,NA,NA,NA,NA,NA,NA,NA,NA,NA,NA,NA,NA,NA,0.24600246002460024,NA,NA,NA,NA,0.24600246002460024,NA,63.09963099630996,11.193111931119311,NA,0,NA,NA,NA,NA,NA,NA,0.12300123001230012,NA,NA,NA,NA,NA,NA,NA,3.075030750307503
32036,2001,32,Ourense,36,Xunqueira de Ambía,1901,1501,400,6,15,1480,1495,78.95844292477643,NA,NA,NA,3,180,NA,NA,NA,NA,NA,NA,NA,NA,NA,NA,NA,NA,2,NA,NA,2,NA,NA,1,NA,7,NA,NA,NA,NA,NA,NA,NA,NA,NA,NA,NA,0,NA,NA,NA,1145,140,NA,NA,NA,NA,NA,NA,NA,0,NA,NA,NA,NA,NA,NA,NA,NA,NA,NA,NA,NA,0.2006688963210702,12.040133779264215,NA,NA,NA,NA,NA,NA,NA,NA,NA,NA,NA,NA,0.13377926421404682,NA,NA,0.13377926421404682,NA,NA,0.06688963210702341,NA,0.46822742474916385,NA,NA,NA,NA,NA,NA,NA,NA,NA,NA,NA,0,NA,NA,NA,76.58862876254182,9.364548494983277,NA,NA,NA,NA,NA,NA,NA,0,NA,NA,NA,NA,NA,NA,NA,NA,NA
32036,2005,32,Ourense,36,Xunqueira de Ambía,1741,1371,370,24,10,1337,1347,78.7478460654796,NA,NA,NA,3,183,NA,NA,NA,NA,1,NA,NA,NA,NA,NA,NA,0,NA,NA,NA,NA,NA,NA,5,0,1,NA,NA,NA,NA,NA,NA,1,NA,NA,NA,NA,2,NA,NA,NA,901,240,NA,NA,NA,NA,NA,NA,NA,NA,NA,NA,NA,NA,NA,NA,NA,NA,NA,NA,NA,NA,0.22271714922048996,13.585746102449889,NA,NA,NA,NA,0.07423904974016332,NA,NA,NA,NA,NA,NA,0,NA,NA,NA,NA,NA,NA,0.3711952487008166,0,0.07423904974016332,NA,NA,NA,NA,NA,NA,0.07423904974016332,NA,NA,NA,NA,0.14847809948032664,NA,NA,NA,66.88938381588716,17.817371937639198,NA,NA,NA,NA,NA,NA,NA,NA,NA,NA,NA,NA,NA,NA,NA,NA,NA
32036,2009,32,Ourense,36,Xunqueira de Ambía,1629,1307,322,9,11,1287,1298,80.23327194597913,NA,NA,NA,NA,179,NA,NA,NA,NA,NA,NA,NA,NA,NA,NA,NA,4,NA,NA,NA,NA,NA,NA,2,1,0,NA,0,NA,NA,NA,NA,1,NA,NA,NA,NA,0,NA,NA,NA,866,230,NA,0,NA,NA,NA,NA,NA,NA,NA,2,NA,0,NA,NA,2,NA,NA,NA,NA,NA,NA,13.7904468412943,NA,NA,NA,NA,NA,NA,NA,NA,NA,NA,NA,0.30816640986132515,NA,NA,NA,NA,NA,NA,0.15408320493066258,0.07704160246533129,0,NA,0,NA,NA,NA,NA,0.07704160246533129,NA,NA,NA,NA,0,NA,NA,NA,66.71802773497689,17.719568567026194,NA,0,NA,NA,NA,NA,NA,NA,NA,0.15408320493066258,NA,0,NA,NA,0.15408320493066258,NA,NA
32036,2012,32,Ourense,36,Xunqueira de Ambía,1493,1124,369,15,23,1086,1109,75.284661754856,0,44,NA,NA,105,NA,1,NA,2,NA,NA,NA,NA,11,0,NA,7,NA,8,NA,NA,NA,NA,NA,0,NA,NA,NA,0,NA,NA,NA,NA,NA,5,NA,0,0,2,NA,NA,735,139,0,0,1,NA,NA,0,18,0,NA,NA,2,NA,NA,0,6,NA,NA,0,3.967538322813345,NA,NA,9.467989179440938,NA,0.09017132551848511,NA,0.18034265103697023,NA,NA,NA,NA,0.9918845807033363,0,NA,0.6311992786293958,NA,0.7213706041478809,NA,NA,NA,NA,NA,0,NA,NA,NA,0,NA,NA,NA,NA,NA,0.4508566275924256,NA,0,0,0.18034265103697023,NA,NA,66.27592425608655,12.533814247069433,0,0,0.09017132551848511,NA,NA,0,1.6230838593327321,0,NA,NA,0.18034265103697023,NA,NA,0,0.5410279531109108,NA,NA
32036,2016,32,Ourense,36,Xunqueira de Ambía,1337,971,366,10,1,960,961,72.62528047868362,0,NA,0,NA,NA,62,0,0,NA,NA,NA,NA,29,0,NA,NA,21,NA,0,NA,NA,100,NA,NA,NA,NA,0,NA,NA,NA,NA,NA,NA,0,4,3,0,NA,NA,NA,NA,650,89,NA,NA,NA,2,NA,NA,NA,NA,NA,NA,NA,NA,0,NA,NA,0,NA,0,NA,0,NA,NA,6.451612903225806,0,0,NA,NA,NA,NA,3.0176899063475546,0,NA,NA,2.18522372528616,NA,0,NA,NA,10.40582726326743,NA,NA,NA,NA,0,NA,NA,NA,NA,NA,NA,0,0.41623309053069724,0.31217481789802287,0,NA,NA,NA,NA,67.63787721123829,9.261186264308012,NA,NA,NA,0.20811654526534862,NA,NA,NA,NA,NA,NA,NA,NA,0,NA,NA,0,NA
32036,2020,32,Ourense,36,Xunqueira de Ambía,1246,850,396,5,5,840,845,68.21829855537722,NA,NA,NA,NA,162,NA,NA,NA,NA,NA,1246,0,4,NA,NA,NA,NA,NA,1,NA,NA,2,NA,NA,NA,NA,NA,NA,NA,NA,NA,NA,NA,NA,1,NA,0,NA,NA,NA,7,563,84,NA,2,NA,NA,1,NA,NA,NA,NA,NA,NA,NA,NA,NA,NA,NA,13,NA,NA,NA,NA,19.171597633136095,NA,NA,NA,NA,NA,147.45562130177515,0,0.4733727810650888,NA,NA,NA,NA,NA,0.1183431952662722,NA,NA,0.2366863905325444,NA,NA,NA,NA,NA,NA,NA,NA,NA,NA,NA,NA,0.1183431952662722,NA,0,NA,NA,NA,0.8284023668639053,66.62721893491124,9.940828402366863,NA,0.2366863905325444,NA,NA,0.1183431952662722,NA,NA,NA,NA,NA,NA,NA,NA,NA,NA,NA,1.5384615384615385
32036,2024,32,Ourense,36,Xunqueira de Ambía,1194,927,267,2,8,917,925,77.63819095477386,NA,NA,NA,NA,285,NA,NA,NA,NA,NA,1194,NA,NA,NA,NA,NA,44,NA,0,0,NA,NA,NA,NA,NA,NA,NA,NA,NA,NA,NA,NA,NA,NA,1,NA,NA,NA,NA,0,NA,525,41,NA,0,NA,NA,NA,NA,NA,NA,5,NA,NA,NA,NA,NA,NA,NA,16,NA,NA,NA,NA,30.810810810810814,NA,NA,NA,NA,NA,129.08108108108107,NA,NA,NA,NA,NA,4.756756756756757,NA,0,0,NA,NA,NA,NA,NA,NA,NA,NA,NA,NA,NA,NA,NA,NA,0.10810810810810811,NA,NA,NA,NA,0,NA,56.75675675675676,4.4324324324324325,NA,0,NA,NA,NA,NA,NA,NA,0.5405405405405406,NA,NA,NA,NA,NA,NA,NA,1.7297297297297298
32037,2001,32,Ourense,37,Xunqueira de Espadanedo,940,696,244,5,3,688,691,74.04255319148936,NA,NA,NA,0,88,NA,NA,NA,NA,NA,NA,NA,NA,NA,NA,NA,NA,0,NA,NA,1,NA,NA,0,NA,2,NA,NA,NA,NA,NA,NA,NA,NA,NA,NA,NA,0,NA,NA,NA,538,59,NA,NA,NA,NA,NA,NA,NA,0,NA,NA,NA,NA,NA,NA,NA,NA,NA,NA,NA,NA,0,12.735166425470332,NA,NA,NA,NA,NA,NA,NA,NA,NA,NA,NA,NA,0,NA,NA,0.1447178002894356,NA,NA,0,NA,0.2894356005788712,NA,NA,NA,NA,NA,NA,NA,NA,NA,NA,NA,0,NA,NA,NA,77.85817655571635,8.5383502170767,NA,NA,NA,NA,NA,NA,NA,0,NA,NA,NA,NA,NA,NA,NA,NA,NA
32037,2005,32,Ourense,37,Xunqueira de Espadanedo,900,679,221,7,8,664,672,75.44444444444444,NA,NA,NA,1,101,NA,NA,NA,NA,0,NA,NA,NA,NA,NA,NA,0,NA,NA,NA,NA,NA,NA,0,0,0,NA,NA,NA,NA,NA,NA,1,NA,NA,NA,NA,0,NA,NA,NA,451,110,NA,NA,NA,NA,NA,NA,NA,NA,NA,NA,NA,NA,NA,NA,NA,NA,NA,NA,NA,NA,0.1488095238095238,15.029761904761903,NA,NA,NA,NA,0,NA,NA,NA,NA,NA,NA,0,NA,NA,NA,NA,NA,NA,0,0,0,NA,NA,NA,NA,NA,NA,0.1488095238095238,NA,NA,NA,NA,0,NA,NA,NA,67.11309523809523,16.36904761904762,NA,NA,NA,NA,NA,NA,NA,NA,NA,NA,NA,NA,NA,NA,NA,NA,NA
32037,2009,32,Ourense,37,Xunqueira de Espadanedo,863,678,185,7,6,665,671,78.56315179606025,NA,NA,NA,NA,175,NA,NA,NA,NA,NA,NA,NA,NA,NA,NA,NA,1,NA,NA,NA,NA,NA,NA,2,0,0,NA,0,NA,NA,NA,NA,0,NA,NA,NA,NA,1,NA,NA,NA,382,102,NA,1,NA,NA,NA,NA,NA,NA,NA,0,NA,0,NA,NA,1,NA,NA,NA,NA,NA,NA,26.08047690014903,NA,NA,NA,NA,NA,NA,NA,NA,NA,NA,NA,0.14903129657228018,NA,NA,NA,NA,NA,NA,0.29806259314456035,0,0,NA,0,NA,NA,NA,NA,0,NA,NA,NA,NA,0.14903129657228018,NA,NA,NA,56.92995529061102,15.201192250372578,NA,0.14903129657228018,NA,NA,NA,NA,NA,NA,NA,0,NA,0,NA,NA,0.14903129657228018,NA,NA
32037,2012,32,Ourense,37,Xunqueira de Espadanedo,796,561,235,29,13,519,532,70.47738693467338,0,27,NA,NA,37,NA,0,NA,0,NA,NA,NA,NA,10,0,NA,6,NA,8,NA,NA,NA,NA,NA,0,NA,NA,NA,0,NA,NA,NA,NA,NA,6,NA,0,0,0,NA,NA,332,87,0,0,0,NA,NA,0,3,0,NA,NA,0,NA,NA,0,3,NA,NA,0,5.075187969924812,NA,NA,6.954887218045112,NA,0,NA,0,NA,NA,NA,NA,1.8796992481203008,0,NA,1.1278195488721803,NA,1.5037593984962405,NA,NA,NA,NA,NA,0,NA,NA,NA,0,NA,NA,NA,NA,NA,1.1278195488721803,NA,0,0,0,NA,NA,62.40601503759399,16.35338345864662,0,0,0,NA,NA,0,0.5639097744360901,0,NA,NA,0,NA,NA,0,0.5639097744360901,NA,NA
32037,2016,32,Ourense,37,Xunqueira de Espadanedo,718,499,219,12,5,482,487,69.49860724233984,0,NA,0,NA,NA,10,0,0,NA,NA,NA,NA,22,0,NA,NA,7,NA,0,NA,NA,46,NA,NA,NA,NA,0,NA,NA,NA,NA,NA,NA,0,2,0,0,NA,NA,NA,NA,334,59,NA,NA,NA,2,NA,NA,NA,NA,NA,NA,NA,NA,0,NA,NA,0,NA,0,NA,0,NA,NA,2.0533880903490758,0,0,NA,NA,NA,NA,4.517453798767967,0,NA,NA,1.4373716632443532,NA,0,NA,NA,9.44558521560575,NA,NA,NA,NA,0,NA,NA,NA,NA,NA,NA,0,0.41067761806981523,0,0,NA,NA,NA,NA,68.58316221765914,12.114989733059549,NA,NA,NA,0.41067761806981523,NA,NA,NA,NA,NA,NA,NA,NA,0,NA,NA,0,NA
32037,2020,32,Ourense,37,Xunqueira de Espadanedo,678,430,248,8,5,417,422,63.421828908554566,NA,NA,NA,NA,54,NA,NA,NA,NA,NA,678,0,2,NA,NA,NA,NA,NA,0,NA,NA,0,NA,NA,NA,NA,NA,NA,NA,NA,NA,NA,NA,NA,0,NA,0,NA,NA,NA,3,296,60,NA,0,NA,NA,0,NA,NA,NA,NA,NA,NA,NA,NA,NA,NA,NA,2,NA,NA,NA,NA,12.796208530805686,NA,NA,NA,NA,NA,160.66350710900474,0,0.47393364928909953,NA,NA,NA,NA,NA,0,NA,NA,0,NA,NA,NA,NA,NA,NA,NA,NA,NA,NA,NA,NA,0,NA,0,NA,NA,NA,0.7109004739336493,70.14218009478674,14.218009478672986,NA,0,NA,NA,0,NA,NA,NA,NA,NA,NA,NA,NA,NA,NA,NA,0.47393364928909953
32037,2024,32,Ourense,37,Xunqueira de Espadanedo,603,427,176,0,3,424,427,70.81260364842454,NA,NA,NA,NA,78,NA,NA,NA,NA,NA,603,NA,NA,NA,NA,NA,25,NA,1,0,NA,NA,NA,NA,NA,NA,NA,NA,NA,NA,NA,NA,NA,NA,0,NA,NA,NA,NA,1,NA,276,35,NA,1,NA,NA,NA,NA,NA,NA,2,NA,NA,NA,NA,NA,NA,NA,5,NA,NA,NA,NA,18.26697892271663,NA,NA,NA,NA,NA,141.21779859484778,NA,NA,NA,NA,NA,5.85480093676815,NA,0.234192037470726,0,NA,NA,NA,NA,NA,NA,NA,NA,NA,NA,NA,NA,NA,NA,0,NA,NA,NA,NA,0.234192037470726,NA,64.63700234192038,8.19672131147541,NA,0.234192037470726,NA,NA,NA,NA,NA,NA,0.468384074941452,NA,NA,NA,NA,NA,NA,NA,1.1709601873536302
32038,2001,32,Ourense,38,Larouco,543,405,138,1,4,400,404,74.58563535911603,NA,NA,NA,1,66,NA,NA,NA,NA,NA,NA,NA,NA,NA,NA,NA,NA,0,NA,NA,1,NA,NA,2,NA,0,NA,NA,NA,NA,NA,NA,NA,NA,NA,NA,NA,0,NA,NA,NA,267,63,NA,NA,NA,NA,NA,NA,NA,0,NA,NA,NA,NA,NA,NA,NA,NA,NA,NA,NA,NA,0.24752475247524752,16.33663366336634,NA,NA,NA,NA,NA,NA,NA,NA,NA,NA,NA,NA,0,NA,NA,0.24752475247524752,NA,NA,0.49504950495049505,NA,0,NA,NA,NA,NA,NA,NA,NA,NA,NA,NA,NA,0,NA,NA,NA,66.0891089108911,15.594059405940595,NA,NA,NA,NA,NA,NA,NA,0,NA,NA,NA,NA,NA,NA,NA,NA,NA
32038,2005,32,Ourense,38,Larouco,505,396,109,0,3,393,396,78.41584158415841,NA,NA,NA,0,33,NA,NA,NA,NA,2,NA,NA,NA,NA,NA,NA,1,NA,NA,NA,NA,NA,NA,0,0,0,NA,NA,NA,NA,NA,NA,0,NA,NA,NA,NA,1,NA,NA,NA,253,103,NA,NA,NA,NA,NA,NA,NA,NA,NA,NA,NA,NA,NA,NA,NA,NA,NA,NA,NA,NA,0,8.333333333333332,NA,NA,NA,NA,0.5050505050505051,NA,NA,NA,NA,NA,NA,0.25252525252525254,NA,NA,NA,NA,NA,NA,0,0,0,NA,NA,NA,NA,NA,NA,0,NA,NA,NA,NA,0.25252525252525254,NA,NA,NA,63.888888888888886,26.01010101010101,NA,NA,NA,NA,NA,NA,NA,NA,NA,NA,NA,NA,NA,NA,NA,NA,NA
32038,2009,32,Ourense,38,Larouco,531,381,150,5,4,372,376,71.75141242937853,NA,NA,NA,NA,34,NA,NA,NA,NA,NA,NA,NA,NA,NA,NA,NA,0,NA,NA,NA,NA,NA,NA,0,1,0,NA,0,NA,NA,NA,NA,0,NA,NA,NA,NA,0,NA,NA,NA,228,101,NA,0,NA,NA,NA,NA,NA,NA,NA,2,NA,0,NA,NA,6,NA,NA,NA,NA,NA,NA,9.042553191489363,NA,NA,NA,NA,NA,NA,NA,NA,NA,NA,NA,0,NA,NA,NA,NA,NA,NA,0,0.26595744680851063,0,NA,0,NA,NA,NA,NA,0,NA,NA,NA,NA,0,NA,NA,NA,60.63829787234043,26.861702127659576,NA,0,NA,NA,NA,NA,NA,NA,NA,0.5319148936170213,NA,0,NA,NA,1.5957446808510638,NA,NA
32038,2012,32,Ourense,38,Larouco,507,295,212,6,8,281,289,58.18540433925049,0,17,NA,NA,19,NA,0,NA,0,NA,NA,NA,NA,1,0,NA,0,NA,0,NA,NA,NA,NA,NA,0,NA,NA,NA,0,NA,NA,NA,NA,NA,0,NA,0,0,0,NA,NA,168,67,0,0,0,NA,NA,0,6,0,NA,NA,1,NA,NA,0,2,NA,NA,0,5.88235294117647,NA,NA,6.5743944636678195,NA,0,NA,0,NA,NA,NA,NA,0.34602076124567477,0,NA,0,NA,0,NA,NA,NA,NA,NA,0,NA,NA,NA,0,NA,NA,NA,NA,NA,0,NA,0,0,0,NA,NA,58.13148788927336,23.18339100346021,0,0,0,NA,NA,0,2.0761245674740483,0,NA,NA,0.34602076124567477,NA,NA,0,0.6920415224913495,NA,NA
32038,2016,32,Ourense,38,Larouco,427,260,167,3,4,253,257,60.88992974238876,0,NA,0,NA,NA,7,0,0,NA,NA,NA,NA,7,0,NA,NA,2,NA,0,NA,NA,35,NA,NA,NA,NA,0,NA,NA,NA,NA,NA,NA,0,1,0,0,NA,NA,NA,NA,140,60,NA,NA,NA,0,NA,NA,NA,NA,NA,NA,NA,NA,0,NA,NA,1,NA,0,NA,0,NA,NA,2.7237354085603114,0,0,NA,NA,NA,NA,2.7237354085603114,0,NA,NA,0.7782101167315175,NA,0,NA,NA,13.618677042801556,NA,NA,NA,NA,0,NA,NA,NA,NA,NA,NA,0,0.38910505836575876,0,0,NA,NA,NA,NA,54.474708171206224,23.346303501945524,NA,NA,NA,0,NA,NA,NA,NA,NA,NA,NA,NA,0,NA,NA,0.38910505836575876,NA
32038,2020,32,Ourense,38,Larouco,395,242,153,6,1,235,236,61.26582278481013,NA,NA,NA,NA,25,NA,NA,NA,NA,NA,395,0,0,NA,NA,NA,NA,NA,0,NA,NA,1,NA,NA,NA,NA,NA,NA,NA,NA,NA,NA,NA,NA,1,NA,0,NA,NA,NA,5,149,49,NA,0,NA,NA,0,NA,NA,NA,NA,NA,NA,NA,NA,NA,NA,NA,5,NA,NA,NA,NA,10.59322033898305,NA,NA,NA,NA,NA,167.3728813559322,0,0,NA,NA,NA,NA,NA,0,NA,NA,0.423728813559322,NA,NA,NA,NA,NA,NA,NA,NA,NA,NA,NA,NA,0.423728813559322,NA,0,NA,NA,NA,2.11864406779661,63.13559322033898,20.76271186440678,NA,0,NA,NA,0,NA,NA,NA,NA,NA,NA,NA,NA,NA,NA,NA,2.11864406779661
32038,2024,32,Ourense,38,Larouco,389,254,135,3,1,250,251,65.29562982005142,NA,NA,NA,NA,51,NA,NA,NA,NA,NA,389,NA,NA,NA,NA,NA,3,NA,2,0,NA,NA,NA,NA,NA,NA,NA,NA,NA,NA,NA,NA,NA,NA,0,NA,NA,NA,NA,0,NA,157,31,NA,0,NA,NA,NA,NA,NA,NA,2,NA,NA,NA,NA,NA,NA,NA,4,NA,NA,NA,NA,20.318725099601593,NA,NA,NA,NA,NA,154.9800796812749,NA,NA,NA,NA,NA,1.1952191235059761,NA,0.796812749003984,0,NA,NA,NA,NA,NA,NA,NA,NA,NA,NA,NA,NA,NA,NA,0,NA,NA,NA,NA,0,NA,62.54980079681275,12.350597609561753,NA,0,NA,NA,NA,NA,NA,NA,0.796812749003984,NA,NA,NA,NA,NA,NA,NA,1.593625498007968
32039,2001,32,Ourense,39,Laza,1759,1174,585,7,8,1159,1167,66.74246731097215,NA,NA,NA,1,218,NA,NA,NA,NA,NA,NA,NA,NA,NA,NA,NA,NA,50,NA,NA,2,NA,NA,0,NA,1,NA,NA,NA,NA,NA,NA,NA,NA,NA,NA,NA,0,NA,NA,NA,733,154,NA,NA,NA,NA,NA,NA,NA,0,NA,NA,NA,NA,NA,NA,NA,NA,NA,NA,NA,NA,0.08568980291345331,18.68037703513282,NA,NA,NA,NA,NA,NA,NA,NA,NA,NA,NA,NA,4.284490145672665,NA,NA,0.17137960582690662,NA,NA,0,NA,0.08568980291345331,NA,NA,NA,NA,NA,NA,NA,NA,NA,NA,NA,0,NA,NA,NA,62.81062553556127,13.196229648671808,NA,NA,NA,NA,NA,NA,NA,0,NA,NA,NA,NA,NA,NA,NA,NA,NA
32039,2005,32,Ourense,39,Laza,1584,1194,390,2,6,1186,1192,75.37878787878788,NA,NA,NA,0,210,NA,NA,NA,NA,0,NA,NA,NA,NA,NA,NA,0,NA,NA,NA,NA,NA,NA,1,2,1,NA,NA,NA,NA,NA,NA,1,NA,NA,NA,NA,1,NA,NA,NA,695,275,NA,NA,NA,NA,NA,NA,NA,NA,NA,NA,NA,NA,NA,NA,NA,NA,NA,NA,NA,NA,0,17.61744966442953,NA,NA,NA,NA,0,NA,NA,NA,NA,NA,NA,0,NA,NA,NA,NA,NA,NA,0.08389261744966443,0.16778523489932887,0.08389261744966443,NA,NA,NA,NA,NA,NA,0.08389261744966443,NA,NA,NA,NA,0.08389261744966443,NA,NA,NA,58.305369127516784,23.070469798657715,NA,NA,NA,NA,NA,NA,NA,NA,NA,NA,NA,NA,NA,NA,NA,NA,NA
32039,2009,32,Ourense,39,Laza,1446,1084,362,7,9,1068,1077,74.96542185338866,NA,NA,NA,NA,350,NA,NA,NA,NA,NA,NA,NA,NA,NA,NA,NA,0,NA,NA,NA,NA,NA,NA,1,1,0,NA,0,NA,NA,NA,NA,0,NA,NA,NA,NA,0,NA,NA,NA,532,180,NA,0,NA,NA,NA,NA,NA,NA,NA,0,NA,0,NA,NA,4,NA,NA,NA,NA,NA,NA,32.49767873723305,NA,NA,NA,NA,NA,NA,NA,NA,NA,NA,NA,0,NA,NA,NA,NA,NA,NA,0.09285051067780872,0.09285051067780872,0,NA,0,NA,NA,NA,NA,0,NA,NA,NA,NA,0,NA,NA,NA,49.396471680594246,16.71309192200557,NA,0,NA,NA,NA,NA,NA,NA,NA,0,NA,0,NA,NA,0.3714020427112349,NA,NA
32039,2012,32,Ourense,39,Laza,1391,992,399,15,13,964,977,71.3156002875629,0,46,NA,NA,84,NA,1,NA,0,NA,NA,NA,NA,10,0,NA,2,NA,9,NA,NA,NA,NA,NA,2,NA,NA,NA,0,NA,NA,NA,NA,NA,2,NA,0,0,0,NA,NA,682,111,0,1,2,NA,NA,0,4,0,NA,NA,1,NA,NA,0,7,NA,NA,0,4.7082906857727735,NA,NA,8.597748208802457,NA,0.1023541453428864,NA,0,NA,NA,NA,NA,1.023541453428864,0,NA,0.2047082906857728,NA,0.9211873080859775,NA,NA,NA,NA,NA,0.2047082906857728,NA,NA,NA,0,NA,NA,NA,NA,NA,0.2047082906857728,NA,0,0,0,NA,NA,69.80552712384852,11.361310133060389,0,0.1023541453428864,0.2047082906857728,NA,NA,0,0.4094165813715456,0,NA,NA,0.1023541453428864,NA,NA,0,0.7164790174002047,NA,NA
32039,2016,32,Ourense,39,Laza,1266,987,279,10,5,972,977,77.96208530805687,0,NA,0,NA,NA,67,0,0,NA,NA,NA,NA,21,0,NA,NA,11,NA,0,NA,NA,147,NA,NA,NA,NA,1,NA,NA,NA,NA,NA,NA,0,6,0,1,NA,NA,NA,NA,604,113,NA,NA,NA,0,NA,NA,NA,NA,NA,NA,NA,NA,0,NA,NA,1,NA,0,NA,0,NA,NA,6.857727737973388,0,0,NA,NA,NA,NA,2.1494370522006143,0,NA,NA,1.1258955987717503,NA,0,NA,NA,15.046059365404298,NA,NA,NA,NA,0.1023541453428864,NA,NA,NA,NA,NA,NA,0,0.6141248720573182,0,0.1023541453428864,NA,NA,NA,NA,61.82190378710338,11.566018423746161,NA,NA,NA,0,NA,NA,NA,NA,NA,NA,NA,NA,0,NA,NA,0.1023541453428864,NA
32039,2020,32,Ourense,39,Laza,1139,761,378,7,7,747,754,66.81299385425812,NA,NA,NA,NA,183,NA,NA,NA,NA,NA,1139,0,4,NA,NA,NA,NA,NA,0,NA,NA,2,NA,NA,NA,NA,NA,NA,NA,NA,NA,NA,NA,NA,1,NA,0,NA,NA,NA,4,374,158,NA,0,NA,NA,0,NA,NA,NA,NA,NA,NA,NA,NA,NA,NA,NA,21,NA,NA,NA,NA,24.27055702917772,NA,NA,NA,NA,NA,151.06100795755967,0,0.5305039787798408,NA,NA,NA,NA,NA,0,NA,NA,0.2652519893899204,NA,NA,NA,NA,NA,NA,NA,NA,NA,NA,NA,NA,0.1326259946949602,NA,0,NA,NA,NA,0.5305039787798408,49.602122015915114,20.954907161803714,NA,0,NA,NA,0,NA,NA,NA,NA,NA,NA,NA,NA,NA,NA,NA,2.7851458885941645
32039,2024,32,Ourense,39,Laza,1070,782,288,3,4,775,779,73.08411214953271,NA,NA,NA,NA,214,NA,NA,NA,NA,NA,1070,NA,NA,NA,NA,NA,15,NA,0,4,NA,NA,NA,NA,NA,NA,NA,NA,NA,NA,NA,NA,NA,NA,2,NA,NA,NA,NA,4,NA,439,86,NA,0,NA,NA,NA,NA,NA,NA,2,NA,NA,NA,NA,NA,NA,NA,9,NA,NA,NA,NA,27.471116816431323,NA,NA,NA,NA,NA,137.3555840821566,NA,NA,NA,NA,NA,1.9255455712451863,NA,0,0.5134788189987163,NA,NA,NA,NA,NA,NA,NA,NA,NA,NA,NA,NA,NA,NA,0.25673940949935814,NA,NA,NA,NA,0.5134788189987163,NA,56.35430038510911,11.0397946084724,NA,0,NA,NA,NA,NA,NA,NA,0.25673940949935814,NA,NA,NA,NA,NA,NA,NA,1.1553273427471118
32040,2001,32,Ourense,40,Leiro,1765,1230,535,5,14,1211,1225,69.68838526912181,NA,NA,NA,0,246,NA,NA,NA,NA,NA,NA,NA,NA,NA,NA,NA,NA,18,NA,NA,1,NA,NA,0,NA,1,NA,NA,NA,NA,NA,NA,NA,NA,NA,NA,NA,2,NA,NA,NA,758,185,NA,NA,NA,NA,NA,NA,NA,0,NA,NA,NA,NA,NA,NA,NA,NA,NA,NA,NA,NA,0,20.081632653061224,NA,NA,NA,NA,NA,NA,NA,NA,NA,NA,NA,NA,1.4693877551020407,NA,NA,0.0816326530612245,NA,NA,0,NA,0.0816326530612245,NA,NA,NA,NA,NA,NA,NA,NA,NA,NA,NA,0.163265306122449,NA,NA,NA,61.87755102040816,15.10204081632653,NA,NA,NA,NA,NA,NA,NA,0,NA,NA,NA,NA,NA,NA,NA,NA,NA
32040,2005,32,Ourense,40,Leiro,1723,1291,432,10,12,1269,1281,74.92745211839814,NA,NA,NA,0,162,NA,NA,NA,NA,0,NA,NA,NA,NA,NA,NA,0,NA,NA,NA,NA,NA,NA,4,0,0,NA,NA,NA,NA,NA,NA,2,NA,NA,NA,NA,1,NA,NA,NA,755,345,NA,NA,NA,NA,NA,NA,NA,NA,NA,NA,NA,NA,NA,NA,NA,NA,NA,NA,NA,NA,0,12.646370023419204,NA,NA,NA,NA,0,NA,NA,NA,NA,NA,NA,0,NA,NA,NA,NA,NA,NA,0.312256049960968,0,0,NA,NA,NA,NA,NA,NA,0.156128024980484,NA,NA,NA,NA,0.078064012490242,NA,NA,NA,58.93832943013271,26.93208430913349,NA,NA,NA,NA,NA,NA,NA,NA,NA,NA,NA,NA,NA,NA,NA,NA,NA
32040,2009,32,Ourense,40,Leiro,1626,1260,366,14,7,1239,1246,77.49077490774908,NA,NA,NA,NA,176,NA,NA,NA,NA,NA,NA,NA,NA,NA,NA,NA,0,NA,NA,NA,NA,NA,NA,1,1,2,NA,0,NA,NA,NA,NA,3,NA,NA,NA,NA,2,NA,NA,NA,737,304,NA,2,NA,NA,NA,NA,NA,NA,NA,2,NA,0,NA,NA,9,NA,NA,NA,NA,NA,NA,14.125200642054574,NA,NA,NA,NA,NA,NA,NA,NA,NA,NA,NA,0,NA,NA,NA,NA,NA,NA,0.08025682182985554,0.08025682182985554,0.16051364365971107,NA,0,NA,NA,NA,NA,0.2407704654895666,NA,NA,NA,NA,0.16051364365971107,NA,NA,NA,59.14927768860353,24.398073836276083,NA,0.16051364365971107,NA,NA,NA,NA,NA,NA,NA,0.16051364365971107,NA,0,NA,NA,0.7223113964686998,NA,NA
32040,2012,32,Ourense,40,Leiro,1569,1130,439,15,22,1093,1115,72.02039515615041,0,45,NA,NA,104,NA,0,NA,0,NA,NA,NA,NA,4,0,NA,2,NA,10,NA,NA,NA,NA,NA,0,NA,NA,NA,0,NA,NA,NA,NA,NA,4,NA,0,0,2,NA,NA,665,238,1,0,0,NA,NA,0,16,0,NA,NA,0,NA,NA,0,2,NA,NA,0,4.0358744394618835,NA,NA,9.327354260089686,NA,0,NA,0,NA,NA,NA,NA,0.35874439461883406,0,NA,0.17937219730941703,NA,0.8968609865470852,NA,NA,NA,NA,NA,0,NA,NA,NA,0,NA,NA,NA,NA,NA,0.35874439461883406,NA,0,0,0.17937219730941703,NA,NA,59.64125560538116,21.345291479820627,0.08968609865470852,0,0,NA,NA,0,1.4349775784753362,0,NA,NA,0,NA,NA,0,0.17937219730941703,NA,NA
32040,2016,32,Ourense,40,Leiro,1477,1056,421,7,8,1041,1049,71.49627623561273,0,NA,0,NA,NA,88,0,0,NA,NA,NA,NA,15,0,NA,NA,10,NA,0,NA,NA,77,NA,NA,NA,NA,0,NA,NA,NA,NA,NA,NA,0,2,2,1,NA,NA,NA,NA,683,160,NA,NA,NA,3,NA,NA,NA,NA,NA,NA,NA,NA,0,NA,NA,0,NA,0,NA,0,NA,NA,8.388941849380362,0,0,NA,NA,NA,NA,1.4299332697807436,0,NA,NA,0.9532888465204957,NA,0,NA,NA,7.340324118207817,NA,NA,NA,NA,0,NA,NA,NA,NA,NA,NA,0,0.19065776930409914,0.19065776930409914,0.09532888465204957,NA,NA,NA,NA,65.10962821734985,15.252621544327932,NA,NA,NA,0.2859866539561487,NA,NA,NA,NA,NA,NA,NA,NA,0,NA,NA,0,NA
32040,2020,32,Ourense,40,Leiro,1374,935,439,7,11,917,928,68.04949053857351,NA,NA,NA,NA,133,NA,NA,NA,NA,NA,1374,0,10,NA,NA,NA,NA,NA,0,NA,NA,0,NA,NA,NA,NA,NA,NA,NA,NA,NA,NA,NA,NA,1,NA,0,NA,NA,NA,10,614,130,NA,0,NA,NA,1,NA,NA,NA,NA,NA,NA,NA,NA,NA,NA,NA,18,NA,NA,NA,NA,14.331896551724139,NA,NA,NA,NA,NA,148.06034482758622,0,1.0775862068965518,NA,NA,NA,NA,NA,0,NA,NA,0,NA,NA,NA,NA,NA,NA,NA,NA,NA,NA,NA,NA,0.10775862068965517,NA,0,NA,NA,NA,1.0775862068965518,66.16379310344827,14.00862068965517,NA,0,NA,NA,0.10775862068965517,NA,NA,NA,NA,NA,NA,NA,NA,NA,NA,NA,1.9396551724137931
32040,2024,32,Ourense,40,Leiro,1313,959,354,3,4,952,956,73.03884234577303,NA,NA,NA,NA,172,NA,NA,NA,NA,NA,1313,NA,NA,NA,NA,NA,29,NA,1,2,NA,NA,NA,NA,NA,NA,NA,NA,NA,NA,NA,NA,NA,NA,1,NA,NA,NA,NA,4,NA,610,114,NA,0,NA,NA,NA,NA,NA,NA,3,NA,NA,NA,NA,NA,NA,NA,16,NA,NA,NA,NA,17.99163179916318,NA,NA,NA,NA,NA,137.34309623430963,NA,NA,NA,NA,NA,3.0334728033472804,NA,0.10460251046025104,0.20920502092050208,NA,NA,NA,NA,NA,NA,NA,NA,NA,NA,NA,NA,NA,NA,0.10460251046025104,NA,NA,NA,NA,0.41841004184100417,NA,63.80753138075313,11.92468619246862,NA,0,NA,NA,NA,NA,NA,NA,0.3138075313807531,NA,NA,NA,NA,NA,NA,NA,1.6736401673640167
32041,2001,32,Ourense,41,Lobeira,1130,807,323,1,3,803,806,71.41592920353982,NA,NA,NA,0,100,NA,NA,NA,NA,NA,NA,NA,NA,NA,NA,NA,NA,2,NA,NA,0,NA,NA,0,NA,0,NA,NA,NA,NA,NA,NA,NA,NA,NA,NA,NA,0,NA,NA,NA,574,127,NA,NA,NA,NA,NA,NA,NA,0,NA,NA,NA,NA,NA,NA,NA,NA,NA,NA,NA,NA,0,12.40694789081886,NA,NA,NA,NA,NA,NA,NA,NA,NA,NA,NA,NA,0.24813895781637718,NA,NA,0,NA,NA,0,NA,0,NA,NA,NA,NA,NA,NA,NA,NA,NA,NA,NA,0,NA,NA,NA,71.21588089330024,15.75682382133995,NA,NA,NA,NA,NA,NA,NA,0,NA,NA,NA,NA,NA,NA,NA,NA,NA
32041,2005,32,Ourense,41,Lobeira,1070,790,280,5,2,783,785,73.83177570093457,NA,NA,NA,0,111,NA,NA,NA,NA,1,NA,NA,NA,NA,NA,NA,1,NA,NA,NA,NA,NA,NA,0,0,0,NA,NA,NA,NA,NA,NA,0,NA,NA,NA,NA,0,NA,NA,NA,511,159,NA,NA,NA,NA,NA,NA,NA,NA,NA,NA,NA,NA,NA,NA,NA,NA,NA,NA,NA,NA,0,14.140127388535031,NA,NA,NA,NA,0.12738853503184713,NA,NA,NA,NA,NA,NA,0.12738853503184713,NA,NA,NA,NA,NA,NA,0,0,0,NA,NA,NA,NA,NA,NA,0,NA,NA,NA,NA,0,NA,NA,NA,65.09554140127388,20.254777070063696,NA,NA,NA,NA,NA,NA,NA,NA,NA,NA,NA,NA,NA,NA,NA,NA,NA
32041,2009,32,Ourense,41,Lobeira,942,680,262,5,5,670,675,72.1868365180467,NA,NA,NA,NA,181,NA,NA,NA,NA,NA,NA,NA,NA,NA,NA,NA,0,NA,NA,NA,NA,NA,NA,0,0,0,NA,0,NA,NA,NA,NA,0,NA,NA,NA,NA,0,NA,NA,NA,319,166,NA,0,NA,NA,NA,NA,NA,NA,NA,1,NA,0,NA,NA,3,NA,NA,NA,NA,NA,NA,26.814814814814813,NA,NA,NA,NA,NA,NA,NA,NA,NA,NA,NA,0,NA,NA,NA,NA,NA,NA,0,0,0,NA,0,NA,NA,NA,NA,0,NA,NA,NA,NA,0,NA,NA,NA,47.25925925925926,24.592592592592595,NA,0,NA,NA,NA,NA,NA,NA,NA,0.14814814814814814,NA,0,NA,NA,0.4444444444444444,NA,NA
32041,2012,32,Ourense,41,Lobeira,831,505,326,9,7,489,496,60.770156438026476,0,29,NA,NA,37,NA,0,NA,0,NA,NA,NA,NA,11,0,NA,3,NA,3,NA,NA,NA,NA,NA,0,NA,NA,NA,0,NA,NA,NA,NA,NA,2,NA,0,0,0,NA,NA,299,101,1,0,0,NA,NA,0,3,0,NA,NA,0,NA,NA,0,0,NA,NA,0,5.846774193548387,NA,NA,7.459677419354839,NA,0,NA,0,NA,NA,NA,NA,2.217741935483871,0,NA,0.6048387096774194,NA,0.6048387096774194,NA,NA,NA,NA,NA,0,NA,NA,NA,0,NA,NA,NA,NA,NA,0.4032258064516129,NA,0,0,0,NA,NA,60.28225806451613,20.362903225806452,0.20161290322580644,0,0,NA,NA,0,0.6048387096774194,0,NA,NA,0,NA,NA,0,0,NA,NA
32041,2016,32,Ourense,41,Lobeira,772,504,268,6,1,497,498,65.28497409326425,0,NA,0,NA,NA,20,0,0,NA,NA,NA,NA,2,0,NA,NA,3,NA,0,NA,NA,43,NA,NA,NA,NA,0,NA,NA,NA,NA,NA,NA,0,1,0,0,NA,NA,NA,NA,346,79,NA,NA,NA,1,NA,NA,NA,NA,NA,NA,NA,NA,0,NA,NA,2,NA,0,NA,0,NA,NA,4.016064257028113,0,0,NA,NA,NA,NA,0.4016064257028112,0,NA,NA,0.6024096385542169,NA,0,NA,NA,8.634538152610443,NA,NA,NA,NA,0,NA,NA,NA,NA,NA,NA,0,0.2008032128514056,0,0,NA,NA,NA,NA,69.47791164658635,15.863453815261044,NA,NA,NA,0.2008032128514056,NA,NA,NA,NA,NA,NA,NA,NA,0,NA,NA,0.4016064257028112,NA
32041,2020,32,Ourense,41,Lobeira,726,451,275,5,3,443,446,62.121212121212125,NA,NA,NA,NA,49,NA,NA,NA,NA,NA,726,0,2,NA,NA,NA,NA,NA,0,NA,NA,0,NA,NA,NA,NA,NA,NA,NA,NA,NA,NA,NA,NA,0,NA,0,NA,NA,NA,8,295,80,NA,1,NA,NA,0,NA,NA,NA,NA,NA,NA,NA,NA,NA,NA,NA,8,NA,NA,NA,NA,10.986547085201794,NA,NA,NA,NA,NA,162.78026905829597,0,0.4484304932735426,NA,NA,NA,NA,NA,0,NA,NA,0,NA,NA,NA,NA,NA,NA,NA,NA,NA,NA,NA,NA,0,NA,0,NA,NA,NA,1.7937219730941705,66.14349775784754,17.937219730941703,NA,0.2242152466367713,NA,NA,0,NA,NA,NA,NA,NA,NA,NA,NA,NA,NA,NA,1.7937219730941705
32041,2024,32,Ourense,41,Lobeira,690,433,257,5,0,428,428,62.7536231884058,NA,NA,NA,NA,72,NA,NA,NA,NA,NA,690,NA,NA,NA,NA,NA,25,NA,2,0,NA,NA,NA,NA,NA,NA,NA,NA,NA,NA,NA,NA,NA,NA,1,NA,NA,NA,NA,2,NA,263,53,NA,0,NA,NA,NA,NA,NA,NA,2,NA,NA,NA,NA,NA,NA,NA,8,NA,NA,NA,NA,16.822429906542055,NA,NA,NA,NA,NA,161.21495327102804,NA,NA,NA,NA,NA,5.841121495327103,NA,0.46728971962616817,0,NA,NA,NA,NA,NA,NA,NA,NA,NA,NA,NA,NA,NA,NA,0.23364485981308408,NA,NA,NA,NA,0.46728971962616817,NA,61.44859813084113,12.383177570093459,NA,0,NA,NA,NA,NA,NA,NA,0.46728971962616817,NA,NA,NA,NA,NA,NA,NA,1.8691588785046727
32042,2001,32,Ourense,42,Lobios,2181,1585,596,5,13,1567,1580,72.67308574048602,NA,NA,NA,3,192,NA,NA,NA,NA,NA,NA,NA,NA,NA,NA,NA,NA,2,NA,NA,0,NA,NA,3,NA,1,NA,NA,NA,NA,NA,NA,NA,NA,NA,NA,NA,4,NA,NA,NA,1051,311,NA,NA,NA,NA,NA,NA,NA,0,NA,NA,NA,NA,NA,NA,NA,NA,NA,NA,NA,NA,0.18987341772151897,12.151898734177214,NA,NA,NA,NA,NA,NA,NA,NA,NA,NA,NA,NA,0.12658227848101267,NA,NA,0,NA,NA,0.18987341772151897,NA,0.06329113924050633,NA,NA,NA,NA,NA,NA,NA,NA,NA,NA,NA,0.25316455696202533,NA,NA,NA,66.51898734177215,19.68354430379747,NA,NA,NA,NA,NA,NA,NA,0,NA,NA,NA,NA,NA,NA,NA,NA,NA
32042,2005,32,Ourense,42,Lobios,2016,1553,463,16,18,1519,1537,77.03373015873017,NA,NA,NA,0,173,NA,NA,NA,NA,0,NA,NA,NA,NA,NA,NA,3,NA,NA,NA,NA,NA,NA,0,5,1,NA,NA,NA,NA,NA,NA,1,NA,NA,NA,NA,2,NA,NA,NA,936,398,NA,NA,NA,NA,NA,NA,NA,NA,NA,NA,NA,NA,NA,NA,NA,NA,NA,NA,NA,NA,0,11.25569290826285,NA,NA,NA,NA,0,NA,NA,NA,NA,NA,NA,0.1951854261548471,NA,NA,NA,NA,NA,NA,0,0.32530904359141183,0.06506180871828238,NA,NA,NA,NA,NA,NA,0.06506180871828238,NA,NA,NA,NA,0.13012361743656475,NA,NA,NA,60.89785296031229,25.894599869876384,NA,NA,NA,NA,NA,NA,NA,NA,NA,NA,NA,NA,NA,NA,NA,NA,NA
32042,2009,32,Ourense,42,Lobios,1864,1429,435,15,17,1397,1414,76.66309012875536,NA,NA,NA,NA,325,NA,NA,NA,NA,NA,NA,NA,NA,NA,NA,NA,1,NA,NA,NA,NA,NA,NA,0,4,0,NA,0,NA,NA,NA,NA,3,NA,NA,NA,NA,0,NA,NA,NA,651,408,NA,1,NA,NA,NA,NA,NA,NA,NA,0,NA,0,NA,NA,4,NA,NA,NA,NA,NA,NA,22.984441301272984,NA,NA,NA,NA,NA,NA,NA,NA,NA,NA,NA,0.07072135785007072,NA,NA,NA,NA,NA,NA,0,0.2828854314002829,0,NA,0,NA,NA,NA,NA,0.21216407355021216,NA,NA,NA,NA,0,NA,NA,NA,46.03960396039604,28.854314002828858,NA,0.07072135785007072,NA,NA,NA,NA,NA,NA,NA,0,NA,0,NA,NA,0.2828854314002829,NA,NA
32042,2012,32,Ourense,42,Lobios,1738,1145,593,28,24,1093,1117,65.88032220943614,0,70,NA,NA,62,NA,0,NA,0,NA,NA,NA,NA,27,0,NA,2,NA,4,NA,NA,NA,NA,NA,2,NA,NA,NA,0,NA,NA,NA,NA,NA,5,NA,0,0,4,NA,NA,712,180,1,1,0,NA,NA,0,18,0,NA,NA,0,NA,NA,0,5,NA,NA,0,6.266786034019696,NA,NA,5.550581915846016,NA,0,NA,0,NA,NA,NA,NA,2.4171888988361685,0,NA,0.17905102954341987,NA,0.35810205908683973,NA,NA,NA,NA,NA,0.17905102954341987,NA,NA,NA,0,NA,NA,NA,NA,NA,0.4476275738585497,NA,0,0,0.35810205908683973,NA,NA,63.74216651745748,16.11459265890779,0.08952551477170993,0.08952551477170993,0,NA,NA,0,1.611459265890779,0,NA,NA,0,NA,NA,0,0.4476275738585497,NA,NA
32042,2016,32,Ourense,42,Lobios,1564,1046,518,11,12,1023,1035,66.87979539641944,0,NA,0,NA,NA,33,0,0,NA,NA,NA,NA,23,1,NA,NA,11,NA,0,NA,NA,101,NA,NA,NA,NA,2,NA,NA,NA,NA,NA,NA,0,6,1,0,NA,NA,NA,NA,674,169,NA,NA,NA,1,NA,NA,NA,NA,NA,NA,NA,NA,0,NA,NA,1,NA,0,NA,0,NA,NA,3.1884057971014492,0,0,NA,NA,NA,NA,2.2222222222222223,0.0966183574879227,NA,NA,1.0628019323671498,NA,0,NA,NA,9.758454106280192,NA,NA,NA,NA,0.1932367149758454,NA,NA,NA,NA,NA,NA,0,0.5797101449275363,0.0966183574879227,0,NA,NA,NA,NA,65.1207729468599,16.32850241545894,NA,NA,NA,0.0966183574879227,NA,NA,NA,NA,NA,NA,NA,NA,0,NA,NA,0.0966183574879227,NA
32042,2020,32,Ourense,42,Lobios,1458,954,504,3,5,946,951,65.4320987654321,NA,NA,NA,NA,82,NA,NA,NA,NA,NA,1458,1,2,NA,NA,NA,NA,NA,0,NA,NA,0,NA,NA,NA,NA,NA,NA,NA,NA,NA,NA,NA,NA,3,NA,1,NA,NA,NA,31,655,151,NA,2,NA,NA,0,NA,NA,NA,NA,NA,NA,NA,NA,NA,NA,NA,18,NA,NA,NA,NA,8.622502628811777,NA,NA,NA,NA,NA,153.3123028391167,0.10515247108307045,0.2103049421661409,NA,NA,NA,NA,NA,0,NA,NA,0,NA,NA,NA,NA,NA,NA,NA,NA,NA,NA,NA,NA,0.31545741324921134,NA,0.10515247108307045,NA,NA,NA,3.2597266035751837,68.87486855941115,15.878023133543639,NA,0.2103049421661409,NA,NA,0,NA,NA,NA,NA,NA,NA,NA,NA,NA,NA,NA,1.8927444794952681
32042,2024,32,Ourense,42,Lobios,1570,990,580,8,8,974,982,63.05732484076433,NA,NA,NA,NA,142,NA,NA,NA,NA,NA,1570,NA,NA,NA,NA,NA,45,NA,1,0,NA,NA,NA,NA,NA,NA,NA,NA,NA,NA,NA,NA,NA,NA,1,NA,NA,NA,NA,13,NA,605,155,NA,1,NA,NA,NA,NA,NA,NA,2,NA,NA,NA,NA,NA,NA,NA,9,NA,NA,NA,NA,14.460285132382891,NA,NA,NA,NA,NA,159.87780040733196,NA,NA,NA,NA,NA,4.582484725050916,NA,0.10183299389002036,0,NA,NA,NA,NA,NA,NA,NA,NA,NA,NA,NA,NA,NA,NA,0.10183299389002036,NA,NA,NA,NA,1.3238289205702647,NA,61.608961303462316,15.784114052953157,NA,0.10183299389002036,NA,NA,NA,NA,NA,NA,0.20366598778004072,NA,NA,NA,NA,NA,NA,NA,0.9164969450101833
32043,2001,32,Ourense,43,Maceda,2856,2124,732,26,11,2087,2098,74.36974789915966,NA,NA,NA,1,474,NA,NA,NA,NA,NA,NA,NA,NA,NA,NA,NA,NA,1,NA,NA,1,NA,NA,4,NA,4,NA,NA,NA,NA,NA,NA,NA,NA,NA,NA,NA,3,NA,NA,NA,1379,220,NA,NA,NA,NA,NA,NA,NA,0,NA,NA,NA,NA,NA,NA,NA,NA,NA,NA,NA,NA,0.047664442326024785,22.592945662535747,NA,NA,NA,NA,NA,NA,NA,NA,NA,NA,NA,NA,0.047664442326024785,NA,NA,0.047664442326024785,NA,NA,0.19065776930409914,NA,0.19065776930409914,NA,NA,NA,NA,NA,NA,NA,NA,NA,NA,NA,0.14299332697807435,NA,NA,NA,65.72926596758818,10.486177311725452,NA,NA,NA,NA,NA,NA,NA,0,NA,NA,NA,NA,NA,NA,NA,NA,NA
32043,2005,32,Ourense,43,Maceda,2770,2151,619,11,12,2128,2140,77.6534296028881,NA,NA,NA,1,476,NA,NA,NA,NA,2,NA,NA,NA,NA,NA,NA,2,NA,NA,NA,NA,NA,NA,1,2,2,NA,NA,NA,NA,NA,NA,0,NA,NA,NA,NA,1,NA,NA,NA,1202,439,NA,NA,NA,NA,NA,NA,NA,NA,NA,NA,NA,NA,NA,NA,NA,NA,NA,NA,NA,NA,0.04672897196261683,22.242990654205606,NA,NA,NA,NA,0.09345794392523366,NA,NA,NA,NA,NA,NA,0.09345794392523366,NA,NA,NA,NA,NA,NA,0.04672897196261683,0.09345794392523366,0.09345794392523366,NA,NA,NA,NA,NA,NA,0,NA,NA,NA,NA,0.04672897196261683,NA,NA,NA,56.168224299065415,20.514018691588785,NA,NA,NA,NA,NA,NA,NA,NA,NA,NA,NA,NA,NA,NA,NA,NA,NA
32043,2009,32,Ourense,43,Maceda,2698,2159,539,17,25,2117,2142,80.02223869532988,NA,NA,NA,NA,788,NA,NA,NA,NA,NA,NA,NA,NA,NA,NA,NA,3,NA,NA,NA,NA,NA,NA,7,0,2,NA,2,NA,NA,NA,NA,0,NA,NA,NA,NA,0,NA,NA,NA,826,479,NA,3,NA,NA,NA,NA,NA,NA,NA,0,NA,1,NA,NA,6,NA,NA,NA,NA,NA,NA,36.78804855275444,NA,NA,NA,NA,NA,NA,NA,NA,NA,NA,NA,0.1400560224089636,NA,NA,NA,NA,NA,NA,0.32679738562091504,0,0.09337068160597572,NA,0.09337068160597572,NA,NA,NA,NA,0,NA,NA,NA,NA,0,NA,NA,NA,38.56209150326798,22.362278244631188,NA,0.1400560224089636,NA,NA,NA,NA,NA,NA,NA,0,NA,0.04668534080298786,NA,NA,0.2801120448179272,NA,NA
32043,2012,32,Ourense,43,Maceda,2657,1812,845,55,31,1726,1757,68.1972149040271,0,103,NA,NA,137,NA,0,NA,0,NA,NA,NA,NA,212,0,NA,3,NA,8,NA,NA,NA,NA,NA,1,NA,NA,NA,0,NA,NA,NA,NA,NA,8,NA,0,0,6,NA,NA,843,366,1,3,0,NA,NA,0,28,0,NA,NA,0,NA,NA,0,7,NA,NA,0,5.862265224815025,NA,NA,7.797381900967558,NA,0,NA,0,NA,NA,NA,NA,12.066021627774616,0,NA,0.1707455890722823,NA,0.4553215708594195,NA,NA,NA,NA,NA,0.056915196357427436,NA,NA,NA,0,NA,NA,NA,NA,NA,0.4553215708594195,NA,0,0,0.3414911781445646,NA,NA,47.97951052931133,20.83096186681844,0.056915196357427436,0.1707455890722823,0,NA,NA,0,1.593625498007968,0,NA,NA,0,NA,NA,0,0.398406374501992,NA,NA
32043,2016,32,Ourense,43,Maceda,2562,1728,834,18,4,1706,1710,67.44730679156909,0,NA,0,NA,NA,82,0,0,NA,NA,NA,NA,42,47,NA,NA,23,NA,0,NA,NA,252,NA,NA,NA,NA,1,NA,NA,NA,NA,NA,NA,0,5,2,0,NA,NA,NA,NA,1008,243,NA,NA,NA,1,NA,NA,NA,NA,NA,NA,NA,NA,0,NA,NA,0,NA,0,NA,0,NA,NA,4.7953216374269,0,0,NA,NA,NA,NA,2.456140350877193,2.7485380116959064,NA,NA,1.345029239766082,NA,0,NA,NA,14.736842105263156,NA,NA,NA,NA,0.058479532163742694,NA,NA,NA,NA,NA,NA,0,0.29239766081871343,0.11695906432748539,0,NA,NA,NA,NA,58.94736842105262,14.210526315789473,NA,NA,NA,0.058479532163742694,NA,NA,NA,NA,NA,NA,NA,NA,0,NA,NA,0,NA
32043,2020,32,Ourense,43,Maceda,2486,1489,997,15,8,1466,1474,59.89541432019308,NA,NA,NA,NA,288,NA,NA,NA,NA,NA,2486,0,12,NA,NA,NA,NA,NA,0,NA,NA,3,NA,NA,NA,NA,NA,NA,NA,NA,NA,NA,NA,NA,5,NA,0,NA,NA,NA,26,808,263,NA,0,NA,NA,32,NA,NA,NA,NA,NA,NA,NA,NA,NA,NA,NA,29,NA,NA,NA,NA,19.53867028493894,NA,NA,NA,NA,NA,168.65671641791045,0,0.8141112618724559,NA,NA,NA,NA,NA,0,NA,NA,0.20352781546811397,NA,NA,NA,NA,NA,NA,NA,NA,NA,NA,NA,NA,0.33921302578018997,NA,0,NA,NA,NA,1.7639077340569878,54.81682496607869,17.84260515603799,NA,0,NA,NA,2.1709633649932156,NA,NA,NA,NA,NA,NA,NA,NA,NA,NA,NA,1.967435549525102
32043,2024,32,Ourense,43,Maceda,2418,1610,808,19,18,1573,1591,66.58395368072787,NA,NA,NA,NA,488,NA,NA,NA,NA,NA,2418,NA,NA,NA,NA,NA,98,NA,2,10,NA,NA,NA,NA,NA,NA,NA,NA,NA,NA,NA,NA,NA,NA,2,NA,NA,NA,NA,0,NA,756,184,NA,1,NA,NA,NA,NA,NA,NA,5,NA,NA,NA,NA,NA,NA,NA,27,NA,NA,NA,NA,30.672532998114395,NA,NA,NA,NA,NA,151.9798868636078,NA,NA,NA,NA,NA,6.159648020113137,NA,0.1257071024512885,0.6285355122564426,NA,NA,NA,NA,NA,NA,NA,NA,NA,NA,NA,NA,NA,NA,0.1257071024512885,NA,NA,NA,NA,0,NA,47.51728472658705,11.565053425518542,NA,0.06285355122564425,NA,NA,NA,NA,NA,NA,0.3142677561282213,NA,NA,NA,NA,NA,NA,NA,1.697045883092395
32044,2001,32,Ourense,44,Manzaneda,1094,851,243,12,16,823,839,77.78793418647166,NA,NA,NA,0,107,NA,NA,NA,NA,NA,NA,NA,NA,NA,NA,NA,NA,122,NA,NA,0,NA,NA,0,NA,0,NA,NA,NA,NA,NA,NA,NA,NA,NA,NA,NA,0,NA,NA,NA,487,107,NA,NA,NA,NA,NA,NA,NA,0,NA,NA,NA,NA,NA,NA,NA,NA,NA,NA,NA,NA,0,12.753277711561385,NA,NA,NA,NA,NA,NA,NA,NA,NA,NA,NA,NA,14.541120381406436,NA,NA,0,NA,NA,0,NA,0,NA,NA,NA,NA,NA,NA,NA,NA,NA,NA,NA,0,NA,NA,NA,58.04529201430274,12.753277711561385,NA,NA,NA,NA,NA,NA,NA,0,NA,NA,NA,NA,NA,NA,NA,NA,NA
32044,2005,32,Ourense,44,Manzaneda,1020,827,193,6,3,818,821,81.07843137254902,NA,NA,NA,0,201,NA,NA,NA,NA,1,NA,NA,NA,NA,NA,NA,0,NA,NA,NA,NA,NA,NA,1,0,1,NA,NA,NA,NA,NA,NA,0,NA,NA,NA,NA,0,NA,NA,NA,452,162,NA,NA,NA,NA,NA,NA,NA,NA,NA,NA,NA,NA,NA,NA,NA,NA,NA,NA,NA,NA,0,24.482338611449453,NA,NA,NA,NA,0.12180267965895249,NA,NA,NA,NA,NA,NA,0,NA,NA,NA,NA,NA,NA,0.12180267965895249,0,0.12180267965895249,NA,NA,NA,NA,NA,NA,0,NA,NA,NA,NA,0,NA,NA,NA,55.054811205846534,19.732034104750305,NA,NA,NA,NA,NA,NA,NA,NA,NA,NA,NA,NA,NA,NA,NA,NA,NA
32044,2009,32,Ourense,44,Manzaneda,956,784,172,9,1,774,775,82.00836820083683,NA,NA,NA,NA,223,NA,NA,NA,NA,NA,NA,NA,NA,NA,NA,NA,0,NA,NA,NA,NA,NA,NA,0,0,0,NA,0,NA,NA,NA,NA,0,NA,NA,NA,NA,1,NA,NA,NA,319,230,NA,1,NA,NA,NA,NA,NA,NA,NA,0,NA,0,NA,NA,0,NA,NA,NA,NA,NA,NA,28.774193548387096,NA,NA,NA,NA,NA,NA,NA,NA,NA,NA,NA,0,NA,NA,NA,NA,NA,NA,0,0,0,NA,0,NA,NA,NA,NA,0,NA,NA,NA,NA,0.12903225806451613,NA,NA,NA,41.16129032258065,29.677419354838708,NA,0.12903225806451613,NA,NA,NA,NA,NA,NA,NA,0,NA,0,NA,NA,0,NA,NA
32044,2012,32,Ourense,44,Manzaneda,925,698,227,11,10,677,687,75.45945945945945,0,155,NA,NA,49,NA,1,NA,0,NA,NA,NA,NA,2,0,NA,2,NA,1,NA,NA,NA,NA,NA,0,NA,NA,NA,0,NA,NA,NA,NA,NA,1,NA,0,0,2,NA,NA,360,103,0,1,0,NA,NA,0,0,0,NA,NA,0,NA,NA,0,0,NA,NA,0,22.561863173216885,NA,NA,7.132459970887918,NA,0.1455604075691412,NA,0,NA,NA,NA,NA,0.2911208151382824,0,NA,0.2911208151382824,NA,0.1455604075691412,NA,NA,NA,NA,NA,0,NA,NA,NA,0,NA,NA,NA,NA,NA,0.1455604075691412,NA,0,0,0.2911208151382824,NA,NA,52.40174672489083,14.992721979621543,0,0.1455604075691412,0,NA,NA,0,0,0,NA,NA,0,NA,NA,0,0,NA,NA
32044,2016,32,Ourense,44,Manzaneda,862,660,202,6,1,653,654,76.5661252900232,0,NA,0,NA,NA,12,0,0,NA,NA,NA,NA,5,1,NA,NA,6,NA,0,NA,NA,250,NA,NA,NA,NA,0,NA,NA,NA,NA,NA,NA,0,0,1,0,NA,NA,NA,NA,316,61,NA,NA,NA,0,NA,NA,NA,NA,NA,NA,NA,NA,0,NA,NA,1,NA,0,NA,0,NA,NA,1.834862385321101,0,0,NA,NA,NA,NA,0.764525993883792,0.1529051987767584,NA,NA,0.9174311926605505,NA,0,NA,NA,38.226299694189606,NA,NA,NA,NA,0,NA,NA,NA,NA,NA,NA,0,0,0.1529051987767584,0,NA,NA,NA,NA,48.318042813455655,9.327217125382264,NA,NA,NA,0,NA,NA,NA,NA,NA,NA,NA,NA,0,NA,NA,0.1529051987767584,NA
32044,2020,32,Ourense,44,Manzaneda,774,548,226,8,4,536,540,70.80103359173127,NA,NA,NA,NA,80,NA,NA,NA,NA,NA,774,0,5,NA,NA,NA,NA,NA,1,NA,NA,0,NA,NA,NA,NA,NA,NA,NA,NA,NA,NA,NA,NA,6,NA,0,NA,NA,NA,7,284,144,NA,0,NA,NA,0,NA,NA,NA,NA,NA,NA,NA,NA,NA,NA,NA,9,NA,NA,NA,NA,14.814814814814813,NA,NA,NA,NA,NA,143.33333333333334,0,0.9259259259259258,NA,NA,NA,NA,NA,0.1851851851851852,NA,NA,0,NA,NA,NA,NA,NA,NA,NA,NA,NA,NA,NA,NA,1.1111111111111112,NA,0,NA,NA,NA,1.2962962962962963,52.59259259259259,26.666666666666668,NA,0,NA,NA,0,NA,NA,NA,NA,NA,NA,NA,NA,NA,NA,NA,1.6666666666666667
32044,2024,32,Ourense,44,Manzaneda,714,539,175,5,2,532,534,75.49019607843137,NA,NA,NA,NA,133,NA,NA,NA,NA,NA,714,NA,NA,NA,NA,NA,15,NA,1,1,NA,NA,NA,NA,NA,NA,NA,NA,NA,NA,NA,NA,NA,NA,2,NA,NA,NA,NA,0,NA,288,85,NA,0,NA,NA,NA,NA,NA,NA,4,NA,NA,NA,NA,NA,NA,NA,3,NA,NA,NA,NA,24.9063670411985,NA,NA,NA,NA,NA,133.7078651685393,NA,NA,NA,NA,NA,2.8089887640449436,NA,0.18726591760299627,0.18726591760299627,NA,NA,NA,NA,NA,NA,NA,NA,NA,NA,NA,NA,NA,NA,0.37453183520599254,NA,NA,NA,NA,0,NA,53.93258426966292,15.917602996254681,NA,0,NA,NA,NA,NA,NA,NA,0.7490636704119851,NA,NA,NA,NA,NA,NA,NA,0.5617977528089888
32045,2001,32,Ourense,45,Maside,2859,2154,705,10,21,2123,2144,75.34102833158447,NA,NA,NA,4,249,NA,NA,NA,NA,NA,NA,NA,NA,NA,NA,NA,NA,3,NA,NA,2,NA,NA,2,NA,2,NA,NA,NA,NA,NA,NA,NA,NA,NA,NA,NA,2,NA,NA,NA,1557,302,NA,NA,NA,NA,NA,NA,NA,0,NA,NA,NA,NA,NA,NA,NA,NA,NA,NA,NA,NA,0.18656716417910446,11.613805970149253,NA,NA,NA,NA,NA,NA,NA,NA,NA,NA,NA,NA,0.13992537313432835,NA,NA,0.09328358208955223,NA,NA,0.09328358208955223,NA,0.09328358208955223,NA,NA,NA,NA,NA,NA,NA,NA,NA,NA,NA,0.09328358208955223,NA,NA,NA,72.62126865671642,14.085820895522389,NA,NA,NA,NA,NA,NA,NA,0,NA,NA,NA,NA,NA,NA,NA,NA,NA
32045,2005,32,Ourense,45,Maside,2754,2172,582,11,20,2141,2161,78.86710239651417,NA,NA,NA,1,176,NA,NA,NA,NA,1,NA,NA,NA,NA,NA,NA,2,NA,NA,NA,NA,NA,NA,11,0,2,NA,NA,NA,NA,NA,NA,0,NA,NA,NA,NA,1,NA,NA,NA,1173,774,NA,NA,NA,NA,NA,NA,NA,NA,NA,NA,NA,NA,NA,NA,NA,NA,NA,NA,NA,NA,0.04627487274409996,8.144377602961592,NA,NA,NA,NA,0.04627487274409996,NA,NA,NA,NA,NA,NA,0.09254974548819991,NA,NA,NA,NA,NA,NA,0.5090236001850995,0,0.09254974548819991,NA,NA,NA,NA,NA,NA,0,NA,NA,NA,NA,0.04627487274409996,NA,NA,NA,54.28042572882924,35.81675150393336,NA,NA,NA,NA,NA,NA,NA,NA,NA,NA,NA,NA,NA,NA,NA,NA,NA
32045,2009,32,Ourense,45,Maside,2725,2236,489,21,24,2191,2215,82.05504587155963,NA,NA,NA,NA,137,NA,NA,NA,NA,NA,NA,NA,NA,NA,NA,NA,0,NA,NA,NA,NA,NA,NA,5,0,4,NA,1,NA,NA,NA,NA,0,NA,NA,NA,NA,1,NA,NA,NA,998,1032,NA,0,NA,NA,NA,NA,NA,NA,NA,1,NA,0,NA,NA,12,NA,NA,NA,NA,NA,NA,6.1851015801354405,NA,NA,NA,NA,NA,NA,NA,NA,NA,NA,NA,0,NA,NA,NA,NA,NA,NA,0.2257336343115124,0,0.1805869074492099,NA,0.04514672686230248,NA,NA,NA,NA,0,NA,NA,NA,NA,0.04514672686230248,NA,NA,NA,45.05643340857788,46.591422121896166,NA,0,NA,NA,NA,NA,NA,NA,NA,0.04514672686230248,NA,0,NA,NA,0.5417607223476297,NA,NA
32045,2012,32,Ourense,45,Maside,2584,1979,605,38,35,1906,1941,76.58668730650155,0,76,NA,NA,61,NA,0,NA,1,NA,NA,NA,NA,8,0,NA,8,NA,4,NA,NA,NA,NA,NA,0,NA,NA,NA,0,NA,NA,NA,NA,NA,2,NA,0,0,4,NA,NA,930,788,0,1,0,NA,NA,0,13,0,NA,NA,2,NA,NA,0,8,NA,NA,0,3.9155074703760953,NA,NA,3.1427099433281813,NA,0,NA,0.05151983513652757,NA,NA,NA,NA,0.41215868109222054,0,NA,0.41215868109222054,NA,0.20607934054611027,NA,NA,NA,NA,NA,0,NA,NA,NA,0,NA,NA,NA,NA,NA,0.10303967027305513,NA,0,0,0.20607934054611027,NA,NA,47.913446676970636,40.59763008758372,0,0.05151983513652757,0,NA,NA,0,0.6697578567748583,0,NA,NA,0.10303967027305513,NA,NA,0,0.41215868109222054,NA,NA
32045,2016,32,Ourense,45,Maside,2441,1652,789,20,22,1610,1632,67.67718148299878,0,NA,0,NA,NA,35,0,0,NA,NA,NA,NA,33,13,NA,NA,21,NA,0,NA,NA,172,NA,NA,NA,NA,2,NA,NA,NA,NA,NA,NA,0,9,0,0,NA,NA,NA,NA,975,347,NA,NA,NA,1,NA,NA,NA,NA,NA,NA,NA,NA,0,NA,NA,2,NA,0,NA,0,NA,NA,2.144607843137255,0,0,NA,NA,NA,NA,2.0220588235294117,0.7965686274509803,NA,NA,1.2867647058823528,NA,0,NA,NA,10.53921568627451,NA,NA,NA,NA,0.12254901960784313,NA,NA,NA,NA,NA,NA,0,0.5514705882352942,0,0,NA,NA,NA,NA,59.74264705882353,21.262254901960784,NA,NA,NA,0.061274509803921566,NA,NA,NA,NA,NA,NA,NA,NA,0,NA,NA,0.12254901960784313,NA
32045,2020,32,Ourense,45,Maside,2345,1660,685,22,18,1620,1638,70.78891257995735,NA,NA,NA,NA,171,NA,NA,NA,NA,NA,2345,3,9,NA,NA,NA,NA,NA,0,NA,NA,3,NA,NA,NA,NA,NA,NA,NA,NA,NA,NA,NA,NA,8,NA,3,NA,NA,NA,12,885,472,NA,1,NA,NA,20,NA,NA,NA,NA,NA,NA,NA,NA,NA,NA,NA,33,NA,NA,NA,NA,10.43956043956044,NA,NA,NA,NA,NA,143.16239316239316,0.18315018315018314,0.5494505494505495,NA,NA,NA,NA,NA,0,NA,NA,0.18315018315018314,NA,NA,NA,NA,NA,NA,NA,NA,NA,NA,NA,NA,0.4884004884004884,NA,0.18315018315018314,NA,NA,NA,0.7326007326007326,54.02930402930403,28.815628815628813,NA,0.06105006105006105,NA,NA,1.221001221001221,NA,NA,NA,NA,NA,NA,NA,NA,NA,NA,NA,2.0146520146520146
32045,2024,32,Ourense,45,Maside,2328,1646,682,25,9,1612,1621,70.7044673539519,NA,NA,NA,NA,291,NA,NA,NA,NA,NA,2328,NA,NA,NA,NA,NA,56,NA,2,21,NA,NA,NA,NA,NA,NA,NA,NA,NA,NA,NA,NA,NA,NA,7,NA,NA,NA,NA,0,NA,905,293,NA,3,NA,NA,NA,NA,NA,NA,7,NA,NA,NA,NA,NA,NA,NA,27,NA,NA,NA,NA,17.95188155459593,NA,NA,NA,NA,NA,143.61505243676743,NA,NA,NA,NA,NA,3.454657618753856,NA,0.12338062924120913,1.2954966070326959,NA,NA,NA,NA,NA,NA,NA,NA,NA,NA,NA,NA,NA,NA,0.431832202344232,NA,NA,NA,NA,0,NA,55.82973473164713,18.075262183837136,NA,0.1850709438618137,NA,NA,NA,NA,NA,NA,0.431832202344232,NA,NA,NA,NA,NA,NA,NA,1.6656384947563232
32046,2001,32,Ourense,46,Melón,1374,844,530,5,10,829,839,61.42649199417758,NA,NA,NA,0,154,NA,NA,NA,NA,NA,NA,NA,NA,NA,NA,NA,NA,0,NA,NA,1,NA,NA,2,NA,3,NA,NA,NA,NA,NA,NA,NA,NA,NA,NA,NA,0,NA,NA,NA,504,165,NA,NA,NA,NA,NA,NA,NA,0,NA,NA,NA,NA,NA,NA,NA,NA,NA,NA,NA,NA,0,18.35518474374255,NA,NA,NA,NA,NA,NA,NA,NA,NA,NA,NA,NA,0,NA,NA,0.11918951132300357,NA,NA,0.23837902264600713,NA,0.3575685339690107,NA,NA,NA,NA,NA,NA,NA,NA,NA,NA,NA,0,NA,NA,NA,60.0715137067938,19.66626936829559,NA,NA,NA,NA,NA,NA,NA,0,NA,NA,NA,NA,NA,NA,NA,NA,NA
32046,2005,32,Ourense,46,Melón,1442,977,465,4,8,965,973,67.75312066574203,NA,NA,NA,3,132,NA,NA,NA,NA,0,NA,NA,NA,NA,NA,NA,0,NA,NA,NA,NA,NA,NA,0,0,2,NA,NA,NA,NA,NA,NA,1,NA,NA,NA,NA,0,NA,NA,NA,565,262,NA,NA,NA,NA,NA,NA,NA,NA,NA,NA,NA,NA,NA,NA,NA,NA,NA,NA,NA,NA,0.3083247687564234,13.566289825282633,NA,NA,NA,NA,0,NA,NA,NA,NA,NA,NA,0,NA,NA,NA,NA,NA,NA,0,0,0.20554984583761562,NA,NA,NA,NA,NA,NA,0.10277492291880781,NA,NA,NA,NA,0,NA,NA,NA,58.067831449126416,26.92702980472765,NA,NA,NA,NA,NA,NA,NA,NA,NA,NA,NA,NA,NA,NA,NA,NA,NA
32046,2009,32,Ourense,46,Melón,1376,1013,363,7,5,1001,1006,73.61918604651163,NA,NA,NA,NA,126,NA,NA,NA,NA,NA,NA,NA,NA,NA,NA,NA,1,NA,NA,NA,NA,NA,NA,4,1,3,NA,0,NA,NA,NA,NA,0,NA,NA,NA,NA,0,NA,NA,NA,590,267,NA,2,NA,NA,NA,NA,NA,NA,NA,5,NA,0,NA,NA,2,NA,NA,NA,NA,NA,NA,12.524850894632205,NA,NA,NA,NA,NA,NA,NA,NA,NA,NA,NA,0.09940357852882703,NA,NA,NA,NA,NA,NA,0.3976143141153081,0.09940357852882703,0.2982107355864811,NA,0,NA,NA,NA,NA,0,NA,NA,NA,NA,0,NA,NA,NA,58.64811133200796,26.54075546719682,NA,0.19880715705765406,NA,NA,NA,NA,NA,NA,NA,0.4970178926441352,NA,0,NA,NA,0.19880715705765406,NA,NA
32046,2012,32,Ourense,46,Melón,1323,860,463,14,9,837,846,65.00377928949358,0,63,NA,NA,68,NA,5,NA,1,NA,NA,NA,NA,4,0,NA,0,NA,2,NA,NA,NA,NA,NA,0,NA,NA,NA,0,NA,NA,NA,NA,NA,1,NA,0,0,6,NA,NA,494,175,1,2,0,NA,NA,0,9,0,NA,NA,1,NA,NA,0,5,NA,NA,0,7.446808510638298,NA,NA,8.037825059101655,NA,0.5910165484633569,NA,0.1182033096926714,NA,NA,NA,NA,0.4728132387706856,0,NA,0,NA,0.2364066193853428,NA,NA,NA,NA,NA,0,NA,NA,NA,0,NA,NA,NA,NA,NA,0.1182033096926714,NA,0,0,0.7092198581560284,NA,NA,58.392434988179666,20.685579196217493,0.1182033096926714,0.2364066193853428,0,NA,NA,0,1.0638297872340425,0,NA,NA,0.1182033096926714,NA,NA,0,0.5910165484633569,NA,NA
32046,2016,32,Ourense,46,Melón,1156,770,386,11,3,756,759,66.60899653979239,0,NA,0,NA,NA,38,0,0,NA,NA,NA,NA,14,1,NA,NA,10,NA,0,NA,NA,76,NA,NA,NA,NA,0,NA,NA,NA,NA,NA,NA,0,5,1,0,NA,NA,NA,NA,469,141,NA,NA,NA,1,NA,NA,NA,NA,NA,NA,NA,NA,0,NA,NA,0,NA,0,NA,0,NA,NA,5.006587615283268,0,0,NA,NA,NA,NA,1.844532279314888,0.13175230566534915,NA,NA,1.3175230566534915,NA,0,NA,NA,10.013175230566535,NA,NA,NA,NA,0,NA,NA,NA,NA,NA,NA,0,0.6587615283267457,0.13175230566534915,0,NA,NA,NA,NA,61.79183135704874,18.57707509881423,NA,NA,NA,0.13175230566534915,NA,NA,NA,NA,NA,NA,NA,NA,0,NA,NA,0,NA
32046,2020,32,Ourense,46,Melón,1069,662,407,9,2,651,653,61.927034611786716,NA,NA,NA,NA,81,NA,NA,NA,NA,NA,1069,0,2,NA,NA,NA,NA,NA,0,NA,NA,1,NA,NA,NA,NA,NA,NA,NA,NA,NA,NA,NA,NA,1,NA,0,NA,NA,NA,10,356,188,NA,1,NA,NA,1,NA,NA,NA,NA,NA,NA,NA,NA,NA,NA,NA,10,NA,NA,NA,NA,12.404287901990811,NA,NA,NA,NA,NA,163.7059724349158,0,0.3062787136294028,NA,NA,NA,NA,NA,0,NA,NA,0.1531393568147014,NA,NA,NA,NA,NA,NA,NA,NA,NA,NA,NA,NA,0.1531393568147014,NA,0,NA,NA,NA,1.5313935681470139,54.517611026033684,28.79019908116386,NA,0.1531393568147014,NA,NA,0.1531393568147014,NA,NA,NA,NA,NA,NA,NA,NA,NA,NA,NA,1.5313935681470139
32046,2024,32,Ourense,46,Melón,1023,695,328,7,1,687,688,67.93743890518084,NA,NA,NA,NA,173,NA,NA,NA,NA,NA,1023,NA,NA,NA,NA,NA,11,NA,3,0,NA,NA,NA,NA,NA,NA,NA,NA,NA,NA,NA,NA,NA,NA,1,NA,NA,NA,NA,1,NA,361,124,NA,0,NA,NA,NA,NA,NA,NA,2,NA,NA,NA,NA,NA,NA,NA,11,NA,NA,NA,NA,25.1453488372093,NA,NA,NA,NA,NA,148.6918604651163,NA,NA,NA,NA,NA,1.5988372093023258,NA,0.436046511627907,0,NA,NA,NA,NA,NA,NA,NA,NA,NA,NA,NA,NA,NA,NA,0.14534883720930233,NA,NA,NA,NA,0.14534883720930233,NA,52.470930232558146,18.023255813953487,NA,0,NA,NA,NA,NA,NA,NA,0.29069767441860467,NA,NA,NA,NA,NA,NA,NA,1.5988372093023258
32047,2001,32,Ourense,47,Merca (A),2210,1700,510,10,10,1680,1690,76.92307692307693,NA,NA,NA,2,330,NA,NA,NA,NA,NA,NA,NA,NA,NA,NA,NA,NA,4,NA,NA,1,NA,NA,0,NA,3,NA,NA,NA,NA,NA,NA,NA,NA,NA,NA,NA,1,NA,NA,NA,1252,87,NA,NA,NA,NA,NA,NA,NA,0,NA,NA,NA,NA,NA,NA,NA,NA,NA,NA,NA,NA,0.1183431952662722,19.526627218934912,NA,NA,NA,NA,NA,NA,NA,NA,NA,NA,NA,NA,0.2366863905325444,NA,NA,0.0591715976331361,NA,NA,0,NA,0.17751479289940827,NA,NA,NA,NA,NA,NA,NA,NA,NA,NA,NA,0.0591715976331361,NA,NA,NA,74.0828402366864,5.14792899408284,NA,NA,NA,NA,NA,NA,NA,0,NA,NA,NA,NA,NA,NA,NA,NA,NA
32047,2005,32,Ourense,47,Merca (A),2131,1727,404,2,5,1720,1725,81.04176442984514,NA,NA,NA,1,275,NA,NA,NA,NA,2,NA,NA,NA,NA,NA,NA,3,NA,NA,NA,NA,NA,NA,5,1,3,NA,NA,NA,NA,NA,NA,0,NA,NA,NA,NA,2,NA,NA,NA,1228,200,NA,NA,NA,NA,NA,NA,NA,NA,NA,NA,NA,NA,NA,NA,NA,NA,NA,NA,NA,NA,0.057971014492753624,15.942028985507244,NA,NA,NA,NA,0.11594202898550725,NA,NA,NA,NA,NA,NA,0.17391304347826086,NA,NA,NA,NA,NA,NA,0.2898550724637681,0.057971014492753624,0.17391304347826086,NA,NA,NA,NA,NA,NA,0,NA,NA,NA,NA,0.11594202898550725,NA,NA,NA,71.18840579710145,11.594202898550725,NA,NA,NA,NA,NA,NA,NA,NA,NA,NA,NA,NA,NA,NA,NA,NA,NA
32047,2009,32,Ourense,47,Merca (A),2072,1745,327,12,8,1725,1733,84.21814671814671,NA,NA,NA,NA,397,NA,NA,NA,NA,NA,NA,NA,NA,NA,NA,NA,3,NA,NA,NA,NA,NA,NA,10,1,2,NA,0,NA,NA,NA,NA,0,NA,NA,NA,NA,0,NA,NA,NA,1091,215,NA,0,NA,NA,NA,NA,NA,NA,NA,1,NA,0,NA,NA,5,NA,NA,NA,NA,NA,NA,22.908251586843623,NA,NA,NA,NA,NA,NA,NA,NA,NA,NA,NA,0.17311021350259664,NA,NA,NA,NA,NA,NA,0.5770340450086555,0.05770340450086555,0.1154068090017311,NA,0,NA,NA,NA,NA,0,NA,NA,NA,NA,0,NA,NA,NA,62.95441431044432,12.406231967686093,NA,0,NA,NA,NA,NA,NA,NA,NA,0.05770340450086555,NA,0,NA,NA,0.28851702250432776,NA,NA
32047,2012,32,Ourense,47,Merca (A),1970,1462,508,26,23,1413,1436,74.21319796954315,0,44,NA,NA,223,NA,0,NA,0,NA,NA,NA,NA,7,0,NA,17,NA,9,NA,NA,NA,NA,NA,0,NA,NA,NA,0,NA,NA,NA,NA,NA,4,NA,0,0,3,NA,NA,899,176,2,5,1,NA,NA,0,17,0,NA,NA,2,NA,NA,0,4,NA,NA,0,3.064066852367688,NA,NA,15.529247910863509,NA,0,NA,0,NA,NA,NA,NA,0.48746518105849584,0,NA,1.1838440111420612,NA,0.6267409470752089,NA,NA,NA,NA,NA,0,NA,NA,NA,0,NA,NA,NA,NA,NA,0.2785515320334262,NA,0,0,0.20891364902506965,NA,NA,62.60445682451253,12.256267409470752,0.1392757660167131,0.34818941504178275,0.06963788300835655,NA,NA,0,1.1838440111420612,0,NA,NA,0.1392757660167131,NA,NA,0,0.2785515320334262,NA,NA
32047,2016,32,Lugo,47,A Merca,1769,1253,516,9,3,1241,1244,70.83097795364613,0,NA,0,NA,NA,95,0,0,NA,NA,NA,NA,34,0,NA,NA,37,NA,0,NA,NA,86,NA,NA,NA,NA,0,NA,NA,NA,NA,NA,NA,0,2,2,1,NA,NA,NA,NA,838,143,NA,NA,NA,1,NA,NA,NA,NA,NA,NA,NA,NA,0,NA,NA,2,NA,0,NA,0,NA,NA,7.636655948553055,0,0,NA,NA,NA,NA,2.7331189710610935,0,NA,NA,2.97427652733119,NA,0,NA,NA,6.913183279742766,NA,NA,NA,NA,0,NA,NA,NA,NA,NA,NA,0,0.1607717041800643,0.1607717041800643,0.08038585209003216,NA,NA,NA,NA,67.36334405144694,11.495176848874598,NA,NA,NA,0.08038585209003216,NA,NA,NA,NA,NA,NA,NA,NA,0,NA,NA,0.1607717041800643,NA
32047,2020,32,Ourense,47,A Merca,1718,1131,587,8,6,1117,1123,65.83236321303842,NA,NA,NA,NA,184,NA,NA,NA,NA,NA,1718,2,7,NA,NA,NA,NA,NA,1,NA,NA,2,NA,NA,NA,NA,NA,NA,NA,NA,NA,NA,NA,NA,0,NA,0,NA,NA,NA,12,762,134,NA,1,NA,NA,1,NA,NA,NA,NA,NA,NA,NA,NA,NA,NA,NA,11,NA,NA,NA,NA,16.3846838824577,NA,NA,NA,NA,NA,152.98308103294747,0.17809439002671415,0.6233303650934996,NA,NA,NA,NA,NA,0.08904719501335707,NA,NA,0.17809439002671415,NA,NA,NA,NA,NA,NA,NA,NA,NA,NA,NA,NA,0,NA,0,NA,NA,NA,1.068566340160285,67.8539626001781,11.932324131789848,NA,0.08904719501335707,NA,NA,0.08904719501335707,NA,NA,NA,NA,NA,NA,NA,NA,NA,NA,NA,0.9795191451469278
32047,2024,32,Ourense,47,A Merca,1713,1242,471,1,1,1240,1241,72.50437828371278,NA,NA,NA,NA,285,NA,NA,NA,NA,NA,1713,NA,NA,NA,NA,NA,83,NA,1,1,NA,NA,NA,NA,NA,NA,NA,NA,NA,NA,NA,NA,NA,NA,2,NA,NA,NA,NA,0,NA,750,97,NA,0,NA,NA,NA,NA,NA,NA,5,NA,NA,NA,NA,NA,NA,NA,16,NA,NA,NA,NA,22.965350523771153,NA,NA,NA,NA,NA,138.03384367445608,NA,NA,NA,NA,NA,6.688154713940371,NA,0.08058017727639001,0.08058017727639001,NA,NA,NA,NA,NA,NA,NA,NA,NA,NA,NA,NA,NA,NA,0.16116035455278002,NA,NA,NA,NA,0,NA,60.4351329572925,7.81627719580983,NA,0,NA,NA,NA,NA,NA,NA,0.40290088638195,NA,NA,NA,NA,NA,NA,NA,1.2892828364222402
32048,2001,32,Ourense,48,Mezquita (A),1121,677,444,2,4,671,675,60.39250669045495,NA,NA,NA,0,94,NA,NA,NA,NA,NA,NA,NA,NA,NA,NA,NA,NA,0,NA,NA,0,NA,NA,0,NA,0,NA,NA,NA,NA,NA,NA,NA,NA,NA,NA,NA,0,NA,NA,NA,383,194,NA,NA,NA,NA,NA,NA,NA,0,NA,NA,NA,NA,NA,NA,NA,NA,NA,NA,NA,NA,0,13.925925925925926,NA,NA,NA,NA,NA,NA,NA,NA,NA,NA,NA,NA,0,NA,NA,0,NA,NA,0,NA,0,NA,NA,NA,NA,NA,NA,NA,NA,NA,NA,NA,0,NA,NA,NA,56.74074074074073,28.74074074074074,NA,NA,NA,NA,NA,NA,NA,0,NA,NA,NA,NA,NA,NA,NA,NA,NA
32048,2005,32,Ourense,48,Mezquita (A),1068,735,333,5,1,729,730,68.82022471910112,NA,NA,NA,0,119,NA,NA,NA,NA,0,NA,NA,NA,NA,NA,NA,0,NA,NA,NA,NA,NA,NA,1,0,0,NA,NA,NA,NA,NA,NA,0,NA,NA,NA,NA,0,NA,NA,NA,348,261,NA,NA,NA,NA,NA,NA,NA,NA,NA,NA,NA,NA,NA,NA,NA,NA,NA,NA,NA,NA,0,16.301369863013697,NA,NA,NA,NA,0,NA,NA,NA,NA,NA,NA,0,NA,NA,NA,NA,NA,NA,0.136986301369863,0,0,NA,NA,NA,NA,NA,NA,0,NA,NA,NA,NA,0,NA,NA,NA,47.671232876712324,35.75342465753425,NA,NA,NA,NA,NA,NA,NA,NA,NA,NA,NA,NA,NA,NA,NA,NA,NA
32048,2009,32,Ourense,48,Mezquita (A),1042,749,293,2,3,744,747,71.8809980806142,NA,NA,NA,NA,142,NA,NA,NA,NA,NA,NA,NA,NA,NA,NA,NA,0,NA,NA,NA,NA,NA,NA,0,0,0,NA,0,NA,NA,NA,NA,1,NA,NA,NA,NA,0,NA,NA,NA,329,270,NA,0,NA,NA,NA,NA,NA,NA,NA,0,NA,0,NA,NA,2,NA,NA,NA,NA,NA,NA,19.009370816599734,NA,NA,NA,NA,NA,NA,NA,NA,NA,NA,NA,0,NA,NA,NA,NA,NA,NA,0,0,0,NA,0,NA,NA,NA,NA,0.13386880856760375,NA,NA,NA,NA,0,NA,NA,NA,44.042838018741634,36.144578313253014,NA,0,NA,NA,NA,NA,NA,NA,NA,0,NA,0,NA,NA,0.2677376171352075,NA,NA
32048,2012,32,Ourense,48,Mezquita (A),973,599,374,7,7,585,592,61.56217882836587,0,31,NA,NA,66,NA,1,NA,1,NA,NA,NA,NA,4,0,NA,0,NA,1,NA,NA,NA,NA,NA,0,NA,NA,NA,0,NA,NA,NA,NA,NA,3,NA,0,0,2,NA,NA,261,170,0,0,0,NA,NA,0,44,0,NA,NA,1,NA,NA,0,0,NA,NA,0,5.236486486486487,NA,NA,11.14864864864865,NA,0.16891891891891891,NA,0.16891891891891891,NA,NA,NA,NA,0.6756756756756757,0,NA,0,NA,0.16891891891891891,NA,NA,NA,NA,NA,0,NA,NA,NA,0,NA,NA,NA,NA,NA,0.5067567567567568,NA,0,0,0.33783783783783783,NA,NA,44.08783783783784,28.716216216216218,0,0,0,NA,NA,0,7.4324324324324325,0,NA,NA,0.16891891891891891,NA,NA,0,0,NA,NA
32048,2016,32,Lugo,48,A Mezquita,883,518,365,1,4,513,517,58.66364665911665,0,NA,0,NA,NA,57,0,0,NA,NA,NA,NA,6,0,NA,NA,2,NA,0,NA,NA,45,NA,NA,NA,NA,0,NA,NA,NA,NA,NA,NA,0,3,2,0,NA,NA,NA,NA,240,158,NA,NA,NA,0,NA,NA,NA,NA,NA,NA,NA,NA,0,NA,NA,0,NA,0,NA,0,NA,NA,11.02514506769826,0,0,NA,NA,NA,NA,1.160541586073501,0,NA,NA,0.3868471953578337,NA,0,NA,NA,8.704061895551257,NA,NA,NA,NA,0,NA,NA,NA,NA,NA,NA,0,0.5802707930367506,0.3868471953578337,0,NA,NA,NA,NA,46.42166344294004,30.56092843326886,NA,NA,NA,0,NA,NA,NA,NA,NA,NA,NA,NA,0,NA,NA,0,NA
32048,2020,32,Ourense,48,A Mezquita,837,503,334,3,3,497,500,60.09557945041816,NA,NA,NA,NA,183,NA,NA,NA,NA,NA,837,0,1,NA,NA,NA,NA,NA,0,NA,NA,0,NA,NA,NA,NA,NA,NA,NA,NA,NA,NA,NA,NA,1,NA,0,NA,NA,NA,3,178,119,NA,0,NA,NA,1,NA,NA,NA,NA,NA,NA,NA,NA,NA,NA,NA,11,NA,NA,NA,NA,36.6,NA,NA,NA,NA,NA,167.4,0,0.2,NA,NA,NA,NA,NA,0,NA,NA,0,NA,NA,NA,NA,NA,NA,NA,NA,NA,NA,NA,NA,0.2,NA,0,NA,NA,NA,0.6,35.6,23.799999999999997,NA,0,NA,NA,0.2,NA,NA,NA,NA,NA,NA,NA,NA,NA,NA,NA,2.1999999999999997
32048,2024,32,Ourense,48,A Mezquita,811,507,304,3,0,504,504,62.5154130702836,NA,NA,NA,NA,177,NA,NA,NA,NA,NA,811,NA,NA,NA,NA,NA,9,NA,0,2,NA,NA,NA,NA,NA,NA,NA,NA,NA,NA,NA,NA,NA,NA,0,NA,NA,NA,NA,1,NA,215,93,NA,0,NA,NA,NA,NA,NA,NA,0,NA,NA,NA,NA,NA,NA,NA,7,NA,NA,NA,NA,35.11904761904761,NA,NA,NA,NA,NA,160.91269841269843,NA,NA,NA,NA,NA,1.7857142857142856,NA,0,0.3968253968253968,NA,NA,NA,NA,NA,NA,NA,NA,NA,NA,NA,NA,NA,NA,0,NA,NA,NA,NA,0.1984126984126984,NA,42.65873015873016,18.452380952380953,NA,0,NA,NA,NA,NA,NA,NA,0,NA,NA,NA,NA,NA,NA,NA,1.3888888888888888
32049,2001,32,Ourense,49,Montederramo,1140,780,360,2,10,768,778,68.42105263157895,NA,NA,NA,2,158,NA,NA,NA,NA,NA,NA,NA,NA,NA,NA,NA,NA,3,NA,NA,0,NA,NA,2,NA,4,NA,NA,NA,NA,NA,NA,NA,NA,NA,NA,NA,0,NA,NA,NA,509,90,NA,NA,NA,NA,NA,NA,NA,0,NA,NA,NA,NA,NA,NA,NA,NA,NA,NA,NA,NA,0.2570694087403599,20.308483290488432,NA,NA,NA,NA,NA,NA,NA,NA,NA,NA,NA,NA,0.3856041131105398,NA,NA,0,NA,NA,0.2570694087403599,NA,0.5141388174807198,NA,NA,NA,NA,NA,NA,NA,NA,NA,NA,NA,0,NA,NA,NA,65.42416452442158,11.568123393316196,NA,NA,NA,NA,NA,NA,NA,0,NA,NA,NA,NA,NA,NA,NA,NA,NA
32049,2005,32,Ourense,49,Montederramo,1041,779,262,1,1,777,778,74.83189241114313,NA,NA,NA,1,101,NA,NA,NA,NA,1,NA,NA,NA,NA,NA,NA,1,NA,NA,NA,NA,NA,NA,4,1,1,NA,NA,NA,NA,NA,NA,3,NA,NA,NA,NA,1,NA,NA,NA,422,241,NA,NA,NA,NA,NA,NA,NA,NA,NA,NA,NA,NA,NA,NA,NA,NA,NA,NA,NA,NA,0.12853470437017994,12.982005141388175,NA,NA,NA,NA,0.12853470437017994,NA,NA,NA,NA,NA,NA,0.12853470437017994,NA,NA,NA,NA,NA,NA,0.5141388174807198,0.12853470437017994,0.12853470437017994,NA,NA,NA,NA,NA,NA,0.3856041131105398,NA,NA,NA,NA,0.12853470437017994,NA,NA,NA,54.24164524421594,30.97686375321337,NA,NA,NA,NA,NA,NA,NA,NA,NA,NA,NA,NA,NA,NA,NA,NA,NA
32049,2009,32,Ourense,49,Montederramo,917,655,262,5,6,644,650,71.42857142857143,NA,NA,NA,NA,115,NA,NA,NA,NA,NA,NA,NA,NA,NA,NA,NA,1,NA,NA,NA,NA,NA,NA,2,1,0,NA,0,NA,NA,NA,NA,0,NA,NA,NA,NA,0,NA,NA,NA,340,183,NA,0,NA,NA,NA,NA,NA,NA,NA,0,NA,1,NA,NA,1,NA,NA,NA,NA,NA,NA,17.692307692307693,NA,NA,NA,NA,NA,NA,NA,NA,NA,NA,NA,0.15384615384615385,NA,NA,NA,NA,NA,NA,0.3076923076923077,0.15384615384615385,0,NA,0,NA,NA,NA,NA,0,NA,NA,NA,NA,0,NA,NA,NA,52.307692307692314,28.153846153846153,NA,0,NA,NA,NA,NA,NA,NA,NA,0,NA,0.15384615384615385,NA,NA,0.15384615384615385,NA,NA
32049,2012,32,Ourense,49,Montederramo,831,544,287,6,4,534,538,65.46329723225031,0,42,NA,NA,42,NA,1,NA,0,NA,NA,NA,NA,7,0,NA,1,NA,7,NA,NA,NA,NA,NA,1,NA,NA,NA,0,NA,NA,NA,NA,NA,2,NA,0,0,0,NA,NA,287,139,0,1,0,NA,NA,0,2,0,NA,NA,0,NA,NA,0,2,NA,NA,0,7.806691449814126,NA,NA,7.806691449814126,NA,0.18587360594795538,NA,0,NA,NA,NA,NA,1.3011152416356877,0,NA,0.18587360594795538,NA,1.3011152416356877,NA,NA,NA,NA,NA,0.18587360594795538,NA,NA,NA,0,NA,NA,NA,NA,NA,0.37174721189591076,NA,0,0,0,NA,NA,53.3457249070632,25.8364312267658,0,0.18587360594795538,0,NA,NA,0,0.37174721189591076,0,NA,NA,0,NA,NA,0,0.37174721189591076,NA,NA
32049,2016,32,Ourense,49,Montederramo,756,497,259,2,4,491,495,65.74074074074075,0,NA,0,NA,NA,28,0,0,NA,NA,NA,NA,10,0,NA,NA,7,NA,0,NA,NA,66,NA,NA,NA,NA,3,NA,NA,NA,NA,NA,NA,0,2,0,2,NA,NA,NA,NA,281,92,NA,NA,NA,0,NA,NA,NA,NA,NA,NA,NA,NA,0,NA,NA,0,NA,0,NA,0,NA,NA,5.656565656565657,0,0,NA,NA,NA,NA,2.0202020202020203,0,NA,NA,1.4141414141414141,NA,0,NA,NA,13.333333333333334,NA,NA,NA,NA,0.6060606060606061,NA,NA,NA,NA,NA,NA,0,0.40404040404040403,0,0.40404040404040403,NA,NA,NA,NA,56.76767676767677,18.585858585858585,NA,NA,NA,0,NA,NA,NA,NA,NA,NA,NA,NA,0,NA,NA,0,NA
32049,2020,32,Ourense,49,Montederramo,667,411,256,3,5,403,408,61.6191904047976,NA,NA,NA,NA,75,NA,NA,NA,NA,NA,667,1,4,NA,NA,NA,NA,NA,0,NA,NA,0,NA,NA,NA,NA,NA,NA,NA,NA,NA,NA,NA,NA,0,NA,0,NA,NA,NA,8,243,67,NA,0,NA,NA,0,NA,NA,NA,NA,NA,NA,NA,NA,NA,NA,NA,5,NA,NA,NA,NA,18.38235294117647,NA,NA,NA,NA,NA,163.48039215686273,0.24509803921568626,0.9803921568627451,NA,NA,NA,NA,NA,0,NA,NA,0,NA,NA,NA,NA,NA,NA,NA,NA,NA,NA,NA,NA,0,NA,0,NA,NA,NA,1.9607843137254901,59.55882352941176,16.42156862745098,NA,0,NA,NA,0,NA,NA,NA,NA,NA,NA,NA,NA,NA,NA,NA,1.2254901960784315
32049,2024,32,Ourense,49,Montederramo,630,441,189,0,4,437,441,70,NA,NA,NA,NA,176,NA,NA,NA,NA,NA,630,NA,NA,NA,NA,NA,12,NA,0,0,NA,NA,NA,NA,NA,NA,NA,NA,NA,NA,NA,NA,NA,NA,0,NA,NA,NA,NA,0,NA,221,19,NA,0,NA,NA,NA,NA,NA,NA,1,NA,NA,NA,NA,NA,NA,NA,8,NA,NA,NA,NA,39.909297052154194,NA,NA,NA,NA,NA,142.85714285714286,NA,NA,NA,NA,NA,2.7210884353741496,NA,0,0,NA,NA,NA,NA,NA,NA,NA,NA,NA,NA,NA,NA,NA,NA,0,NA,NA,NA,NA,0,NA,50.11337868480725,4.308390022675737,NA,0,NA,NA,NA,NA,NA,NA,0.22675736961451248,NA,NA,NA,NA,NA,NA,NA,1.8140589569160999
32050,2001,32,Ourense,50,Monterrei,2983,2193,790,7,8,2178,2186,73.51659403285284,NA,NA,NA,0,280,NA,NA,NA,NA,NA,NA,NA,NA,NA,NA,NA,NA,11,NA,NA,3,NA,NA,3,NA,0,NA,NA,NA,NA,NA,NA,NA,NA,NA,NA,NA,0,NA,NA,NA,1402,479,NA,NA,NA,NA,NA,NA,NA,0,NA,NA,NA,NA,NA,NA,NA,NA,NA,NA,NA,NA,0,12.80878316559927,NA,NA,NA,NA,NA,NA,NA,NA,NA,NA,NA,NA,0.5032021957913998,NA,NA,0.1372369624885636,NA,NA,0.1372369624885636,NA,0,NA,NA,NA,NA,NA,NA,NA,NA,NA,NA,NA,0,NA,NA,NA,64.13540713632206,21.91216834400732,NA,NA,NA,NA,NA,NA,NA,0,NA,NA,NA,NA,NA,NA,NA,NA,NA
32050,2005,32,Ourense,50,Monterrei,2860,2160,700,9,14,2137,2151,75.52447552447552,NA,NA,NA,1,309,NA,NA,NA,NA,1,NA,NA,NA,NA,NA,NA,0,NA,NA,NA,NA,NA,NA,1,3,1,NA,NA,NA,NA,NA,NA,2,NA,NA,NA,NA,0,NA,NA,NA,1287,532,NA,NA,NA,NA,NA,NA,NA,NA,NA,NA,NA,NA,NA,NA,NA,NA,NA,NA,NA,NA,0.046490004649000466,14.365411436541143,NA,NA,NA,NA,0.046490004649000466,NA,NA,NA,NA,NA,NA,0,NA,NA,NA,NA,NA,NA,0.046490004649000466,0.1394700139470014,0.046490004649000466,NA,NA,NA,NA,NA,NA,0.09298000929800093,NA,NA,NA,NA,0,NA,NA,NA,59.83263598326359,24.732682473268248,NA,NA,NA,NA,NA,NA,NA,NA,NA,NA,NA,NA,NA,NA,NA,NA,NA
32050,2009,32,Ourense,50,Monterrei,2745,2194,551,21,15,2158,2173,79.9271402550091,NA,NA,NA,NA,479,NA,NA,NA,NA,NA,NA,NA,NA,NA,NA,NA,0,NA,NA,NA,NA,NA,NA,1,1,1,NA,1,NA,NA,NA,NA,0,NA,NA,NA,NA,1,NA,NA,NA,1234,438,NA,1,NA,NA,NA,NA,NA,NA,NA,0,NA,1,NA,NA,0,NA,NA,NA,NA,NA,NA,22.04325816843074,NA,NA,NA,NA,NA,NA,NA,NA,NA,NA,NA,0,NA,NA,NA,NA,NA,NA,0.04601932811780948,0.04601932811780948,0.04601932811780948,NA,0.04601932811780948,NA,NA,NA,NA,0,NA,NA,NA,NA,0.04601932811780948,NA,NA,NA,56.7878508973769,20.156465715600554,NA,0.04601932811780948,NA,NA,NA,NA,NA,NA,NA,0,NA,0.04601932811780948,NA,NA,0,NA,NA
32050,2012,32,Ourense,50,Monterrei,2620,1812,808,46,23,1743,1766,69.16030534351145,0,67,NA,NA,179,NA,0,NA,0,NA,NA,NA,NA,13,0,NA,3,NA,4,NA,NA,NA,NA,NA,2,NA,NA,NA,0,NA,NA,NA,NA,NA,3,NA,0,0,0,NA,NA,1103,343,1,0,0,NA,NA,0,16,0,NA,NA,0,NA,NA,0,9,NA,NA,0,3.7938844847112114,NA,NA,10.13590033975085,NA,0,NA,0,NA,NA,NA,NA,0.7361268403171007,0,NA,0.16987542468856173,NA,0.22650056625141565,NA,NA,NA,NA,NA,0.11325028312570783,NA,NA,NA,0,NA,NA,NA,NA,NA,0.16987542468856173,NA,0,0,0,NA,NA,62.45753114382786,19.42242355605889,0.05662514156285391,0,0,NA,NA,0,0.9060022650056626,0,NA,NA,0,NA,NA,0,0.5096262740656852,NA,NA
32050,2016,32,Ourense,50,Monterrei,2408,1796,612,9,11,1776,1787,74.58471760797342,0,NA,0,NA,NA,138,0,0,NA,NA,NA,NA,27,1,NA,NA,9,NA,0,NA,NA,162,NA,NA,NA,NA,1,NA,NA,NA,NA,NA,NA,0,4,0,0,NA,NA,NA,NA,1173,259,NA,NA,NA,0,NA,NA,NA,NA,NA,NA,NA,NA,0,NA,NA,2,NA,0,NA,0,NA,NA,7.722439843312815,0,0,NA,NA,NA,NA,1.510912143256855,0.05595970900951316,NA,NA,0.5036373810856184,NA,0,NA,NA,9.065472859541131,NA,NA,NA,NA,0.05595970900951316,NA,NA,NA,NA,NA,NA,0,0.22383883603805263,0,0,NA,NA,NA,NA,65.64073866815893,14.493564633463906,NA,NA,NA,0,NA,NA,NA,NA,NA,NA,NA,NA,0,NA,NA,0.11191941801902631,NA
32050,2020,32,Ourense,50,Monterrei,2278,1631,647,16,10,1605,1615,71.59789288849868,NA,NA,NA,NA,399,NA,NA,NA,NA,NA,2278,0,3,NA,NA,NA,NA,NA,1,NA,NA,1,NA,NA,NA,NA,NA,NA,NA,NA,NA,NA,NA,NA,1,NA,0,NA,NA,NA,17,913,251,NA,0,NA,NA,0,NA,NA,NA,NA,NA,NA,NA,NA,NA,NA,NA,19,NA,NA,NA,NA,24.705882352941178,NA,NA,NA,NA,NA,141.05263157894737,0,0.18575851393188852,NA,NA,NA,NA,NA,0.061919504643962855,NA,NA,0.061919504643962855,NA,NA,NA,NA,NA,NA,NA,NA,NA,NA,NA,NA,0.061919504643962855,NA,0,NA,NA,NA,1.0526315789473684,56.532507739938076,15.541795665634675,NA,0,NA,NA,0,NA,NA,NA,NA,NA,NA,NA,NA,NA,NA,NA,1.1764705882352942
32050,2024,32,Ourense,50,Monterrei,2179,1659,520,11,11,1637,1648,76.13584212941717,NA,NA,NA,NA,446,NA,NA,NA,NA,NA,2179,NA,NA,NA,NA,NA,26,NA,2,0,NA,NA,NA,NA,NA,NA,NA,NA,NA,NA,NA,NA,NA,NA,1,NA,NA,NA,NA,1,NA,1036,112,NA,0,NA,NA,NA,NA,NA,NA,2,NA,NA,NA,NA,NA,NA,NA,11,NA,NA,NA,NA,27.063106796116504,NA,NA,NA,NA,NA,132.22087378640776,NA,NA,NA,NA,NA,1.5776699029126213,NA,0.12135922330097086,0,NA,NA,NA,NA,NA,NA,NA,NA,NA,NA,NA,NA,NA,NA,0.06067961165048543,NA,NA,NA,NA,0.06067961165048543,NA,62.86407766990292,6.796116504854369,NA,0,NA,NA,NA,NA,NA,NA,0.12135922330097086,NA,NA,NA,NA,NA,NA,NA,0.6674757281553397
32051,2001,32,Ourense,51,Muiños,1849,1457,392,6,5,1446,1451,78.79935100054082,NA,NA,NA,1,176,NA,NA,NA,NA,NA,NA,NA,NA,NA,NA,NA,NA,1,NA,NA,3,NA,NA,0,NA,0,NA,NA,NA,NA,NA,NA,NA,NA,NA,NA,NA,0,NA,NA,NA,1046,219,NA,NA,NA,NA,NA,NA,NA,0,NA,NA,NA,NA,NA,NA,NA,NA,NA,NA,NA,NA,0.06891798759476223,12.129565816678154,NA,NA,NA,NA,NA,NA,NA,NA,NA,NA,NA,NA,0.06891798759476223,NA,NA,0.20675396278428668,NA,NA,0,NA,0,NA,NA,NA,NA,NA,NA,NA,NA,NA,NA,NA,0,NA,NA,NA,72.0882150241213,15.09303928325293,NA,NA,NA,NA,NA,NA,NA,0,NA,NA,NA,NA,NA,NA,NA,NA,NA
32051,2005,32,Ourense,51,Muiños,1809,1516,293,1,1,1514,1515,83.80320619126589,NA,NA,NA,0,139,NA,NA,NA,NA,0,NA,NA,NA,NA,NA,NA,0,NA,NA,NA,NA,NA,NA,1,1,1,NA,NA,NA,NA,NA,NA,2,NA,NA,NA,NA,0,NA,NA,NA,1076,294,NA,NA,NA,NA,NA,NA,NA,NA,NA,NA,NA,NA,NA,NA,NA,NA,NA,NA,NA,NA,0,9.174917491749175,NA,NA,NA,NA,0,NA,NA,NA,NA,NA,NA,0,NA,NA,NA,NA,NA,NA,0.066006600660066,0.066006600660066,0.066006600660066,NA,NA,NA,NA,NA,NA,0.132013201320132,NA,NA,NA,NA,0,NA,NA,NA,71.02310231023102,19.405940594059405,NA,NA,NA,NA,NA,NA,NA,NA,NA,NA,NA,NA,NA,NA,NA,NA,NA
32051,2009,32,Ourense,51,Muiños,1653,1401,252,7,3,1391,1394,84.75499092558984,NA,NA,NA,NA,131,NA,NA,NA,NA,NA,NA,NA,NA,NA,NA,NA,1,NA,NA,NA,NA,NA,NA,0,0,0,NA,0,NA,NA,NA,NA,1,NA,NA,NA,NA,0,NA,NA,NA,965,285,NA,1,NA,NA,NA,NA,NA,NA,NA,0,NA,0,NA,NA,7,NA,NA,NA,NA,NA,NA,9.397417503586802,NA,NA,NA,NA,NA,NA,NA,NA,NA,NA,NA,0.07173601147776185,NA,NA,NA,NA,NA,NA,0,0,0,NA,0,NA,NA,NA,NA,0.07173601147776185,NA,NA,NA,NA,0,NA,NA,NA,69.22525107604017,20.444763271162124,NA,0.07173601147776185,NA,NA,NA,NA,NA,NA,NA,0,NA,0,NA,NA,0.5021520803443328,NA,NA
32051,2012,32,Ourense,51,Muíños,1564,1249,315,20,20,1209,1229,79.85933503836317,0,47,NA,NA,49,NA,1,NA,0,NA,NA,NA,NA,23,0,NA,1,NA,3,NA,NA,NA,NA,NA,1,NA,NA,NA,0,NA,NA,NA,NA,NA,2,NA,0,0,1,NA,NA,920,146,0,1,0,NA,NA,0,10,0,NA,NA,0,NA,NA,0,4,NA,NA,0,3.8242473555736374,NA,NA,3.986981285598047,NA,0.08136696501220504,NA,0,NA,NA,NA,NA,1.8714401952807163,0,NA,0.08136696501220504,NA,0.24410089503661514,NA,NA,NA,NA,NA,0.08136696501220504,NA,NA,NA,0,NA,NA,NA,NA,NA,0.16273393002441008,NA,0,0,0.08136696501220504,NA,NA,74.85760781122865,11.879576891781937,0,0.08136696501220504,0,NA,NA,0,0.8136696501220505,0,NA,NA,0,NA,NA,0,0.32546786004882017,NA,NA
32051,2016,32,Ourense,51,Muíños,1419,1154,265,3,4,1147,1151,81.32487667371389,0,NA,0,NA,NA,27,0,0,NA,NA,NA,NA,11,3,NA,NA,11,NA,0,NA,NA,56,NA,NA,NA,NA,0,NA,NA,NA,NA,NA,NA,0,4,0,0,NA,NA,NA,NA,845,190,NA,NA,NA,0,NA,NA,NA,NA,NA,NA,NA,NA,0,NA,NA,0,NA,0,NA,0,NA,NA,2.3457862728062553,0,0,NA,NA,NA,NA,0.9556907037358819,0.26064291920069504,NA,NA,0.9556907037358819,NA,0,NA,NA,4.8653344917463075,NA,NA,NA,NA,0,NA,NA,NA,NA,NA,NA,0,0.3475238922675934,0,0,NA,NA,NA,NA,73.41442224152911,16.507384882710685,NA,NA,NA,0,NA,NA,NA,NA,NA,NA,NA,NA,0,NA,NA,0,NA
32051,2020,32,Ourense,51,Muíños,1350,1068,282,9,7,1052,1059,79.11111111111111,NA,NA,NA,NA,78,NA,NA,NA,NA,NA,1350,0,3,NA,NA,NA,NA,NA,0,NA,NA,0,NA,NA,NA,NA,NA,NA,NA,NA,NA,NA,NA,NA,4,NA,0,NA,NA,NA,8,792,160,NA,0,NA,NA,0,NA,NA,NA,NA,NA,NA,NA,NA,NA,NA,NA,7,NA,NA,NA,NA,7.365439093484419,NA,NA,NA,NA,NA,127.4787535410765,0,0.28328611898017,NA,NA,NA,NA,NA,0,NA,NA,0,NA,NA,NA,NA,NA,NA,NA,NA,NA,NA,NA,NA,0.3777148253068933,NA,0,NA,NA,NA,0.7554296506137866,74.78753541076487,15.108593012275731,NA,0,NA,NA,0,NA,NA,NA,NA,NA,NA,NA,NA,NA,NA,NA,0.6610009442870632
32051,2024,32,Ourense,51,Muíños,1319,1054,265,7,5,1042,1047,79.9090219863533,NA,NA,NA,NA,124,NA,NA,NA,NA,NA,1319,NA,NA,NA,NA,NA,20,NA,0,0,NA,NA,NA,NA,NA,NA,NA,NA,NA,NA,NA,NA,NA,NA,3,NA,NA,NA,NA,0,NA,772,115,NA,1,NA,NA,NA,NA,NA,NA,3,NA,NA,NA,NA,NA,NA,NA,4,NA,NA,NA,NA,11.843361986628462,NA,NA,NA,NA,NA,125.9789875835721,NA,NA,NA,NA,NA,1.9102196752626552,NA,0,0,NA,NA,NA,NA,NA,NA,NA,NA,NA,NA,NA,NA,NA,NA,0.28653295128939826,NA,NA,NA,NA,0,NA,73.73447946513849,10.983763132760267,NA,0.09551098376313276,NA,NA,NA,NA,NA,NA,0.28653295128939826,NA,NA,NA,NA,NA,NA,NA,0.38204393505253104
32052,2001,32,Ourense,52,Nogueira de Ramuín,2362,1914,448,13,18,1883,1901,81.03302286198138,NA,NA,NA,1,214,NA,NA,NA,NA,NA,NA,NA,NA,NA,NA,NA,NA,2,NA,NA,1,NA,NA,8,NA,2,NA,NA,NA,NA,NA,NA,NA,NA,NA,NA,NA,32,NA,NA,NA,1475,148,NA,NA,NA,NA,NA,NA,NA,0,NA,NA,NA,NA,NA,NA,NA,NA,NA,NA,NA,NA,0.052603892688058915,11.257233035244608,NA,NA,NA,NA,NA,NA,NA,NA,NA,NA,NA,NA,0.10520778537611783,NA,NA,0.052603892688058915,NA,NA,0.4208311415044713,NA,0.10520778537611783,NA,NA,NA,NA,NA,NA,NA,NA,NA,NA,NA,1.6833245660178853,NA,NA,NA,77.5907417148869,7.785376117832719,NA,NA,NA,NA,NA,NA,NA,0,NA,NA,NA,NA,NA,NA,NA,NA,NA
32052,2005,32,Ourense,52,Nogueira de Ramuín,2305,1910,395,7,9,1894,1903,82.86334056399133,NA,NA,NA,1,131,NA,NA,NA,NA,1,NA,NA,NA,NA,NA,NA,1,NA,NA,NA,NA,NA,NA,3,0,1,NA,NA,NA,NA,NA,NA,2,NA,NA,NA,NA,1,NA,NA,NA,1360,393,NA,NA,NA,NA,NA,NA,NA,NA,NA,NA,NA,NA,NA,NA,NA,NA,NA,NA,NA,NA,0.05254860746190226,6.883867577509196,NA,NA,NA,NA,0.05254860746190226,NA,NA,NA,NA,NA,NA,0.05254860746190226,NA,NA,NA,NA,NA,NA,0.1576458223857068,0,0.05254860746190226,NA,NA,NA,NA,NA,NA,0.10509721492380451,NA,NA,NA,NA,0.05254860746190226,NA,NA,NA,71.46610614818707,20.65160273252759,NA,NA,NA,NA,NA,NA,NA,NA,NA,NA,NA,NA,NA,NA,NA,NA,NA
32052,2009,32,Ourense,52,Nogueira de Ramuín,2196,1864,332,14,7,1843,1850,84.8816029143898,NA,NA,NA,NA,146,NA,NA,NA,NA,NA,NA,NA,NA,NA,NA,NA,3,NA,NA,NA,NA,NA,NA,5,1,0,NA,0,NA,NA,NA,NA,0,NA,NA,NA,NA,1,NA,NA,NA,1305,367,NA,2,NA,NA,NA,NA,NA,NA,NA,6,NA,0,NA,NA,7,NA,NA,NA,NA,NA,NA,7.891891891891892,NA,NA,NA,NA,NA,NA,NA,NA,NA,NA,NA,0.16216216216216214,NA,NA,NA,NA,NA,NA,0.2702702702702703,0.05405405405405406,0,NA,0,NA,NA,NA,NA,0,NA,NA,NA,NA,0.05405405405405406,NA,NA,NA,70.54054054054055,19.83783783783784,NA,0.10810810810810811,NA,NA,NA,NA,NA,NA,NA,0.3243243243243243,NA,0,NA,NA,0.3783783783783784,NA,NA
32052,2012,32,Ourense,52,Nogueira de Ramuín,2082,1566,516,36,35,1495,1530,75.21613832853026,0,95,NA,NA,65,NA,1,NA,0,NA,NA,NA,NA,7,0,NA,22,NA,18,NA,NA,NA,NA,NA,0,NA,NA,NA,0,NA,NA,NA,NA,NA,8,NA,0,0,3,NA,NA,990,256,0,2,0,NA,NA,0,20,0,NA,NA,1,NA,NA,0,7,NA,NA,0,6.209150326797386,NA,NA,4.248366013071895,NA,0.065359477124183,NA,0,NA,NA,NA,NA,0.4575163398692811,0,NA,1.4379084967320261,NA,1.1764705882352942,NA,NA,NA,NA,NA,0,NA,NA,NA,0,NA,NA,NA,NA,NA,0.522875816993464,NA,0,0,0.19607843137254902,NA,NA,64.70588235294117,16.732026143790847,0,0.130718954248366,0,NA,NA,0,1.3071895424836601,0,NA,NA,0.065359477124183,NA,NA,0,0.4575163398692811,NA,NA
32052,2016,32,Ourense,52,Nogueira de Ramuín,1871,1348,523,14,5,1329,1334,72.04703367183325,0,NA,0,NA,NA,32,0,0,NA,NA,NA,NA,29,1,NA,NA,54,NA,0,NA,NA,121,NA,NA,NA,NA,6,NA,NA,NA,NA,NA,NA,0,6,2,0,NA,NA,NA,NA,916,161,NA,NA,NA,0,NA,NA,NA,NA,NA,NA,NA,NA,0,NA,NA,1,NA,0,NA,0,NA,NA,2.39880059970015,0,0,NA,NA,NA,NA,2.1739130434782608,0.07496251874062969,NA,NA,4.0479760119940025,NA,0,NA,NA,9.070464767616192,NA,NA,NA,NA,0.4497751124437781,NA,NA,NA,NA,NA,NA,0,0.4497751124437781,0.14992503748125938,0,NA,NA,NA,NA,68.66566716641678,12.068965517241379,NA,NA,NA,0,NA,NA,NA,NA,NA,NA,NA,NA,0,NA,NA,0.07496251874062969,NA
32052,2020,32,Ourense,52,Nogueira de Ramuín,1808,1226,582,12,10,1204,1214,67.80973451327434,NA,NA,NA,NA,116,NA,NA,NA,NA,NA,1808,1,4,NA,NA,NA,NA,NA,0,NA,NA,1,NA,NA,NA,NA,NA,NA,NA,NA,NA,NA,NA,NA,2,NA,0,NA,NA,NA,20,873,169,NA,1,NA,NA,2,NA,NA,NA,NA,NA,NA,NA,NA,NA,NA,NA,15,NA,NA,NA,NA,9.555189456342669,NA,NA,NA,NA,NA,148.92915980230643,0.08237232289950577,0.3294892915980231,NA,NA,NA,NA,NA,0,NA,NA,0.08237232289950577,NA,NA,NA,NA,NA,NA,NA,NA,NA,NA,NA,NA,0.16474464579901155,NA,0,NA,NA,NA,1.6474464579901154,71.91103789126853,13.920922570016476,NA,0.08237232289950577,NA,NA,0.16474464579901155,NA,NA,NA,NA,NA,NA,NA,NA,NA,NA,NA,1.2355848434925865
32052,2024,32,Ourense,52,Nogueira de Ramuín,1820,1308,512,3,11,1294,1305,71.86813186813187,NA,NA,NA,NA,220,NA,NA,NA,NA,NA,1820,NA,NA,NA,NA,NA,97,NA,0,0,NA,NA,NA,NA,NA,NA,NA,NA,NA,NA,NA,NA,NA,NA,1,NA,NA,NA,NA,1,NA,840,108,NA,1,NA,NA,NA,NA,NA,NA,4,NA,NA,NA,NA,NA,NA,NA,22,NA,NA,NA,NA,16.85823754789272,NA,NA,NA,NA,NA,139.46360153256705,NA,NA,NA,NA,NA,7.432950191570881,NA,0,0,NA,NA,NA,NA,NA,NA,NA,NA,NA,NA,NA,NA,NA,NA,0.07662835249042146,NA,NA,NA,NA,0.07662835249042146,NA,64.36781609195403,8.275862068965518,NA,0.07662835249042146,NA,NA,NA,NA,NA,NA,0.30651340996168586,NA,NA,NA,NA,NA,NA,NA,1.6858237547892718
32053,2001,32,Ourense,53,Oímbra,1700,1277,423,11,8,1258,1266,75.11764705882354,NA,NA,NA,3,217,NA,NA,NA,NA,NA,NA,NA,NA,NA,NA,NA,NA,2,NA,NA,0,NA,NA,5,NA,1,NA,NA,NA,NA,NA,NA,NA,NA,NA,NA,NA,1,NA,NA,NA,853,176,NA,NA,NA,NA,NA,NA,NA,0,NA,NA,NA,NA,NA,NA,NA,NA,NA,NA,NA,NA,0.23696682464454977,17.140600315955766,NA,NA,NA,NA,NA,NA,NA,NA,NA,NA,NA,NA,0.1579778830963665,NA,NA,0,NA,NA,0.3949447077409162,NA,0.07898894154818326,NA,NA,NA,NA,NA,NA,NA,NA,NA,NA,NA,0.07898894154818326,NA,NA,NA,67.37756714060032,13.902053712480253,NA,NA,NA,NA,NA,NA,NA,0,NA,NA,NA,NA,NA,NA,NA,NA,NA
32053,2005,32,Ourense,53,Oímbra,1589,1262,327,4,14,1244,1258,79.42101950912523,NA,NA,NA,0,184,NA,NA,NA,NA,0,NA,NA,NA,NA,NA,NA,0,NA,NA,NA,NA,NA,NA,1,1,0,NA,NA,NA,NA,NA,NA,0,NA,NA,NA,NA,0,NA,NA,NA,820,238,NA,NA,NA,NA,NA,NA,NA,NA,NA,NA,NA,NA,NA,NA,NA,NA,NA,NA,NA,NA,0,14.626391096979333,NA,NA,NA,NA,0,NA,NA,NA,NA,NA,NA,0,NA,NA,NA,NA,NA,NA,0.0794912559618442,0.0794912559618442,0,NA,NA,NA,NA,NA,NA,0,NA,NA,NA,NA,0,NA,NA,NA,65.18282988871225,18.91891891891892,NA,NA,NA,NA,NA,NA,NA,NA,NA,NA,NA,NA,NA,NA,NA,NA,NA
32053,2009,32,Ourense,53,Oímbra,1508,1249,259,9,9,1231,1240,82.82493368700266,NA,NA,NA,NA,166,NA,NA,NA,NA,NA,NA,NA,NA,NA,NA,NA,0,NA,NA,NA,NA,NA,NA,4,2,2,NA,0,NA,NA,NA,NA,1,NA,NA,NA,NA,0,NA,NA,NA,755,298,NA,1,NA,NA,NA,NA,NA,NA,NA,1,NA,1,NA,NA,0,NA,NA,NA,NA,NA,NA,13.38709677419355,NA,NA,NA,NA,NA,NA,NA,NA,NA,NA,NA,0,NA,NA,NA,NA,NA,NA,0.3225806451612903,0.16129032258064516,0.16129032258064516,NA,0,NA,NA,NA,NA,0.08064516129032258,NA,NA,NA,NA,0,NA,NA,NA,60.88709677419355,24.032258064516128,NA,0.08064516129032258,NA,NA,NA,NA,NA,NA,NA,0.08064516129032258,NA,0.08064516129032258,NA,NA,0,NA,NA
32053,2012,32,Ourense,53,Oímbra,1482,1102,380,40,29,1033,1062,74.35897435897436,0,39,NA,NA,77,NA,0,NA,0,NA,NA,NA,NA,3,0,NA,0,NA,4,NA,NA,NA,NA,NA,1,NA,NA,NA,0,NA,NA,NA,NA,NA,3,NA,0,0,1,NA,NA,698,184,1,2,1,NA,NA,0,18,0,NA,NA,0,NA,NA,0,1,NA,NA,0,3.672316384180791,NA,NA,7.250470809792843,NA,0,NA,0,NA,NA,NA,NA,0.2824858757062147,0,NA,0,NA,0.3766478342749529,NA,NA,NA,NA,NA,0.09416195856873823,NA,NA,NA,0,NA,NA,NA,NA,NA,0.2824858757062147,NA,0,0,0.09416195856873823,NA,NA,65.72504708097928,17.325800376647834,0.09416195856873823,0.18832391713747645,0.09416195856873823,NA,NA,0,1.694915254237288,0,NA,NA,0,NA,NA,0,0.09416195856873823,NA,NA
32053,2016,32,Ourense,53,Oímbra,1444,1123,321,10,11,1102,1113,77.770083102493075,0,NA,0,NA,NA,100,0,0,NA,NA,NA,NA,20,3,NA,NA,7,NA,0,NA,NA,96,NA,NA,NA,NA,0,NA,NA,NA,NA,NA,NA,0,5,0,0,NA,NA,NA,NA,756,114,NA,NA,NA,1,NA,NA,NA,NA,NA,NA,NA,NA,0,NA,NA,0,NA,0,NA,0,NA,NA,8.984725965858042,0,0,NA,NA,NA,NA,1.7969451931716083,0.2695417789757413,NA,NA,0.628930817610063,NA,0,NA,NA,8.62533692722372,NA,NA,NA,NA,0,NA,NA,NA,NA,NA,NA,0,0.44923629829290207,0,0,NA,NA,NA,NA,67.9245283018868,10.242587601078167,NA,NA,NA,0.08984725965858043,NA,NA,NA,NA,NA,NA,NA,NA,0,NA,NA,0,NA
32053,2020,32,Ourense,53,Oímbra,1337,997,340,7,10,980,990,74.56993268511593,NA,NA,NA,NA,203,NA,NA,NA,NA,NA,1337,0,4,NA,NA,NA,NA,NA,0,NA,NA,1,NA,NA,NA,NA,NA,NA,NA,NA,NA,NA,NA,NA,3,NA,1,NA,NA,NA,14,610,119,NA,0,NA,NA,1,NA,NA,NA,NA,NA,NA,NA,NA,NA,NA,NA,24,NA,NA,NA,NA,20.505050505050505,NA,NA,NA,NA,NA,135.05050505050505,0,0.40404040404040403,NA,NA,NA,NA,NA,0,NA,NA,0.10101010101010101,NA,NA,NA,NA,NA,NA,NA,NA,NA,NA,NA,NA,0.30303030303030304,NA,0.10101010101010101,NA,NA,NA,1.4141414141414141,61.61616161616161,12.02020202020202,NA,0,NA,NA,0.10101010101010101,NA,NA,NA,NA,NA,NA,NA,NA,NA,NA,NA,2.4242424242424243
32053,2024,32,Ourense,53,Oímbra,1256,960,296,7,9,944,953,76.43312101910828,NA,NA,NA,NA,227,NA,NA,NA,NA,NA,1256,NA,NA,NA,NA,NA,10,NA,1,1,NA,NA,NA,NA,NA,NA,NA,NA,NA,NA,NA,NA,NA,NA,1,NA,NA,NA,NA,0,NA,626,71,NA,0,NA,NA,NA,NA,NA,NA,0,NA,NA,NA,NA,NA,NA,NA,7,NA,NA,NA,NA,23.819517313746065,NA,NA,NA,NA,NA,131.79433368310598,NA,NA,NA,NA,NA,1.049317943336831,NA,0.1049317943336831,0.1049317943336831,NA,NA,NA,NA,NA,NA,NA,NA,NA,NA,NA,NA,NA,NA,0.1049317943336831,NA,NA,NA,NA,0,NA,65.68730325288563,7.450157397691501,NA,0,NA,NA,NA,NA,NA,NA,0,NA,NA,NA,NA,NA,NA,NA,0.7345225603357817
32054,2001,32,Ourense,54,Ourense,89305,58439,30866,438,1245,56756,58001,65.43754549017412,NA,NA,NA,121,15528,NA,NA,NA,NA,NA,NA,NA,NA,NA,NA,NA,NA,226,NA,NA,155,NA,NA,447,NA,109,NA,NA,NA,NA,NA,NA,NA,NA,NA,NA,NA,127,NA,NA,NA,26752,13291,NA,NA,NA,NA,NA,NA,NA,0,NA,NA,NA,NA,NA,NA,NA,NA,NA,NA,NA,NA,0.2086170928087447,26.771952207720556,NA,NA,NA,NA,NA,NA,NA,NA,NA,NA,NA,NA,0.3896484543369942,NA,NA,0.26723677177979693,NA,NA,0.7706763676488336,NA,0.1879277943483733,NA,NA,NA,NA,NA,NA,NA,NA,NA,NA,NA,0.21896174203893037,NA,NA,NA,46.12334270098791,22.915122153066324,NA,NA,NA,NA,NA,NA,NA,0,NA,NA,NA,NA,NA,NA,NA,NA,NA
32054,2005,32,Ourense,54,Ourense,88650,60875,27775,268,848,59759,60607,68.66892272983644,NA,NA,NA,66,13191,NA,NA,NA,NA,84,NA,NA,NA,NA,NA,NA,276,NA,NA,NA,NA,NA,NA,358,35,57,NA,NA,NA,NA,NA,NA,57,NA,NA,NA,NA,49,NA,NA,NA,24289,21297,NA,NA,NA,NA,NA,NA,NA,NA,NA,NA,NA,NA,NA,NA,NA,NA,NA,NA,NA,NA,0.10889831207616281,21.764812645403996,NA,NA,NA,NA,0.13859785173329814,NA,NA,NA,NA,NA,NA,0.45539294140940817,NA,NA,NA,NA,NA,NA,0.5906908442919135,0.05774910488887422,0.09404854224759517,NA,NA,NA,NA,NA,NA,0.09404854224759517,NA,NA,NA,NA,0.0808487468444239,NA,NA,NA,40.076228818453316,35.139505337667266,NA,NA,NA,NA,NA,NA,NA,NA,NA,NA,NA,NA,NA,NA,NA,NA,NA
32054,2009,32,Ourense,54,Ourense,87353,64055,23298,534,1108,62413,63521,73.32890684922097,NA,NA,NA,NA,9438,NA,NA,NA,NA,NA,NA,NA,NA,NA,NA,NA,729,NA,NA,NA,NA,NA,NA,610,38,71,NA,21,NA,NA,NA,NA,38,NA,NA,NA,NA,38,NA,NA,NA,27932,22063,NA,300,NA,NA,NA,NA,NA,NA,NA,314,NA,20,NA,NA,801,NA,NA,NA,NA,NA,NA,14.858078430755183,NA,NA,NA,NA,NA,NA,NA,NA,NA,NA,NA,1.1476519576203146,NA,NA,NA,NA,NA,NA,0.9603123376521151,0.05982273578816454,0.11177405897262324,NA,0.03305993293556462,NA,NA,NA,NA,0.05982273578816454,NA,NA,NA,NA,0.05982273578816454,NA,NA,NA,43.97285936934242,34.733395255112484,NA,0.47228475622235166,NA,NA,NA,NA,NA,NA,NA,0.49432471151272805,NA,0.03148565041482344,NA,NA,1.2610002991136788,NA,NA
32054,2012,32,Ourense,54,Ourense,87741,57169,30572,1589,1654,53926,55580,65.15654027193672,0,6732,NA,NA,4091,NA,41,NA,76,NA,NA,NA,NA,1328,0,NA,3195,NA,1123,NA,NA,NA,NA,NA,42,NA,NA,NA,0,NA,NA,NA,NA,NA,330,NA,0,0,121,NA,NA,21158,13560,93,218,15,NA,NA,0,1247,0,NA,NA,39,NA,NA,0,517,NA,NA,0,12.112270600935588,NA,NA,7.3605613530046785,NA,0.07376754228139618,NA,0.13673983447283197,NA,NA,NA,NA,2.3893486865779057,0,NA,5.748470672903922,NA,2.020510975170925,NA,NA,NA,NA,NA,0.07556675062972291,NA,NA,NA,0,NA,NA,NA,NA,NA,0.593738754947823,NA,0,0,0.21770421014753508,NA,NA,38.06765023389709,24.397265203310546,0.16732637639438647,0.39222741993522847,0.026988125224901044,NA,NA,0,2.24361281036344,0,NA,NA,0.07016912558474271,NA,NA,0,0.9301907160849227,NA,NA
32054,2016,32,Ourense,54,Ourense,87112,55808,31313,481,499,54828,55327,64.06465240150611,0,NA,0,NA,NA,2697,0,0,NA,NA,NA,NA,1949,214,NA,NA,5382,NA,0,NA,NA,10075,NA,NA,NA,NA,53,NA,NA,NA,NA,NA,NA,0,649,54,38,NA,NA,NA,NA,23783,9812,NA,NA,NA,61,NA,NA,NA,NA,NA,NA,NA,NA,0,NA,NA,61,NA,0,NA,0,NA,NA,4.8746543279050005,0,0,NA,NA,NA,NA,3.52269235635404,0.3867912592405155,NA,NA,9.727619426319881,NA,0,NA,NA,18.20991559274857,NA,NA,NA,NA,0.09579409691470711,NA,NA,NA,NA,NA,NA,0,1.173025828257451,0.09760153270555064,0.06868256005205414,NA,NA,NA,NA,42.98624541363168,17.73455997975672,NA,NA,NA,0.11025358324145534,NA,NA,NA,NA,NA,NA,NA,NA,0,NA,NA,0.11025358324145534,NA
32054,2020,32,Ourense,54,Ourense,86072,48620,37452,446,452,47722,48174,56.48759178362302,NA,NA,NA,NA,11442,NA,NA,NA,NA,NA,86047,70,928,NA,NA,NA,NA,NA,40,NA,NA,71,NA,NA,NA,NA,NA,NA,NA,NA,NA,NA,NA,NA,269,NA,28,NA,NA,NA,1377,22044,10184,NA,64,NA,NA,120,NA,NA,NA,NA,NA,NA,NA,NA,NA,NA,NA,1085,NA,NA,NA,NA,23.751401170756008,NA,NA,NA,NA,NA,178.61709635903185,0.14530659691950015,1.9263503134470876,NA,NA,NA,NA,NA,0.08303234109685723,NA,NA,0.14738240544692158,NA,NA,NA,NA,NA,NA,NA,NA,NA,NA,NA,NA,0.5583924938763648,NA,0.058122638767800064,NA,NA,NA,2.85838834225931,45.75912317847802,21.14003404325985,NA,0.13285174575497155,NA,NA,0.24909702329057168,NA,NA,NA,NA,NA,NA,NA,NA,NA,NA,NA,2.2522522522522523
32054,2024,32,Ourense,54,Ourense,83561,57701,25860,358,404,56939,57343,69.05254843766829,NA,NA,NA,NA,15737,NA,NA,NA,NA,NA,83561,NA,NA,NA,NA,NA,10236,NA,58,72,NA,NA,NA,NA,NA,NA,NA,NA,NA,NA,NA,NA,NA,NA,156,NA,NA,NA,NA,88,NA,22521,6928,NA,65,NA,NA,NA,NA,NA,NA,309,NA,NA,NA,NA,NA,NA,NA,769,NA,NA,NA,NA,27.443628690511485,NA,NA,NA,NA,NA,145.721360933331,NA,NA,NA,NA,NA,17.850478698358998,NA,0.1011457370559615,0.12556022531084876,NA,NA,NA,NA,NA,NA,NA,NA,NA,NA,NA,NA,NA,NA,0.2720471548401723,NA,NA,NA,NA,0.15346249760214847,NA,39.27419214202257,12.081683902132779,NA,0.11335298118340513,NA,NA,NA,NA,NA,NA,0.5388626336257258,NA,NA,NA,NA,NA,NA,NA,1.3410529620005929
32055,2001,32,Ourense,55,Paderne de Allariz,1527,1025,502,9,7,1009,1016,67.12508185985592,NA,NA,NA,1,187,NA,NA,NA,NA,NA,NA,NA,NA,NA,NA,NA,NA,3,NA,NA,1,NA,NA,2,NA,1,NA,NA,NA,NA,NA,NA,NA,NA,NA,NA,NA,0,NA,NA,NA,679,135,NA,NA,NA,NA,NA,NA,NA,0,NA,NA,NA,NA,NA,NA,NA,NA,NA,NA,NA,NA,0.09842519685039369,18.405511811023622,NA,NA,NA,NA,NA,NA,NA,NA,NA,NA,NA,NA,0.2952755905511811,NA,NA,0.09842519685039369,NA,NA,0.19685039370078738,NA,0.09842519685039369,NA,NA,NA,NA,NA,NA,NA,NA,NA,NA,NA,0,NA,NA,NA,66.83070866141733,13.287401574803152,NA,NA,NA,NA,NA,NA,NA,0,NA,NA,NA,NA,NA,NA,NA,NA,NA
32055,2005,32,Ourense,55,Paderne de Allariz,1488,1055,433,6,16,1033,1049,70.90053763440861,NA,NA,NA,1,134,NA,NA,NA,NA,0,NA,NA,NA,NA,NA,NA,2,NA,NA,NA,NA,NA,NA,0,1,0,NA,NA,NA,NA,NA,NA,1,NA,NA,NA,NA,3,NA,NA,NA,614,277,NA,NA,NA,NA,NA,NA,NA,NA,NA,NA,NA,NA,NA,NA,NA,NA,NA,NA,NA,NA,0.09532888465204957,12.774070543374643,NA,NA,NA,NA,0,NA,NA,NA,NA,NA,NA,0.19065776930409914,NA,NA,NA,NA,NA,NA,0,0.09532888465204957,0,NA,NA,NA,NA,NA,NA,0.09532888465204957,NA,NA,NA,NA,0.2859866539561487,NA,NA,NA,58.53193517635844,26.40610104861773,NA,NA,NA,NA,NA,NA,NA,NA,NA,NA,NA,NA,NA,NA,NA,NA,NA
32055,2009,32,Ourense,55,Paderne de Allariz,1449,1070,379,7,13,1050,1063,73.8440303657695,NA,NA,NA,NA,117,NA,NA,NA,NA,NA,NA,NA,NA,NA,NA,NA,2,NA,NA,NA,NA,NA,NA,1,0,0,NA,1,NA,NA,NA,NA,0,NA,NA,NA,NA,1,NA,NA,NA,618,299,NA,3,NA,NA,NA,NA,NA,NA,NA,3,NA,0,NA,NA,5,NA,NA,NA,NA,NA,NA,11.006585136406397,NA,NA,NA,NA,NA,NA,NA,NA,NA,NA,NA,0.18814675446848542,NA,NA,NA,NA,NA,NA,0.09407337723424271,0,0,NA,0.09407337723424271,NA,NA,NA,NA,0,NA,NA,NA,NA,0.09407337723424271,NA,NA,NA,58.137347130761995,28.12793979303857,NA,0.28222013170272814,NA,NA,NA,NA,NA,NA,NA,0.28222013170272814,NA,0,NA,NA,0.4703668861712135,NA,NA
32055,2012,32,Ourense,55,Paderne de Allariz,1372,928,444,22,17,889,906,67.63848396501457,0,54,NA,NA,56,NA,0,NA,0,NA,NA,NA,NA,4,0,NA,21,NA,20,NA,NA,NA,NA,NA,0,NA,NA,NA,0,NA,NA,NA,NA,NA,4,NA,0,0,1,NA,NA,541,167,1,1,0,NA,NA,0,17,0,NA,NA,0,NA,NA,0,2,NA,NA,0,5.960264900662252,NA,NA,6.181015452538632,NA,0,NA,0,NA,NA,NA,NA,0.44150110375275936,0,NA,2.3178807947019866,NA,2.207505518763797,NA,NA,NA,NA,NA,0,NA,NA,NA,0,NA,NA,NA,NA,NA,0.44150110375275936,NA,0,0,0.11037527593818984,NA,NA,59.71302428256071,18.432671081677704,0.11037527593818984,0.11037527593818984,0,NA,NA,0,1.8763796909492272,0,NA,NA,0,NA,NA,0,0.22075055187637968,NA,NA
32055,2016,32,Ourense,55,Paderne de Allariz,1271,861,410,5,3,853,856,67.74193548387096,0,NA,0,NA,NA,33,0,0,NA,NA,NA,NA,19,1,NA,NA,39,NA,0,NA,NA,83,NA,NA,NA,NA,2,NA,NA,NA,NA,NA,NA,0,3,2,0,NA,NA,NA,NA,535,134,NA,NA,NA,0,NA,NA,NA,NA,NA,NA,NA,NA,0,NA,NA,2,NA,0,NA,0,NA,NA,3.8551401869158877,0,0,NA,NA,NA,NA,2.219626168224299,0.11682242990654204,NA,NA,4.55607476635514,NA,0,NA,NA,9.69626168224299,NA,NA,NA,NA,0.23364485981308408,NA,NA,NA,NA,NA,NA,0,0.35046728971962615,0.23364485981308408,0,NA,NA,NA,NA,62.5,15.654205607476634,NA,NA,NA,0,NA,NA,NA,NA,NA,NA,NA,NA,0,NA,NA,0.23364485981308408,NA
32055,2020,32,Ourense,55,Paderne de Allariz,1201,721,480,7,6,708,714,60.03330557868443,NA,NA,NA,NA,118,NA,NA,NA,NA,NA,1201,6,2,NA,NA,NA,NA,NA,0,NA,NA,0,NA,NA,NA,NA,NA,NA,NA,NA,NA,NA,NA,NA,1,NA,0,NA,NA,NA,15,467,93,NA,0,NA,NA,0,NA,NA,NA,NA,NA,NA,NA,NA,NA,NA,NA,6,NA,NA,NA,NA,16.5266106442577,NA,NA,NA,NA,NA,168.20728291316527,0.8403361344537815,0.2801120448179272,NA,NA,NA,NA,NA,0,NA,NA,0,NA,NA,NA,NA,NA,NA,NA,NA,NA,NA,NA,NA,0.1400560224089636,NA,0,NA,NA,NA,2.100840336134454,65.406162464986,13.025210084033615,NA,0,NA,NA,0,NA,NA,NA,NA,NA,NA,NA,NA,NA,NA,NA,0.8403361344537815
32055,2024,32,Ourense,55,Paderne de Allariz,1187,816,371,6,7,803,810,68.74473462510531,NA,NA,NA,NA,179,NA,NA,NA,NA,NA,1187,NA,NA,NA,NA,NA,66,NA,2,0,NA,NA,NA,NA,NA,NA,NA,NA,NA,NA,NA,NA,NA,NA,4,NA,NA,NA,NA,1,NA,455,82,NA,0,NA,NA,NA,NA,NA,NA,5,NA,NA,NA,NA,NA,NA,NA,9,NA,NA,NA,NA,22.098765432098766,NA,NA,NA,NA,NA,146.54320987654322,NA,NA,NA,NA,NA,8.148148148148149,NA,0.24691358024691357,0,NA,NA,NA,NA,NA,NA,NA,NA,NA,NA,NA,NA,NA,NA,0.49382716049382713,NA,NA,NA,NA,0.12345679012345678,NA,56.17283950617284,10.123456790123457,NA,0,NA,NA,NA,NA,NA,NA,0.6172839506172839,NA,NA,NA,NA,NA,NA,NA,1.1111111111111112
32056,2001,32,Ourense,56,Padrenda,2169,1482,687,10,7,1465,1472,68.32641770401106,NA,NA,NA,2,216,NA,NA,NA,NA,NA,NA,NA,NA,NA,NA,NA,NA,3,NA,NA,0,NA,NA,0,NA,2,NA,NA,NA,NA,NA,NA,NA,NA,NA,NA,NA,0,NA,NA,NA,1051,191,NA,NA,NA,NA,NA,NA,NA,0,NA,NA,NA,NA,NA,NA,NA,NA,NA,NA,NA,NA,0.1358695652173913,14.673913043478262,NA,NA,NA,NA,NA,NA,NA,NA,NA,NA,NA,NA,0.20380434782608695,NA,NA,0,NA,NA,0,NA,0.1358695652173913,NA,NA,NA,NA,NA,NA,NA,NA,NA,NA,NA,0,NA,NA,NA,71.39945652173914,12.975543478260871,NA,NA,NA,NA,NA,NA,NA,0,NA,NA,NA,NA,NA,NA,NA,NA,NA
32056,2005,32,Ourense,56,Padrenda,2025,1511,514,9,8,1494,1502,74.61728395061729,NA,NA,NA,1,116,NA,NA,NA,NA,0,NA,NA,NA,NA,NA,NA,0,NA,NA,NA,NA,NA,NA,1,0,3,NA,NA,NA,NA,NA,NA,1,NA,NA,NA,NA,1,NA,NA,NA,998,373,NA,NA,NA,NA,NA,NA,NA,NA,NA,NA,NA,NA,NA,NA,NA,NA,NA,NA,NA,NA,0.06657789613848203,7.723035952063914,NA,NA,NA,NA,0,NA,NA,NA,NA,NA,NA,0,NA,NA,NA,NA,NA,NA,0.06657789613848203,0,0.1997336884154461,NA,NA,NA,NA,NA,NA,0.06657789613848203,NA,NA,NA,NA,0.06657789613848203,NA,NA,NA,66.44474034620505,24.833555259653796,NA,NA,NA,NA,NA,NA,NA,NA,NA,NA,NA,NA,NA,NA,NA,NA,NA
32056,2009,32,Ourense,56,Padrenda,1904,1541,363,6,3,1532,1535,80.93487394957984,NA,NA,NA,NA,161,NA,NA,NA,NA,NA,NA,NA,NA,NA,NA,NA,1,NA,NA,NA,NA,NA,NA,1,0,0,NA,0,NA,NA,NA,NA,0,NA,NA,NA,NA,0,NA,NA,NA,895,472,NA,1,NA,NA,NA,NA,NA,NA,NA,1,NA,0,NA,NA,0,NA,NA,NA,NA,NA,NA,10.488599348534201,NA,NA,NA,NA,NA,NA,NA,NA,NA,NA,NA,0.06514657980456026,NA,NA,NA,NA,NA,NA,0.06514657980456026,0,0,NA,0,NA,NA,NA,NA,0,NA,NA,NA,NA,0,NA,NA,NA,58.306188925081436,30.749185667752442,NA,0.06514657980456026,NA,NA,NA,NA,NA,NA,NA,0.06514657980456026,NA,0,NA,NA,0,NA,NA
32056,2012,32,Ourense,56,Padrenda,1773,1197,576,20,20,1157,1177,67.51269035532995,0,32,NA,NA,37,NA,0,NA,1,NA,NA,NA,NA,3,0,NA,8,NA,2,NA,NA,NA,NA,NA,0,NA,NA,NA,0,NA,NA,NA,NA,NA,1,NA,0,0,1,NA,NA,808,249,1,0,0,NA,NA,0,9,0,NA,NA,0,NA,NA,0,5,NA,NA,0,2.7187765505522514,NA,NA,3.143585386576041,NA,0,NA,0.08496176720475786,NA,NA,NA,NA,0.2548853016142736,0,NA,0.6796941376380629,NA,0.16992353440951571,NA,NA,NA,NA,NA,0,NA,NA,NA,0,NA,NA,NA,NA,NA,0.08496176720475786,NA,0,0,0.08496176720475786,NA,NA,68.64910790144435,21.15548003398471,0.08496176720475786,0,0,NA,NA,0,0.7646559048428208,0,NA,NA,0,NA,NA,0,0.4248088360237893,NA,NA
32056,2016,32,Ourense,56,Padrenda,1584,1044,540,2,2,1040,1042,65.9090909090909,0,NA,0,NA,NA,14,0,0,NA,NA,NA,NA,31,0,NA,NA,8,NA,0,NA,NA,41,NA,NA,NA,NA,1,NA,NA,NA,NA,NA,NA,0,1,0,0,NA,NA,NA,NA,747,196,NA,NA,NA,1,NA,NA,NA,NA,NA,NA,NA,NA,0,NA,NA,0,NA,0,NA,0,NA,NA,1.3435700575815739,0,0,NA,NA,NA,NA,2.9750479846449136,0,NA,NA,0.7677543186180422,NA,0,NA,NA,3.934740882917467,NA,NA,NA,NA,0.09596928982725528,NA,NA,NA,NA,NA,NA,0,0.09596928982725528,0,0,NA,NA,NA,NA,71.6890595009597,18.809980806142036,NA,NA,NA,0.09596928982725528,NA,NA,NA,NA,NA,NA,NA,NA,0,NA,NA,0,NA
32056,2020,32,Ourense,56,Padrenda,1446,960,486,3,1,956,957,66.39004149377593,NA,NA,NA,NA,32,NA,NA,NA,NA,NA,1446,0,12,NA,NA,NA,NA,NA,0,NA,NA,4,NA,NA,NA,NA,NA,NA,NA,NA,NA,NA,NA,NA,1,NA,0,NA,NA,NA,5,686,207,NA,0,NA,NA,0,NA,NA,NA,NA,NA,NA,NA,NA,NA,NA,NA,9,NA,NA,NA,NA,3.343782654127482,NA,NA,NA,NA,NA,151.09717868338558,0,1.2539184952978055,NA,NA,NA,NA,NA,0,NA,NA,0.41797283176593525,NA,NA,NA,NA,NA,NA,NA,NA,NA,NA,NA,NA,0.10449320794148381,NA,0,NA,NA,NA,0.522466039707419,71.68234064785788,21.630094043887148,NA,0,NA,NA,0,NA,NA,NA,NA,NA,NA,NA,NA,NA,NA,NA,0.9404388714733543
32056,2024,32,Ourense,56,Padrenda,1368,985,383,5,5,975,980,72.00292397660819,NA,NA,NA,NA,100,NA,NA,NA,NA,NA,1368,NA,NA,NA,NA,NA,22,NA,0,7,NA,NA,NA,NA,NA,NA,NA,NA,NA,NA,NA,NA,NA,NA,0,NA,NA,NA,NA,0,NA,695,140,NA,0,NA,NA,NA,NA,NA,NA,0,NA,NA,NA,NA,NA,NA,NA,11,NA,NA,NA,NA,10.204081632653061,NA,NA,NA,NA,NA,139.59183673469389,NA,NA,NA,NA,NA,2.2448979591836733,NA,0,0.7142857142857143,NA,NA,NA,NA,NA,NA,NA,NA,NA,NA,NA,NA,NA,NA,0,NA,NA,NA,NA,0,NA,70.91836734693877,14.285714285714285,NA,0,NA,NA,NA,NA,NA,NA,0,NA,NA,NA,NA,NA,NA,NA,1.1224489795918366
32057,2001,32,Ourense,57,Parada de Sil,802,547,255,6,3,538,541,68.20448877805487,NA,NA,NA,0,63,NA,NA,NA,NA,NA,NA,NA,NA,NA,NA,NA,NA,2,NA,NA,0,NA,NA,1,NA,0,NA,NA,NA,NA,NA,NA,NA,NA,NA,NA,NA,1,NA,NA,NA,390,81,NA,NA,NA,NA,NA,NA,NA,0,NA,NA,NA,NA,NA,NA,NA,NA,NA,NA,NA,NA,0,11.645101663585953,NA,NA,NA,NA,NA,NA,NA,NA,NA,NA,NA,NA,0.36968576709796674,NA,NA,0,NA,NA,0.18484288354898337,NA,0,NA,NA,NA,NA,NA,NA,NA,NA,NA,NA,NA,0.18484288354898337,NA,NA,NA,72.08872458410352,14.972273567467653,NA,NA,NA,NA,NA,NA,NA,0,NA,NA,NA,NA,NA,NA,NA,NA,NA
32057,2005,32,Ourense,57,Parada de Sil,721,547,174,1,4,542,546,75.86685159500693,NA,NA,NA,0,42,NA,NA,NA,NA,1,NA,NA,NA,NA,NA,NA,1,NA,NA,NA,NA,NA,NA,2,0,0,NA,NA,NA,NA,NA,NA,0,NA,NA,NA,NA,0,NA,NA,NA,316,180,NA,NA,NA,NA,NA,NA,NA,NA,NA,NA,NA,NA,NA,NA,NA,NA,NA,NA,NA,NA,0,7.6923076923076925,NA,NA,NA,NA,0.18315018315018314,NA,NA,NA,NA,NA,NA,0.18315018315018314,NA,NA,NA,NA,NA,NA,0.3663003663003663,0,0,NA,NA,NA,NA,NA,NA,0,NA,NA,NA,NA,0,NA,NA,NA,57.87545787545788,32.967032967032964,NA,NA,NA,NA,NA,NA,NA,NA,NA,NA,NA,NA,NA,NA,NA,NA,NA
32057,2009,32,Ourense,57,Parada de Sil,648,516,132,0,5,511,516,79.62962962962963,NA,NA,NA,NA,26,NA,NA,NA,NA,NA,NA,NA,NA,NA,NA,NA,2,NA,NA,NA,NA,NA,NA,0,0,0,NA,1,NA,NA,NA,NA,0,NA,NA,NA,NA,0,NA,NA,NA,158,315,NA,0,NA,NA,NA,NA,NA,NA,NA,6,NA,0,NA,NA,3,NA,NA,NA,NA,NA,NA,5.038759689922481,NA,NA,NA,NA,NA,NA,NA,NA,NA,NA,NA,0.3875968992248062,NA,NA,NA,NA,NA,NA,0,0,0,NA,0.1937984496124031,NA,NA,NA,NA,0,NA,NA,NA,NA,0,NA,NA,NA,30.620155038759687,61.04651162790697,NA,0,NA,NA,NA,NA,NA,NA,NA,1.1627906976744187,NA,0,NA,NA,0.5813953488372093,NA,NA
32057,2012,32,Ourense,57,Parada de Sil,606,428,178,6,4,418,422,70.62706270627062,0,18,NA,NA,13,NA,0,NA,0,NA,NA,NA,NA,9,0,NA,6,NA,3,NA,NA,NA,NA,NA,0,NA,NA,NA,0,NA,NA,NA,NA,NA,1,NA,0,0,1,NA,NA,123,232,0,2,0,NA,NA,0,7,0,NA,NA,0,NA,NA,0,3,NA,NA,0,4.265402843601896,NA,NA,3.080568720379147,NA,0,NA,0,NA,NA,NA,NA,2.132701421800948,0,NA,1.4218009478672986,NA,0.7109004739336493,NA,NA,NA,NA,NA,0,NA,NA,NA,0,NA,NA,NA,NA,NA,0.23696682464454977,NA,0,0,0.23696682464454977,NA,NA,29.14691943127962,54.976303317535546,0,0.47393364928909953,0,NA,NA,0,1.6587677725118484,0,NA,NA,0,NA,NA,0,0.7109004739336493,NA,NA
32057,2016,32,Ourense,57,Parada de Sil,568,406,162,1,5,400,405,71.47887323943662,0,NA,0,NA,NA,8,0,0,NA,NA,NA,NA,10,1,NA,NA,9,NA,0,NA,NA,48,NA,NA,NA,NA,0,NA,NA,NA,NA,NA,NA,0,0,1,0,NA,NA,NA,NA,159,164,NA,NA,NA,0,NA,NA,NA,NA,NA,NA,NA,NA,0,NA,NA,0,NA,0,NA,0,NA,NA,1.9753086419753085,0,0,NA,NA,NA,NA,2.4691358024691357,0.24691358024691357,NA,NA,2.2222222222222223,NA,0,NA,NA,11.851851851851853,NA,NA,NA,NA,0,NA,NA,NA,NA,NA,NA,0,0,0.24691358024691357,0,NA,NA,NA,NA,39.25925925925926,40.49382716049383,NA,NA,NA,0,NA,NA,NA,NA,NA,NA,NA,NA,0,NA,NA,0,NA
32057,2020,32,Ourense,57,Parada de Sil,511,302,209,5,2,295,297,59.099804305283755,NA,NA,NA,NA,34,NA,NA,NA,NA,NA,511,0,1,NA,NA,NA,NA,NA,2,NA,NA,1,NA,NA,NA,NA,NA,NA,NA,NA,NA,NA,NA,NA,0,NA,0,NA,NA,NA,5,120,130,NA,0,NA,NA,0,NA,NA,NA,NA,NA,NA,NA,NA,NA,NA,NA,2,NA,NA,NA,NA,11.447811447811448,NA,NA,NA,NA,NA,172.05387205387206,0,0.33670033670033667,NA,NA,NA,NA,NA,0.6734006734006733,NA,NA,0.33670033670033667,NA,NA,NA,NA,NA,NA,NA,NA,NA,NA,NA,NA,0,NA,0,NA,NA,NA,1.6835016835016834,40.4040404040404,43.77104377104377,NA,0,NA,NA,0,NA,NA,NA,NA,NA,NA,NA,NA,NA,NA,NA,0.6734006734006733
32057,2024,32,Ourense,57,Parada de Sil,463,297,166,1,2,294,296,64.14686825053995,NA,NA,NA,NA,64,NA,NA,NA,NA,NA,463,NA,NA,NA,NA,NA,26,NA,0,2,NA,NA,NA,NA,NA,NA,NA,NA,NA,NA,NA,NA,NA,NA,2,NA,NA,NA,NA,1,NA,115,79,NA,1,NA,NA,NA,NA,NA,NA,0,NA,NA,NA,NA,NA,NA,NA,4,NA,NA,NA,NA,21.62162162162162,NA,NA,NA,NA,NA,156.41891891891893,NA,NA,NA,NA,NA,8.783783783783784,NA,0,0.6756756756756757,NA,NA,NA,NA,NA,NA,NA,NA,NA,NA,NA,NA,NA,NA,0.6756756756756757,NA,NA,NA,NA,0.33783783783783783,NA,38.85135135135135,26.68918918918919,NA,0.33783783783783783,NA,NA,NA,NA,NA,NA,0,NA,NA,NA,NA,NA,NA,NA,1.3513513513513513
32058,2001,32,Ourense,58,Pereiro de Aguiar (O),4611,3366,1245,17,28,3321,3349,72.99934938191282,NA,NA,NA,6,579,NA,NA,NA,NA,NA,NA,NA,NA,NA,NA,NA,NA,13,NA,NA,4,NA,NA,8,NA,6,NA,NA,NA,NA,NA,NA,NA,NA,NA,NA,NA,6,NA,NA,NA,2244,455,NA,NA,NA,NA,NA,NA,NA,0,NA,NA,NA,NA,NA,NA,NA,NA,NA,NA,NA,NA,0.17915795759928338,17.288742908330846,NA,NA,NA,NA,NA,NA,NA,NA,NA,NA,NA,NA,0.38817557479844733,NA,NA,0.11943863839952225,NA,NA,0.2388772767990445,NA,0.17915795759928338,NA,NA,NA,NA,NA,NA,NA,NA,NA,NA,NA,0.17915795759928338,NA,NA,NA,67.00507614213198,13.586145117945655,NA,NA,NA,NA,NA,NA,NA,0,NA,NA,NA,NA,NA,NA,NA,NA,NA
32058,2005,32,Ourense,58,Pereiro de Aguiar (O),4842,3544,1298,10,35,3499,3534,73.19289549772822,NA,NA,NA,3,599,NA,NA,NA,NA,3,NA,NA,NA,NA,NA,NA,6,NA,NA,NA,NA,NA,NA,5,0,3,NA,NA,NA,NA,NA,NA,1,NA,NA,NA,NA,3,NA,NA,NA,1996,880,NA,NA,NA,NA,NA,NA,NA,NA,NA,NA,NA,NA,NA,NA,NA,NA,NA,NA,NA,NA,0.08488964346349745,16.949632144878322,NA,NA,NA,NA,0.08488964346349745,NA,NA,NA,NA,NA,NA,0.1697792869269949,NA,NA,NA,NA,NA,NA,0.1414827391058291,0,0.08488964346349745,NA,NA,NA,NA,NA,NA,0.028296547821165818,NA,NA,NA,NA,0.08488964346349745,NA,NA,NA,56.47990945104697,24.90096208262592,NA,NA,NA,NA,NA,NA,NA,NA,NA,NA,NA,NA,NA,NA,NA,NA,NA
32058,2009,32,Ourense,58,Pereiro de Aguiar (O),5180,3978,1202,25,57,3896,3953,76.79536679536679,NA,NA,NA,NA,556,NA,NA,NA,NA,NA,NA,NA,NA,NA,NA,NA,20,NA,NA,NA,NA,NA,NA,17,0,6,NA,1,NA,NA,NA,NA,3,NA,NA,NA,NA,3,NA,NA,NA,2242,976,NA,13,NA,NA,NA,NA,NA,NA,NA,21,NA,1,NA,NA,37,NA,NA,NA,NA,NA,NA,14.065266885909436,NA,NA,NA,NA,NA,NA,NA,NA,NA,NA,NA,0.5059448520111307,NA,NA,NA,NA,NA,NA,0.4300531242094612,0,0.15178345560333922,NA,0.025297242600556536,NA,NA,NA,NA,0.07589172780166961,NA,NA,NA,NA,0.07589172780166961,NA,NA,NA,56.71641791044776,24.690108778143184,NA,0.32886415380723505,NA,NA,NA,NA,NA,NA,NA,0.5312420946116874,NA,0.025297242600556536,NA,NA,0.9359979762205919,NA,NA
32058,2012,32,Ourense,58,Pereiro de Aguiar (O),5261,3526,1735,105,71,3350,3421,67.02147880631058,0,304,NA,NA,203,NA,0,NA,4,NA,NA,NA,NA,35,0,NA,131,NA,55,NA,NA,NA,NA,NA,2,NA,NA,NA,0,NA,NA,NA,NA,NA,26,NA,0,0,9,NA,NA,1802,645,2,8,2,NA,NA,0,85,0,NA,NA,2,NA,NA,0,35,NA,NA,0,8.886290558316281,NA,NA,5.933937445191464,NA,0,NA,0.1169248757673195,NA,NA,NA,NA,1.0230926629640456,0,NA,3.8292896813797133,NA,1.607717041800643,NA,NA,NA,NA,NA,0.05846243788365975,NA,NA,NA,0,NA,NA,NA,NA,NA,0.7600116924875767,NA,0,0,0.2630809704764689,NA,NA,52.67465653317743,18.85413621748027,0.05846243788365975,0.233849751534639,0.05846243788365975,NA,NA,0,2.484653610055539,0,NA,NA,0.05846243788365975,NA,NA,0,1.0230926629640456,NA,NA
32058,2016,32,Ourense,58,O Pereiro de Aguiar,5183,3520,1663,45,25,3450,3475,67.91433532703067,0,NA,0,NA,NA,125,0,0,NA,NA,NA,NA,141,13,NA,NA,225,NA,0,NA,NA,488,NA,NA,NA,NA,3,NA,NA,NA,NA,NA,NA,0,35,6,2,NA,NA,NA,NA,1911,496,NA,NA,NA,4,NA,NA,NA,NA,NA,NA,NA,NA,0,NA,NA,1,NA,0,NA,0,NA,NA,3.5971223021582732,0,0,NA,NA,NA,NA,4.057553956834532,0.37410071942446044,NA,NA,6.474820143884892,NA,0,NA,NA,14.043165467625899,NA,NA,NA,NA,0.08633093525179857,NA,NA,NA,NA,NA,NA,0,1.0071942446043165,0.17266187050359713,0.05755395683453237,NA,NA,NA,NA,54.99280575539568,14.27338129496403,NA,NA,NA,0.11510791366906474,NA,NA,NA,NA,NA,NA,NA,NA,0,NA,NA,0.028776978417266185,NA
32058,2020,32,Ourense,58,O Pereiro de Aguiar,5270,3384,1886,37,24,3323,3347,64.21252371916508,NA,NA,NA,NA,559,NA,NA,NA,NA,NA,5270,0,48,NA,NA,NA,NA,NA,1,NA,NA,6,NA,NA,NA,NA,NA,NA,NA,NA,NA,NA,NA,NA,20,NA,2,NA,NA,NA,85,1982,535,NA,3,NA,NA,6,NA,NA,NA,NA,NA,NA,NA,NA,NA,NA,NA,76,NA,NA,NA,NA,16.701523752614282,NA,NA,NA,NA,NA,157.45443680908275,0,1.434120107559008,NA,NA,NA,NA,NA,0.029877502240812665,NA,NA,0.179265013444876,NA,NA,NA,NA,NA,NA,NA,NA,NA,NA,NA,NA,0.5975500448162534,NA,0.05975500448162533,NA,NA,NA,2.5395876904690766,59.217209441290706,15.984463698834778,NA,0.089632506722438,NA,NA,0.179265013444876,NA,NA,NA,NA,NA,NA,NA,NA,NA,NA,NA,2.270690170301763
32058,2024,32,Ourense,58,O Pereiro de Aguiar,5503,4034,1469,21,22,3991,4013,73.30546974377611,NA,NA,NA,NA,908,NA,NA,NA,NA,NA,5503,NA,NA,NA,NA,NA,453,NA,1,1,NA,NA,NA,NA,NA,NA,NA,NA,NA,NA,NA,NA,NA,NA,10,NA,NA,NA,NA,8,NA,2187,338,NA,4,NA,NA,NA,NA,NA,NA,24,NA,NA,NA,NA,NA,NA,NA,57,NA,NA,NA,NA,22.626463992025915,NA,NA,NA,NA,NA,137.1293296785447,NA,NA,NA,NA,NA,11.28831298280588,NA,0.024919013207077,0.024919013207077,NA,NA,NA,NA,NA,NA,NA,NA,NA,NA,NA,NA,NA,NA,0.24919013207076998,NA,NA,NA,NA,0.199352105656616,NA,54.4978818838774,8.422626463992026,NA,0.099676052828308,NA,NA,NA,NA,NA,NA,0.598056316969848,NA,NA,NA,NA,NA,NA,NA,1.420383752803389
32059,2001,32,Ourense,59,Peroxa (A),2452,1794,658,11,11,1772,1783,73.16476345840131,NA,NA,NA,1,227,NA,NA,NA,NA,NA,NA,NA,NA,NA,NA,NA,NA,0,NA,NA,1,NA,NA,8,NA,4,NA,NA,NA,NA,NA,NA,NA,NA,NA,NA,NA,4,NA,NA,NA,1236,291,NA,NA,NA,NA,NA,NA,NA,0,NA,NA,NA,NA,NA,NA,NA,NA,NA,NA,NA,NA,0.056085249579360626,12.731351654514864,NA,NA,NA,NA,NA,NA,NA,NA,NA,NA,NA,NA,0,NA,NA,0.056085249579360626,NA,NA,0.448681996634885,NA,0.2243409983174425,NA,NA,NA,NA,NA,NA,NA,NA,NA,NA,NA,0.2243409983174425,NA,NA,NA,69.32136848008975,16.320807627593943,NA,NA,NA,NA,NA,NA,NA,0,NA,NA,NA,NA,NA,NA,NA,NA,NA
32059,2005,32,Ourense,59,Peroxa (A),2243,1733,510,7,15,1711,1726,77.26259473918859,NA,NA,NA,1,164,NA,NA,NA,NA,2,NA,NA,NA,NA,NA,NA,2,NA,NA,NA,NA,NA,NA,4,0,0,NA,NA,NA,NA,NA,NA,2,NA,NA,NA,NA,3,NA,NA,NA,1084,449,NA,NA,NA,NA,NA,NA,NA,NA,NA,NA,NA,NA,NA,NA,NA,NA,NA,NA,NA,NA,0.057937427578215524,9.501738122827346,NA,NA,NA,NA,0.11587485515643105,NA,NA,NA,NA,NA,NA,0.11587485515643105,NA,NA,NA,NA,NA,NA,0.2317497103128621,0,0,NA,NA,NA,NA,NA,NA,0.11587485515643105,NA,NA,NA,NA,0.17381228273464658,NA,NA,NA,62.804171494785635,26.013904982618776,NA,NA,NA,NA,NA,NA,NA,NA,NA,NA,NA,NA,NA,NA,NA,NA,NA
32059,2009,32,Ourense,59,Peroxa (A),2110,1625,485,14,9,1602,1611,77.01421800947867,NA,NA,NA,NA,152,NA,NA,NA,NA,NA,NA,NA,NA,NA,NA,NA,4,NA,NA,NA,NA,NA,NA,1,0,2,NA,0,NA,NA,NA,NA,0,NA,NA,NA,NA,1,NA,NA,NA,989,445,NA,2,NA,NA,NA,NA,NA,NA,NA,2,NA,0,NA,NA,4,NA,NA,NA,NA,NA,NA,9.435133457479825,NA,NA,NA,NA,NA,NA,NA,NA,NA,NA,NA,0.2482929857231533,NA,NA,NA,NA,NA,NA,0.06207324643078833,0,0.12414649286157665,NA,0,NA,NA,NA,NA,0,NA,NA,NA,NA,0.06207324643078833,NA,NA,NA,61.390440720049654,27.622594661700806,NA,0.12414649286157665,NA,NA,NA,NA,NA,NA,NA,0.12414649286157665,NA,0,NA,NA,0.2482929857231533,NA,NA
32059,2012,32,Ourense,59,Peroxa (A),1905,1409,496,30,26,1353,1379,73.96325459317585,0,63,NA,NA,57,NA,0,NA,0,NA,NA,NA,NA,7,0,NA,24,NA,8,NA,NA,NA,NA,NA,0,NA,NA,NA,0,NA,NA,NA,NA,NA,2,NA,0,0,2,NA,NA,838,336,1,1,0,NA,NA,0,11,0,NA,NA,0,NA,NA,0,3,NA,NA,0,4.568527918781726,NA,NA,4.1334300217548945,NA,0,NA,0,NA,NA,NA,NA,0.5076142131979695,0,NA,1.7403915881073242,NA,0.580130529369108,NA,NA,NA,NA,NA,0,NA,NA,NA,0,NA,NA,NA,NA,NA,0.145032632342277,NA,0,0,0.145032632342277,NA,NA,60.76867295141407,24.36548223350254,0.0725163161711385,0.0725163161711385,0,NA,NA,0,0.7976794778825236,0,NA,NA,0,NA,NA,0,0.21754894851341552,NA,NA
32059,2016,32,Lugo,59,A Peroxa,1785,1270,516,6,11,1253,1264,71.1484593837535,0,NA,0,NA,NA,31,0,0,NA,NA,NA,NA,22,3,NA,NA,57,NA,0,NA,NA,107,NA,NA,NA,NA,2,NA,NA,NA,NA,NA,NA,0,5,3,0,NA,NA,NA,NA,819,204,NA,NA,NA,0,NA,NA,NA,NA,NA,NA,NA,NA,0,NA,NA,0,NA,0,NA,0,NA,NA,2.45253164556962,0,0,NA,NA,NA,NA,1.740506329113924,0.23734177215189875,NA,NA,4.5094936708860756,NA,0,NA,NA,8.4651898734177209,NA,NA,NA,NA,0.15822784810126583,NA,NA,NA,NA,NA,NA,0,0.39556962025316456,0.23734177215189875,0,NA,NA,NA,NA,64.79430379746836,16.139240506329113,NA,NA,NA,0,NA,NA,NA,NA,NA,NA,NA,NA,0,NA,NA,0,NA
32059,2020,32,Ourense,59,A Peroxa,1677,1109,568,8,9,1092,1101,66.12999403697079,NA,NA,NA,NA,119,NA,NA,NA,NA,NA,1677,0,3,NA,NA,NA,NA,NA,0,NA,NA,2,NA,NA,NA,NA,NA,NA,NA,NA,NA,NA,NA,NA,2,NA,1,NA,NA,NA,20,757,177,NA,0,NA,NA,0,NA,NA,NA,NA,NA,NA,NA,NA,NA,NA,NA,11,NA,NA,NA,NA,10.80835603996367,NA,NA,NA,NA,NA,152.31607629427793,0,0.2724795640326975,NA,NA,NA,NA,NA,0,NA,NA,0.18165304268846502,NA,NA,NA,NA,NA,NA,NA,NA,NA,NA,NA,NA,0.18165304268846502,NA,0.09082652134423251,NA,NA,NA,1.8165304268846505,68.75567665758402,16.076294277929154,NA,0,NA,NA,0,NA,NA,NA,NA,NA,NA,NA,NA,NA,NA,NA,0.9990917347865577
32059,2024,32,Ourense,59,A Peroxa,1593,1143,450,6,7,1130,1137,71.75141242937853,NA,NA,NA,NA,189,NA,NA,NA,NA,NA,1593,NA,NA,NA,NA,NA,94,NA,1,1,NA,NA,NA,NA,NA,NA,NA,NA,NA,NA,NA,NA,NA,NA,4,NA,NA,NA,NA,0,NA,672,150,NA,0,NA,NA,NA,NA,NA,NA,2,NA,NA,NA,NA,NA,NA,NA,17,NA,NA,NA,NA,16.62269129287599,NA,NA,NA,NA,NA,140.10554089709763,NA,NA,NA,NA,NA,8.267370272647318,NA,0.08795074758135445,0.08795074758135445,NA,NA,NA,NA,NA,NA,NA,NA,NA,NA,NA,NA,NA,NA,0.3518029903254178,NA,NA,NA,NA,0,NA,59.10290237467019,13.192612137203167,NA,0,NA,NA,NA,NA,NA,NA,0.1759014951627089,NA,NA,NA,NA,NA,NA,NA,1.4951627088830255
32060,2001,32,Ourense,60,Petín,976,680,296,3,4,673,677,69.67213114754098,NA,NA,NA,0,124,NA,NA,NA,NA,NA,NA,NA,NA,NA,NA,NA,NA,0,NA,NA,3,NA,NA,1,NA,0,NA,NA,NA,NA,NA,NA,NA,NA,NA,NA,NA,0,NA,NA,NA,352,193,NA,NA,NA,NA,NA,NA,NA,0,NA,NA,NA,NA,NA,NA,NA,NA,NA,NA,NA,NA,0,18.31610044313146,NA,NA,NA,NA,NA,NA,NA,NA,NA,NA,NA,NA,0,NA,NA,0.4431314623338257,NA,NA,0.14771048744460857,NA,0,NA,NA,NA,NA,NA,NA,NA,NA,NA,NA,NA,0,NA,NA,NA,51.994091580502214,28.508124076809455,NA,NA,NA,NA,NA,NA,NA,0,NA,NA,NA,NA,NA,NA,NA,NA,NA
32060,2005,32,Ourense,60,Petín,961,721,240,4,6,711,717,75.02601456815817,NA,NA,NA,0,59,NA,NA,NA,NA,1,NA,NA,NA,NA,NA,NA,0,NA,NA,NA,NA,NA,NA,4,1,3,NA,NA,NA,NA,NA,NA,2,NA,NA,NA,NA,1,NA,NA,NA,275,365,NA,NA,NA,NA,NA,NA,NA,NA,NA,NA,NA,NA,NA,NA,NA,NA,NA,NA,NA,NA,0,8.228730822873082,NA,NA,NA,NA,0.1394700139470014,NA,NA,NA,NA,NA,NA,0,NA,NA,NA,NA,NA,NA,0.5578800557880056,0.1394700139470014,0.41841004184100417,NA,NA,NA,NA,NA,NA,0.2789400278940028,NA,NA,NA,NA,0.1394700139470014,NA,NA,NA,38.35425383542538,50.906555090655516,NA,NA,NA,NA,NA,NA,NA,NA,NA,NA,NA,NA,NA,NA,NA,NA,NA
32060,2009,32,Ourense,60,Petín,913,683,230,4,6,673,679,74.80832420591457,NA,NA,NA,NA,51,NA,NA,NA,NA,NA,NA,NA,NA,NA,NA,NA,1,NA,NA,NA,NA,NA,NA,3,0,2,NA,0,NA,NA,NA,NA,1,NA,NA,NA,NA,0,NA,NA,NA,233,378,NA,1,NA,NA,NA,NA,NA,NA,NA,0,NA,0,NA,NA,3,NA,NA,NA,NA,NA,NA,7.511045655375552,NA,NA,NA,NA,NA,NA,NA,NA,NA,NA,NA,0.14727540500736377,NA,NA,NA,NA,NA,NA,0.4418262150220913,0,0.29455081001472755,NA,0,NA,NA,NA,NA,0.14727540500736377,NA,NA,NA,NA,0,NA,NA,NA,34.31516936671576,55.670103092783506,NA,0.14727540500736377,NA,NA,NA,NA,NA,NA,NA,0,NA,0,NA,NA,0.4418262150220913,NA,NA
32060,2012,32,Ourense,60,Petín,864,586,278,8,15,563,578,67.82407407407408,0,51,NA,NA,42,NA,0,NA,0,NA,NA,NA,NA,3,0,NA,1,NA,11,NA,NA,NA,NA,NA,0,NA,NA,NA,0,NA,NA,NA,NA,NA,0,NA,0,0,1,NA,NA,204,243,0,1,0,NA,NA,0,3,0,NA,NA,1,NA,NA,0,2,NA,NA,0,8.823529411764707,NA,NA,7.26643598615917,NA,0,NA,0,NA,NA,NA,NA,0.5190311418685121,0,NA,0.17301038062283738,NA,1.9031141868512111,NA,NA,NA,NA,NA,0,NA,NA,NA,0,NA,NA,NA,NA,NA,0,NA,0,0,0.17301038062283738,NA,NA,35.294117647058826,42.04152249134948,0,0.17301038062283738,0,NA,NA,0,0.5190311418685121,0,NA,NA,0.17301038062283738,NA,NA,0,0.34602076124567477,NA,NA
32060,2016,32,Ourense,60,Petín,830,519,311,4,3,512,515,62.53012048192771,0,NA,0,NA,NA,18,0,0,NA,NA,NA,NA,6,0,NA,NA,4,NA,0,NA,NA,104,NA,NA,NA,NA,0,NA,NA,NA,NA,NA,NA,0,1,0,1,NA,NA,NA,NA,205,172,NA,NA,NA,1,NA,NA,NA,NA,NA,NA,NA,NA,0,NA,NA,0,NA,0,NA,0,NA,NA,3.4951456310679614,0,0,NA,NA,NA,NA,1.1650485436893203,0,NA,NA,0.7766990291262136,NA,0,NA,NA,20.19417475728155,NA,NA,NA,NA,0,NA,NA,NA,NA,NA,NA,0,0.1941747572815534,0,0.1941747572815534,NA,NA,NA,NA,39.80582524271845,33.398058252427184,NA,NA,NA,0.1941747572815534,NA,NA,NA,NA,NA,NA,NA,NA,0,NA,NA,0,NA
32060,2020,32,Ourense,60,Petín,745,476,269,4,4,468,472,63.892617449664435,NA,NA,NA,NA,84,NA,NA,NA,NA,NA,745,0,3,NA,NA,NA,NA,NA,0,NA,NA,0,NA,NA,NA,NA,NA,NA,NA,NA,NA,NA,NA,NA,0,NA,1,NA,NA,NA,7,197,162,NA,0,NA,NA,0,NA,NA,NA,NA,NA,NA,NA,NA,NA,NA,NA,14,NA,NA,NA,NA,17.796610169491526,NA,NA,NA,NA,NA,157.83898305084745,0,0.6355932203389831,NA,NA,NA,NA,NA,0,NA,NA,0,NA,NA,NA,NA,NA,NA,NA,NA,NA,NA,NA,NA,0,NA,0.211864406779661,NA,NA,NA,1.4830508474576272,41.73728813559322,34.32203389830508,NA,0,NA,NA,0,NA,NA,NA,NA,NA,NA,NA,NA,NA,NA,NA,2.9661016949152543
32060,2024,32,Ourense,60,Petín,745,500,245,4,6,490,496,67.11409395973155,NA,NA,NA,NA,135,NA,NA,NA,NA,NA,745,NA,NA,NA,NA,NA,12,NA,0,1,NA,NA,NA,NA,NA,NA,NA,NA,NA,NA,NA,NA,NA,NA,0,NA,NA,NA,NA,2,NA,212,116,NA,0,NA,NA,NA,NA,NA,NA,3,NA,NA,NA,NA,NA,NA,NA,9,NA,NA,NA,NA,27.21774193548387,NA,NA,NA,NA,NA,150.2016129032258,NA,NA,NA,NA,NA,2.4193548387096775,NA,0,0.20161290322580644,NA,NA,NA,NA,NA,NA,NA,NA,NA,NA,NA,NA,NA,NA,0,NA,NA,NA,NA,0.4032258064516129,NA,42.74193548387097,23.387096774193548,NA,0,NA,NA,NA,NA,NA,NA,0.6048387096774194,NA,NA,NA,NA,NA,NA,NA,1.8145161290322582
32061,2001,32,Ourense,61,Piñor,1412,1079,333,10,2,1067,1069,76.41643059490086,NA,NA,NA,0,181,NA,NA,NA,NA,NA,NA,NA,NA,NA,NA,NA,NA,1,NA,NA,0,NA,NA,0,NA,4,NA,NA,NA,NA,NA,NA,NA,NA,NA,NA,NA,3,NA,NA,NA,711,167,NA,NA,NA,NA,NA,NA,NA,0,NA,NA,NA,NA,NA,NA,NA,NA,NA,NA,NA,NA,0,16.931711880261926,NA,NA,NA,NA,NA,NA,NA,NA,NA,NA,NA,NA,0.09354536950420954,NA,NA,0,NA,NA,0,NA,0.37418147801683815,NA,NA,NA,NA,NA,NA,NA,NA,NA,NA,NA,0.2806361085126286,NA,NA,NA,66.51075771749298,15.622076707202995,NA,NA,NA,NA,NA,NA,NA,0,NA,NA,NA,NA,NA,NA,NA,NA,NA
32061,2005,32,Ourense,61,Piñor,1317,1062,255,3,4,1055,1059,80.6378132118451,NA,NA,NA,0,89,NA,NA,NA,NA,0,NA,NA,NA,NA,NA,NA,0,NA,NA,NA,NA,NA,NA,1,0,2,NA,NA,NA,NA,NA,NA,2,NA,NA,NA,NA,1,NA,NA,NA,467,493,NA,NA,NA,NA,NA,NA,NA,NA,NA,NA,NA,NA,NA,NA,NA,NA,NA,NA,NA,NA,0,8.404154863078375,NA,NA,NA,NA,0,NA,NA,NA,NA,NA,NA,0,NA,NA,NA,NA,NA,NA,0.09442870632672333,0,0.18885741265344666,NA,NA,NA,NA,NA,NA,0.18885741265344666,NA,NA,NA,NA,0.09442870632672333,NA,NA,NA,44.09820585457979,46.553352219074604,NA,NA,NA,NA,NA,NA,NA,NA,NA,NA,NA,NA,NA,NA,NA,NA,NA
32061,2009,32,Ourense,61,Piñor,1254,1042,212,3,7,1032,1039,83.09409888357257,NA,NA,NA,NA,107,NA,NA,NA,NA,NA,NA,NA,NA,NA,NA,NA,1,NA,NA,NA,NA,NA,NA,0,0,2,NA,0,NA,NA,NA,NA,0,NA,NA,NA,NA,0,NA,NA,NA,447,470,NA,0,NA,NA,NA,NA,NA,NA,NA,0,NA,0,NA,NA,5,NA,NA,NA,NA,NA,NA,10.298363811357074,NA,NA,NA,NA,NA,NA,NA,NA,NA,NA,NA,0.0962463907603465,NA,NA,NA,NA,NA,NA,0,0,0.192492781520693,NA,0,NA,NA,NA,NA,0,NA,NA,NA,NA,0,NA,NA,NA,43.022136669874875,45.23580365736285,NA,0,NA,NA,NA,NA,NA,NA,NA,0,NA,0,NA,NA,0.4812319538017324,NA,NA
32061,2012,32,Ourense,61,Piñor,1158,956,202,8,7,941,948,82.55613126079447,0,23,NA,NA,41,NA,0,NA,0,NA,NA,NA,NA,4,0,NA,2,NA,6,NA,NA,NA,NA,NA,1,NA,NA,NA,0,NA,NA,NA,NA,NA,1,NA,0,0,0,NA,NA,474,378,0,2,0,NA,NA,0,6,0,NA,NA,0,NA,NA,0,3,NA,NA,0,2.4261603375527425,NA,NA,4.324894514767933,NA,0,NA,0,NA,NA,NA,NA,0.42194092827004215,0,NA,0.21097046413502107,NA,0.6329113924050633,NA,NA,NA,NA,NA,0.10548523206751054,NA,NA,NA,0,NA,NA,NA,NA,NA,0.10548523206751054,NA,0,0,0,NA,NA,50,39.87341772151899,0,0.21097046413502107,0,NA,NA,0,0.6329113924050633,0,NA,NA,0,NA,NA,0,0.31645569620253167,NA,NA
32061,2016,32,Ourense,61,Piñor,1072,824,248,3,2,819,821,76.86567164179104,0,NA,0,NA,NA,25,0,0,NA,NA,NA,NA,14,0,NA,NA,21,NA,0,NA,NA,73,NA,NA,NA,NA,1,NA,NA,NA,NA,NA,NA,0,4,3,0,NA,NA,NA,NA,498,180,NA,NA,NA,0,NA,NA,NA,NA,NA,NA,NA,NA,0,NA,NA,0,NA,0,NA,0,NA,NA,3.0450669914738127,0,0,NA,NA,NA,NA,1.705237515225335,0,NA,NA,2.5578562728380025,NA,0,NA,NA,8.891595615103533,NA,NA,NA,NA,0.12180267965895249,NA,NA,NA,NA,NA,NA,0,0.48721071863580995,0.3654080389768575,0,NA,NA,NA,NA,60.657734470158346,21.92448233861145,NA,NA,NA,0,NA,NA,NA,NA,NA,NA,NA,NA,0,NA,NA,0,NA
32061,2020,32,Ourense,61,Piñor,1056,816,240,1,4,811,815,77.27272727272727,NA,NA,NA,NA,78,NA,NA,NA,NA,NA,1056,0,0,NA,NA,NA,NA,NA,3,NA,NA,0,NA,NA,NA,NA,NA,NA,NA,NA,NA,NA,NA,NA,3,NA,2,NA,NA,NA,9,476,54,NA,0,NA,NA,173,NA,NA,NA,NA,NA,NA,NA,NA,NA,NA,NA,13,NA,NA,NA,NA,9.570552147239264,NA,NA,NA,NA,NA,129.57055214723928,0,0,NA,NA,NA,NA,NA,0.36809815950920244,NA,NA,0,NA,NA,NA,NA,NA,NA,NA,NA,NA,NA,NA,NA,0.36809815950920244,NA,0.245398773006135,NA,NA,NA,1.1042944785276074,58.40490797546012,6.625766871165645,NA,0,NA,NA,21.226993865030675,NA,NA,NA,NA,NA,NA,NA,NA,NA,NA,NA,1.5950920245398774
32061,2024,32,Ourense,61,Piñor,991,783,208,2,4,777,781,79.01109989909183,NA,NA,NA,NA,125,NA,NA,NA,NA,NA,991,NA,NA,NA,NA,NA,14,NA,1,37,NA,NA,NA,NA,NA,NA,NA,NA,NA,NA,NA,NA,NA,NA,1,NA,NA,NA,NA,0,NA,525,61,NA,0,NA,NA,NA,NA,NA,NA,4,NA,NA,NA,NA,NA,NA,NA,9,NA,NA,NA,NA,16.005121638924454,NA,NA,NA,NA,NA,126.88860435339309,NA,NA,NA,NA,NA,1.792573623559539,NA,0.12804097311139565,4.737516005121639,NA,NA,NA,NA,NA,NA,NA,NA,NA,NA,NA,NA,NA,NA,0.12804097311139565,NA,NA,NA,NA,0,NA,67.22151088348272,7.810499359795134,NA,0,NA,NA,NA,NA,NA,NA,0.5121638924455826,NA,NA,NA,NA,NA,NA,NA,1.1523687580025608
32062,2001,32,Ourense,62,Porqueira,1050,723,327,0,6,717,723,68.85714285714286,NA,NA,NA,1,227,NA,NA,NA,NA,NA,NA,NA,NA,NA,NA,NA,NA,3,NA,NA,1,NA,NA,2,NA,0,NA,NA,NA,NA,NA,NA,NA,NA,NA,NA,NA,0,NA,NA,NA,398,85,NA,NA,NA,NA,NA,NA,NA,0,NA,NA,NA,NA,NA,NA,NA,NA,NA,NA,NA,NA,0.13831258644536654,31.3969571230982,NA,NA,NA,NA,NA,NA,NA,NA,NA,NA,NA,NA,0.4149377593360996,NA,NA,0.13831258644536654,NA,NA,0.2766251728907331,NA,0,NA,NA,NA,NA,NA,NA,NA,NA,NA,NA,NA,0,NA,NA,NA,55.04840940525588,11.756569847856154,NA,NA,NA,NA,NA,NA,NA,0,NA,NA,NA,NA,NA,NA,NA,NA,NA
32062,2005,32,Ourense,62,Porqueira,1005,807,198,3,8,796,804,80.29850746268656,NA,NA,NA,1,233,NA,NA,NA,NA,0,NA,NA,NA,NA,NA,NA,0,NA,NA,NA,NA,NA,NA,2,0,1,NA,NA,NA,NA,NA,NA,0,NA,NA,NA,NA,0,NA,NA,NA,481,78,NA,NA,NA,NA,NA,NA,NA,NA,NA,NA,NA,NA,NA,NA,NA,NA,NA,NA,NA,NA,0.12437810945273632,28.980099502487562,NA,NA,NA,NA,0,NA,NA,NA,NA,NA,NA,0,NA,NA,NA,NA,NA,NA,0.24875621890547264,0,0.12437810945273632,NA,NA,NA,NA,NA,NA,0,NA,NA,NA,NA,0,NA,NA,NA,59.82587064676616,9.701492537313433,NA,NA,NA,NA,NA,NA,NA,NA,NA,NA,NA,NA,NA,NA,NA,NA,NA
32062,2009,32,Ourense,62,Porqueira,1024,816,208,4,2,810,812,79.6875,NA,NA,NA,NA,263,NA,NA,NA,NA,NA,NA,NA,NA,NA,NA,NA,0,NA,NA,NA,NA,NA,NA,6,0,0,NA,0,NA,NA,NA,NA,0,NA,NA,NA,NA,0,NA,NA,NA,441,95,NA,1,NA,NA,NA,NA,NA,NA,NA,0,NA,0,NA,NA,4,NA,NA,NA,NA,NA,NA,32.389162561576356,NA,NA,NA,NA,NA,NA,NA,NA,NA,NA,NA,0,NA,NA,NA,NA,NA,NA,0.7389162561576355,0,0,NA,0,NA,NA,NA,NA,0,NA,NA,NA,NA,0,NA,NA,NA,54.310344827586206,11.69950738916256,NA,0.12315270935960591,NA,NA,NA,NA,NA,NA,NA,0,NA,0,NA,NA,0.49261083743842365,NA,NA
32062,2012,32,Ourense,62,Porqueira,930,718,212,3,5,710,715,77.20430107526882,0,34,NA,NA,36,NA,0,NA,0,NA,NA,NA,NA,81,0,NA,3,NA,0,NA,NA,NA,NA,NA,1,NA,NA,NA,0,NA,NA,NA,NA,NA,0,NA,0,0,0,NA,NA,452,96,0,1,0,NA,NA,0,5,0,NA,NA,0,NA,NA,0,1,NA,NA,0,4.755244755244755,NA,NA,5.034965034965035,NA,0,NA,0,NA,NA,NA,NA,11.328671328671328,0,NA,0.4195804195804196,NA,0,NA,NA,NA,NA,NA,0.13986013986013987,NA,NA,NA,0,NA,NA,NA,NA,NA,0,NA,0,0,0,NA,NA,63.21678321678321,13.426573426573427,0,0.13986013986013987,0,NA,NA,0,0.6993006993006993,0,NA,NA,0,NA,NA,0,0.13986013986013987,NA,NA
32062,2016,32,Ourense,62,Porqueira,812,624,188,2,3,619,622,76.84729064039408,0,NA,0,NA,NA,25,0,0,NA,NA,NA,NA,3,0,NA,NA,2,NA,0,NA,NA,49,NA,NA,NA,NA,1,NA,NA,NA,NA,NA,NA,0,1,0,0,NA,NA,NA,NA,453,83,NA,NA,NA,0,NA,NA,NA,NA,NA,NA,NA,NA,0,NA,NA,2,NA,0,NA,0,NA,NA,4.019292604501608,0,0,NA,NA,NA,NA,0.482315112540193,0,NA,NA,0.3215434083601286,NA,0,NA,NA,7.877813504823152,NA,NA,NA,NA,0.1607717041800643,NA,NA,NA,NA,NA,NA,0,0.1607717041800643,0,0,NA,NA,NA,NA,72.82958199356914,13.344051446945338,NA,NA,NA,0,NA,NA,NA,NA,NA,NA,NA,NA,0,NA,NA,0.3215434083601286,NA
32062,2020,32,Ourense,62,Porqueira,773,547,226,0,3,544,547,70.76326002587322,NA,NA,NA,NA,66,NA,NA,NA,NA,NA,773,0,0,NA,NA,NA,NA,NA,1,NA,NA,0,NA,NA,NA,NA,NA,NA,NA,NA,NA,NA,NA,NA,0,NA,0,NA,NA,NA,2,408,58,NA,1,NA,NA,0,NA,NA,NA,NA,NA,NA,NA,NA,NA,NA,NA,8,NA,NA,NA,NA,12.065813528336381,NA,NA,NA,NA,NA,141.3162705667276,0,0,NA,NA,NA,NA,NA,0.18281535648994515,NA,NA,0,NA,NA,NA,NA,NA,NA,NA,NA,NA,NA,NA,NA,0,NA,0,NA,NA,NA,0.3656307129798903,74.58866544789763,10.603290676416819,NA,0.18281535648994515,NA,NA,0,NA,NA,NA,NA,NA,NA,NA,NA,NA,NA,NA,1.4625228519195612
32062,2024,32,Ourense,62,Porqueira,780,588,192,3,2,583,585,75.38461538461539,NA,NA,NA,NA,100,NA,NA,NA,NA,NA,780,NA,NA,NA,NA,NA,5,NA,2,0,NA,NA,NA,NA,NA,NA,NA,NA,NA,NA,NA,NA,NA,NA,1,NA,NA,NA,NA,0,NA,434,39,NA,0,NA,NA,NA,NA,NA,NA,0,NA,NA,NA,NA,NA,NA,NA,2,NA,NA,NA,NA,17.094017094017094,NA,NA,NA,NA,NA,133.33333333333331,NA,NA,NA,NA,NA,0.8547008547008548,NA,0.3418803418803419,0,NA,NA,NA,NA,NA,NA,NA,NA,NA,NA,NA,NA,NA,NA,0.17094017094017094,NA,NA,NA,NA,0,NA,74.1880341880342,6.666666666666667,NA,0,NA,NA,NA,NA,NA,NA,0,NA,NA,NA,NA,NA,NA,NA,0.3418803418803419
32063,2001,32,Ourense,63,Pobra deTrives (A),2460,1707,753,9,21,1677,1698,69.39024390243902,NA,NA,NA,2,248,NA,NA,NA,NA,NA,NA,NA,NA,NA,NA,NA,NA,0,NA,NA,2,NA,NA,6,NA,1,NA,NA,NA,NA,NA,NA,NA,NA,NA,NA,NA,1,NA,NA,NA,991,426,NA,NA,NA,NA,NA,NA,NA,0,NA,NA,NA,NA,NA,NA,NA,NA,NA,NA,NA,NA,0.11778563015312131,14.605418138987044,NA,NA,NA,NA,NA,NA,NA,NA,NA,NA,NA,NA,0,NA,NA,0.11778563015312131,NA,NA,0.35335689045936397,NA,0.058892815076560655,NA,NA,NA,NA,NA,NA,NA,NA,NA,NA,NA,0.058892815076560655,NA,NA,NA,58.362779740871616,25.08833922261484,NA,NA,NA,NA,NA,NA,NA,0,NA,NA,NA,NA,NA,NA,NA,NA,NA
32063,2005,32,Ourense,63,Pobra deTrives (A),2344,1754,590,8,12,1734,1746,74.82935153583618,NA,NA,NA,2,240,NA,NA,NA,NA,2,NA,NA,NA,NA,NA,NA,2,NA,NA,NA,NA,NA,NA,5,1,0,NA,NA,NA,NA,NA,NA,0,NA,NA,NA,NA,0,NA,NA,NA,840,642,NA,NA,NA,NA,NA,NA,NA,NA,NA,NA,NA,NA,NA,NA,NA,NA,NA,NA,NA,NA,0.11454753722794961,13.745704467353953,NA,NA,NA,NA,0.11454753722794961,NA,NA,NA,NA,NA,NA,0.11454753722794961,NA,NA,NA,NA,NA,NA,0.286368843069874,0.057273768613974804,0,NA,NA,NA,NA,NA,NA,0,NA,NA,NA,NA,0,NA,NA,NA,48.10996563573883,36.769759450171826,NA,NA,NA,NA,NA,NA,NA,NA,NA,NA,NA,NA,NA,NA,NA,NA,NA
32063,2009,32,Ourense,63,Pobra deTrives (A),2236,1563,673,19,21,1523,1544,69.9016100178891,NA,NA,NA,NA,319,NA,NA,NA,NA,NA,NA,NA,NA,NA,NA,NA,0,NA,NA,NA,NA,NA,NA,11,0,0,NA,1,NA,NA,NA,NA,1,NA,NA,NA,NA,1,NA,NA,NA,665,505,NA,3,NA,NA,NA,NA,NA,NA,NA,2,NA,1,NA,NA,14,NA,NA,NA,NA,NA,NA,20.66062176165803,NA,NA,NA,NA,NA,NA,NA,NA,NA,NA,NA,0,NA,NA,NA,NA,NA,NA,0.7124352331606217,0,0,NA,0.06476683937823835,NA,NA,NA,NA,0.06476683937823835,NA,NA,NA,NA,0.06476683937823835,NA,NA,NA,43.06994818652849,32.70725388601036,NA,0.19430051813471502,NA,NA,NA,NA,NA,NA,NA,0.1295336787564767,NA,0.06476683937823835,NA,NA,0.9067357512953367,NA,NA
32063,2012,32,Ourense,63,Pobra de Trives (A),2068,1271,797,26,26,1219,1245,61.46034816247582,0,126,NA,NA,94,NA,1,NA,22,NA,NA,NA,NA,9,0,NA,4,NA,20,NA,NA,NA,NA,NA,1,NA,NA,NA,0,NA,NA,NA,NA,NA,2,NA,0,0,0,NA,NA,616,288,4,2,0,NA,NA,0,23,0,NA,NA,0,NA,NA,0,7,NA,NA,0,10.120481927710843,NA,NA,7.550200803212852,NA,0.08032128514056225,NA,1.7670682730923692,NA,NA,NA,NA,0.7228915662650602,0,NA,0.321285140562249,NA,1.6064257028112447,NA,NA,NA,NA,NA,0.08032128514056225,NA,NA,NA,0,NA,NA,NA,NA,NA,0.1606425702811245,NA,0,0,0,NA,NA,49.47791164658635,23.132530120481928,0.321285140562249,0.1606425702811245,0,NA,NA,0,1.8473895582329318,0,NA,NA,0,NA,NA,0,0.5622489959839357,NA,NA
32063,2016,32,Lugo,63,A Pobra de Trives,1900,1261,639,12,11,1238,1249,66.36842105263158,0,NA,0,NA,NA,31,0,0,NA,NA,NA,NA,26,1,NA,NA,15,NA,0,NA,NA,338,NA,NA,NA,NA,2,NA,NA,NA,NA,NA,NA,0,6,1,1,NA,NA,NA,NA,616,201,NA,NA,NA,0,NA,NA,NA,NA,NA,NA,NA,NA,0,NA,NA,0,NA,0,NA,0,NA,NA,2.481985588470777,0,0,NA,NA,NA,NA,2.0816653322658127,0.08006405124099279,NA,NA,1.200960768614892,NA,0,NA,NA,27.061649319455565,NA,NA,NA,NA,0.16012810248198558,NA,NA,NA,NA,NA,NA,0,0.4803843074459567,0.08006405124099279,0.08006405124099279,NA,NA,NA,NA,49.31945556445156,16.09287429943955,NA,NA,NA,0,NA,NA,NA,NA,NA,NA,NA,NA,0,NA,NA,0,NA
32063,2020,32,Ourense,63,A Pobra de Trives,1768,1087,681,11,9,1067,1076,61.48190045248869,NA,NA,NA,NA,166,NA,NA,NA,NA,NA,1768,0,7,NA,NA,NA,NA,NA,0,NA,NA,5,NA,NA,NA,NA,NA,NA,NA,NA,NA,NA,NA,NA,1,NA,0,NA,NA,NA,28,557,289,NA,1,NA,NA,0,NA,NA,NA,NA,NA,NA,NA,NA,NA,NA,NA,13,NA,NA,NA,NA,15.427509293680297,NA,NA,NA,NA,NA,164.31226765799255,0,0.6505576208178439,NA,NA,NA,NA,NA,0,NA,NA,0.4646840148698885,NA,NA,NA,NA,NA,NA,NA,NA,NA,NA,NA,NA,0.09293680297397769,NA,0,NA,NA,NA,2.6022304832713754,51.765799256505574,26.858736059479554,NA,0.09293680297397769,NA,NA,0,NA,NA,NA,NA,NA,NA,NA,NA,NA,NA,NA,1.20817843866171
32063,2024,32,Ourense,63,A Pobra de Trives,1713,1163,550,7,13,1143,1156,67.89258610624636,NA,NA,NA,NA,241,NA,NA,NA,NA,NA,1713,NA,NA,NA,NA,NA,24,NA,4,1,NA,NA,NA,NA,NA,NA,NA,NA,NA,NA,NA,NA,NA,NA,3,NA,NA,NA,NA,0,NA,576,270,NA,0,NA,NA,NA,NA,NA,NA,6,NA,NA,NA,NA,NA,NA,NA,18,NA,NA,NA,NA,20.847750865051903,NA,NA,NA,NA,NA,148.1833910034602,NA,NA,NA,NA,NA,2.0761245674740483,NA,0.34602076124567477,0.08650519031141869,NA,NA,NA,NA,NA,NA,NA,NA,NA,NA,NA,NA,NA,NA,0.25951557093425603,NA,NA,NA,NA,0,NA,49.82698961937716,23.356401384083046,NA,0,NA,NA,NA,NA,NA,NA,0.5190311418685121,NA,NA,NA,NA,NA,NA,NA,1.5570934256055362
32064,2001,32,Ourense,64,Pontedeva,586,382,204,2,2,378,380,65.18771331058021,NA,NA,NA,1,45,NA,NA,NA,NA,NA,NA,NA,NA,NA,NA,NA,NA,2,NA,NA,1,NA,NA,0,NA,2,NA,NA,NA,NA,NA,NA,NA,NA,NA,NA,NA,0,NA,NA,NA,266,61,NA,NA,NA,NA,NA,NA,NA,0,NA,NA,NA,NA,NA,NA,NA,NA,NA,NA,NA,NA,0.2631578947368421,11.842105263157894,NA,NA,NA,NA,NA,NA,NA,NA,NA,NA,NA,NA,0.5263157894736842,NA,NA,0.2631578947368421,NA,NA,0,NA,0.5263157894736842,NA,NA,NA,NA,NA,NA,NA,NA,NA,NA,NA,0,NA,NA,NA,70,16.05263157894737,NA,NA,NA,NA,NA,NA,NA,0,NA,NA,NA,NA,NA,NA,NA,NA,NA
32064,2005,32,Ourense,64,Pontedeva,541,400,141,3,3,394,397,73.93715341959334,NA,NA,NA,0,31,NA,NA,NA,NA,0,NA,NA,NA,NA,NA,NA,0,NA,NA,NA,NA,NA,NA,0,0,0,NA,NA,NA,NA,NA,NA,2,NA,NA,NA,NA,0,NA,NA,NA,265,96,NA,NA,NA,NA,NA,NA,NA,NA,NA,NA,NA,NA,NA,NA,NA,NA,NA,NA,NA,NA,0,7.8085642317380355,NA,NA,NA,NA,0,NA,NA,NA,NA,NA,NA,0,NA,NA,NA,NA,NA,NA,0,0,0,NA,NA,NA,NA,NA,NA,0.5037783375314862,NA,NA,NA,NA,0,NA,NA,NA,66.75062972292191,24.181360201511335,NA,NA,NA,NA,NA,NA,NA,NA,NA,NA,NA,NA,NA,NA,NA,NA,NA
32064,2009,32,Ourense,64,Pontedeva,571,453,118,1,2,450,452,79.33450087565674,NA,NA,NA,NA,33,NA,NA,NA,NA,NA,NA,NA,NA,NA,NA,NA,0,NA,NA,NA,NA,NA,NA,0,0,0,NA,0,NA,NA,NA,NA,0,NA,NA,NA,NA,0,NA,NA,NA,317,100,NA,0,NA,NA,NA,NA,NA,NA,NA,0,NA,0,NA,NA,0,NA,NA,NA,NA,NA,NA,7.300884955752212,NA,NA,NA,NA,NA,NA,NA,NA,NA,NA,NA,0,NA,NA,NA,NA,NA,NA,0,0,0,NA,0,NA,NA,NA,NA,0,NA,NA,NA,NA,0,NA,NA,NA,70.13274336283186,22.123893805309734,NA,0,NA,NA,NA,NA,NA,NA,NA,0,NA,0,NA,NA,0,NA,NA
32064,2012,32,Ourense,64,Pontedeva,562,427,135,1,6,420,426,75.97864768683274,0,17,NA,NA,16,NA,0,NA,1,NA,NA,NA,NA,1,0,NA,0,NA,4,NA,NA,NA,NA,NA,1,NA,NA,NA,0,NA,NA,NA,NA,NA,1,NA,0,0,1,NA,NA,327,46,0,0,0,NA,NA,0,3,0,NA,NA,0,NA,NA,0,2,NA,NA,0,3.9906103286384975,NA,NA,3.755868544600939,NA,0,NA,0.2347417840375587,NA,NA,NA,NA,0.2347417840375587,0,NA,0,NA,0.9389671361502347,NA,NA,NA,NA,NA,0.2347417840375587,NA,NA,NA,0,NA,NA,NA,NA,NA,0.2347417840375587,NA,0,0,0.2347417840375587,NA,NA,76.76056338028168,10.7981220657277,0,0,0,NA,NA,0,0.7042253521126761,0,NA,NA,0,NA,NA,0,0.4694835680751174,NA,NA
32064,2016,32,Ourense,64,Pontedeva,529,375,154,4,6,365,371,70.88846880907373,0,NA,0,NA,NA,7,0,0,NA,NA,NA,NA,11,0,NA,NA,3,NA,0,NA,NA,20,NA,NA,NA,NA,0,NA,NA,NA,NA,NA,NA,0,1,0,0,NA,NA,NA,NA,289,34,NA,NA,NA,0,NA,NA,NA,NA,NA,NA,NA,NA,0,NA,NA,0,NA,0,NA,0,NA,NA,1.8867924528301887,0,0,NA,NA,NA,NA,2.964959568733154,0,NA,NA,0.8086253369272237,NA,0,NA,NA,5.3908355795148255,NA,NA,NA,NA,0,NA,NA,NA,NA,NA,NA,0,0.2695417789757413,0,0,NA,NA,NA,NA,77.89757412398922,9.164420485175203,NA,NA,NA,0,NA,NA,NA,NA,NA,NA,NA,NA,0,NA,NA,0,NA
32064,2020,32,Ourense,64,Pontedeva,450,304,146,3,4,297,301,67.55555555555556,NA,NA,NA,NA,32,NA,NA,NA,NA,NA,450,0,0,NA,NA,NA,NA,NA,0,NA,NA,0,NA,NA,NA,NA,NA,NA,NA,NA,NA,NA,NA,NA,1,NA,0,NA,NA,NA,3,220,35,NA,0,NA,NA,0,NA,NA,NA,NA,NA,NA,NA,NA,NA,NA,NA,6,NA,NA,NA,NA,10.631229235880399,NA,NA,NA,NA,NA,149.5016611295681,0,0,NA,NA,NA,NA,NA,0,NA,NA,0,NA,NA,NA,NA,NA,NA,NA,NA,NA,NA,NA,NA,0.33222591362126247,NA,0,NA,NA,NA,0.9966777408637874,73.08970099667775,11.627906976744185,NA,0,NA,NA,0,NA,NA,NA,NA,NA,NA,NA,NA,NA,NA,NA,1.9933554817275747
32064,2024,32,Ourense,64,Pontedeva,419,308,111,0,1,307,308,73.50835322195705,NA,NA,NA,NA,43,NA,NA,NA,NA,NA,419,NA,NA,NA,NA,NA,4,NA,0,0,NA,NA,NA,NA,NA,NA,NA,NA,NA,NA,NA,NA,NA,NA,0,NA,NA,NA,NA,0,NA,227,29,NA,0,NA,NA,NA,NA,NA,NA,1,NA,NA,NA,NA,NA,NA,NA,3,NA,NA,NA,NA,13.96103896103896,NA,NA,NA,NA,NA,136.03896103896105,NA,NA,NA,NA,NA,1.2987012987012987,NA,0,0,NA,NA,NA,NA,NA,NA,NA,NA,NA,NA,NA,NA,NA,NA,0,NA,NA,NA,NA,0,NA,73.7012987012987,9.415584415584416,NA,0,NA,NA,NA,NA,NA,NA,0.3246753246753247,NA,NA,NA,NA,NA,NA,NA,0.974025974025974
32065,2001,32,Ourense,65,Punxín,884,686,198,2,8,676,684,77.60180995475113,NA,NA,NA,0,107,NA,NA,NA,NA,NA,NA,NA,NA,NA,NA,NA,NA,1,NA,NA,1,NA,NA,5,NA,0,NA,NA,NA,NA,NA,NA,NA,NA,NA,NA,NA,0,NA,NA,NA,435,127,NA,NA,NA,NA,NA,NA,NA,0,NA,NA,NA,NA,NA,NA,NA,NA,NA,NA,NA,NA,0,15.64327485380117,NA,NA,NA,NA,NA,NA,NA,NA,NA,NA,NA,NA,0.14619883040935672,NA,NA,0.14619883040935672,NA,NA,0.7309941520467835,NA,0,NA,NA,NA,NA,NA,NA,NA,NA,NA,NA,NA,0,NA,NA,NA,63.59649122807017,18.567251461988306,NA,NA,NA,NA,NA,NA,NA,0,NA,NA,NA,NA,NA,NA,NA,NA,NA
32065,2005,32,Ourense,65,Punxín,844,682,162,6,3,673,676,80.80568720379146,NA,NA,NA,1,81,NA,NA,NA,NA,0,NA,NA,NA,NA,NA,NA,0,NA,NA,NA,NA,NA,NA,2,0,4,NA,NA,NA,NA,NA,NA,2,NA,NA,NA,NA,0,NA,NA,NA,377,206,NA,NA,NA,NA,NA,NA,NA,NA,NA,NA,NA,NA,NA,NA,NA,NA,NA,NA,NA,NA,0.14792899408284024,11.982248520710058,NA,NA,NA,NA,0,NA,NA,NA,NA,NA,NA,0,NA,NA,NA,NA,NA,NA,0.2958579881656805,0,0.591715976331361,NA,NA,NA,NA,NA,NA,0.2958579881656805,NA,NA,NA,NA,0,NA,NA,NA,55.769230769230774,30.473372781065088,NA,NA,NA,NA,NA,NA,NA,NA,NA,NA,NA,NA,NA,NA,NA,NA,NA
32065,2009,32,Ourense,65,Punxín,778,638,140,7,8,623,631,82.0051413881748,NA,NA,NA,NA,53,NA,NA,NA,NA,NA,NA,NA,NA,NA,NA,NA,0,NA,NA,NA,NA,NA,NA,2,0,1,NA,0,NA,NA,NA,NA,1,NA,NA,NA,NA,2,NA,NA,NA,235,329,NA,0,NA,NA,NA,NA,NA,NA,NA,0,NA,0,NA,NA,0,NA,NA,NA,NA,NA,NA,8.399366085578446,NA,NA,NA,NA,NA,NA,NA,NA,NA,NA,NA,0,NA,NA,NA,NA,NA,NA,0.31695721077654515,0,0.15847860538827258,NA,0,NA,NA,NA,NA,0.15847860538827258,NA,NA,NA,NA,0.31695721077654515,NA,NA,NA,37.24247226624406,52.139461172741676,NA,0,NA,NA,NA,NA,NA,NA,NA,0,NA,0,NA,NA,0,NA,NA
32065,2012,32,Ourense,65,Punxín,716,516,200,13,16,487,503,72.06703910614524,0,36,NA,NA,17,NA,0,NA,1,NA,NA,NA,NA,5,0,NA,1,NA,6,NA,NA,NA,NA,NA,0,NA,NA,NA,0,NA,NA,NA,NA,NA,0,NA,0,0,2,NA,NA,221,189,0,0,0,NA,NA,0,9,0,NA,NA,0,NA,NA,0,0,NA,NA,0,7.157057654075547,NA,NA,3.3797216699801194,NA,0,NA,0.19880715705765406,NA,NA,NA,NA,0.9940357852882704,0,NA,0.19880715705765406,NA,1.1928429423459244,NA,NA,NA,NA,NA,0,NA,NA,NA,0,NA,NA,NA,NA,NA,0,NA,0,0,0.3976143141153081,NA,NA,43.93638170974155,37.57455268389662,0,0,0,NA,NA,0,1.7892644135188867,0,NA,NA,0,NA,NA,0,0,NA,NA
32065,2016,32,Ourense,65,Punxín,656,455,201,5,3,447,450,69.35975609756098,0,NA,0,NA,NA,10,0,0,NA,NA,NA,NA,9,1,NA,NA,10,NA,0,NA,NA,43,NA,NA,NA,NA,2,NA,NA,NA,NA,NA,NA,0,5,0,2,NA,NA,NA,NA,248,115,NA,NA,NA,1,NA,NA,NA,NA,NA,NA,NA,NA,0,NA,NA,1,NA,0,NA,0,NA,NA,2.2222222222222223,0,0,NA,NA,NA,NA,2,0.2222222222222222,NA,NA,2.2222222222222223,NA,0,NA,NA,9.555555555555555,NA,NA,NA,NA,0.4444444444444444,NA,NA,NA,NA,NA,NA,0,1.1111111111111112,0,0.4444444444444444,NA,NA,NA,NA,55.111111111111114,25.555555555555554,NA,NA,NA,0.2222222222222222,NA,NA,NA,NA,NA,NA,NA,NA,0,NA,NA,0.2222222222222222,NA
32065,2020,32,Ourense,65,Punxín,635,399,236,2,7,390,397,62.834645669291334,NA,NA,NA,NA,55,NA,NA,NA,NA,NA,635,0,3,NA,NA,NA,NA,NA,0,NA,NA,5,NA,NA,NA,NA,NA,NA,NA,NA,NA,NA,NA,NA,3,NA,1,NA,NA,NA,13,209,95,NA,1,NA,NA,0,NA,NA,NA,NA,NA,NA,NA,NA,NA,NA,NA,5,NA,NA,NA,NA,13.85390428211587,NA,NA,NA,NA,NA,159.94962216624685,0,0.7556675062972292,NA,NA,NA,NA,NA,0,NA,NA,1.2594458438287155,NA,NA,NA,NA,NA,NA,NA,NA,NA,NA,NA,NA,0.7556675062972292,NA,0.2518891687657431,NA,NA,NA,3.27455919395466,52.64483627204031,23.929471032745592,NA,0.2518891687657431,NA,NA,0,NA,NA,NA,NA,NA,NA,NA,NA,NA,NA,NA,1.2594458438287155
32065,2024,32,Ourense,65,Punxín,660,409,251,1,1,407,408,61.969696969696976,NA,NA,NA,NA,104,NA,NA,NA,NA,NA,660,NA,NA,NA,NA,NA,21,NA,0,1,NA,NA,NA,NA,NA,NA,NA,NA,NA,NA,NA,NA,NA,NA,0,NA,NA,NA,NA,0,NA,218,57,NA,0,NA,NA,NA,NA,NA,NA,0,NA,NA,NA,NA,NA,NA,NA,6,NA,NA,NA,NA,25.49019607843137,NA,NA,NA,NA,NA,161.76470588235296,NA,NA,NA,NA,NA,5.147058823529411,NA,0,0.24509803921568626,NA,NA,NA,NA,NA,NA,NA,NA,NA,NA,NA,NA,NA,NA,0,NA,NA,NA,NA,0,NA,53.431372549019606,13.970588235294118,NA,0,NA,NA,NA,NA,NA,NA,0,NA,NA,NA,NA,NA,NA,NA,1.4705882352941175
32066,2001,32,Ourense,66,Quintela de Leirado,799,572,227,3,2,567,569,71.58948685857321,NA,NA,NA,0,59,NA,NA,NA,NA,NA,NA,NA,NA,NA,NA,NA,NA,0,NA,NA,0,NA,NA,0,NA,0,NA,NA,NA,NA,NA,NA,NA,NA,NA,NA,NA,0,NA,NA,NA,431,77,NA,NA,NA,NA,NA,NA,NA,0,NA,NA,NA,NA,NA,NA,NA,NA,NA,NA,NA,NA,0,10.369068541300527,NA,NA,NA,NA,NA,NA,NA,NA,NA,NA,NA,NA,0,NA,NA,0,NA,NA,0,NA,0,NA,NA,NA,NA,NA,NA,NA,NA,NA,NA,NA,0,NA,NA,NA,75.7469244288225,13.53251318101933,NA,NA,NA,NA,NA,NA,NA,0,NA,NA,NA,NA,NA,NA,NA,NA,NA
32066,2005,32,Ourense,66,Quintela de Leirado,728,557,171,1,4,552,556,76.51098901098901,NA,NA,NA,0,34,NA,NA,NA,NA,1,NA,NA,NA,NA,NA,NA,0,NA,NA,NA,NA,NA,NA,0,0,0,NA,NA,NA,NA,NA,NA,0,NA,NA,NA,NA,0,NA,NA,NA,392,125,NA,NA,NA,NA,NA,NA,NA,NA,NA,NA,NA,NA,NA,NA,NA,NA,NA,NA,NA,NA,0,6.115107913669065,NA,NA,NA,NA,0.1798561151079137,NA,NA,NA,NA,NA,NA,0,NA,NA,NA,NA,NA,NA,0,0,0,NA,NA,NA,NA,NA,NA,0,NA,NA,NA,NA,0,NA,NA,NA,70.50359712230215,22.48201438848921,NA,NA,NA,NA,NA,NA,NA,NA,NA,NA,NA,NA,NA,NA,NA,NA,NA
32066,2009,32,Ourense,66,Quintela de Leirado,665,515,150,1,5,509,514,77.44360902255639,NA,NA,NA,NA,40,NA,NA,NA,NA,NA,NA,NA,NA,NA,NA,NA,0,NA,NA,NA,NA,NA,NA,0,1,0,NA,0,NA,NA,NA,NA,0,NA,NA,NA,NA,0,NA,NA,NA,372,96,NA,0,NA,NA,NA,NA,NA,NA,NA,0,NA,0,NA,NA,0,NA,NA,NA,NA,NA,NA,7.782101167315175,NA,NA,NA,NA,NA,NA,NA,NA,NA,NA,NA,0,NA,NA,NA,NA,NA,NA,0,0.19455252918287938,0,NA,0,NA,NA,NA,NA,0,NA,NA,NA,NA,0,NA,NA,NA,72.37354085603113,18.67704280155642,NA,0,NA,NA,NA,NA,NA,NA,NA,0,NA,0,NA,NA,0,NA,NA
32066,2012,32,Ourense,66,Quintela de Leirado,626,449,177,2,1,446,447,71.72523961661342,0,9,NA,NA,12,NA,0,NA,0,NA,NA,NA,NA,2,0,NA,1,NA,0,NA,NA,NA,NA,NA,1,NA,NA,NA,0,NA,NA,NA,NA,NA,0,NA,0,0,0,NA,NA,358,61,0,0,0,NA,NA,0,1,0,NA,NA,0,NA,NA,0,1,NA,NA,0,2.013422818791946,NA,NA,2.684563758389262,NA,0,NA,0,NA,NA,NA,NA,0.44742729306487694,0,NA,0.22371364653243847,NA,0,NA,NA,NA,NA,NA,0.22371364653243847,NA,NA,NA,0,NA,NA,NA,NA,NA,0,NA,0,0,0,NA,NA,80.08948545861297,13.646532438478747,0,0,0,NA,NA,0,0.22371364653243847,0,NA,NA,0,NA,NA,0,0.22371364653243847,NA,NA
32066,2016,32,Ourense,66,Quintela de Leirado,563,433,130,1,0,432,432,76.90941385435168,0,NA,0,NA,NA,6,0,0,NA,NA,NA,NA,2,0,NA,NA,2,NA,0,NA,NA,17,NA,NA,NA,NA,0,NA,NA,NA,NA,NA,NA,0,1,0,0,NA,NA,NA,NA,360,43,NA,NA,NA,1,NA,NA,NA,NA,NA,NA,NA,NA,0,NA,NA,0,NA,0,NA,0,NA,NA,1.3888888888888888,0,0,NA,NA,NA,NA,0.4629629629629629,0,NA,NA,0.4629629629629629,NA,0,NA,NA,3.935185185185185,NA,NA,NA,NA,0,NA,NA,NA,NA,NA,NA,0,0.23148148148148145,0,0,NA,NA,NA,NA,83.33333333333334,9.953703703703704,NA,NA,NA,0.23148148148148145,NA,NA,NA,NA,NA,NA,NA,NA,0,NA,NA,0,NA
32066,2020,32,Ourense,66,Quintela de Leirado,556,412,144,3,1,408,409,74.10071942446042,NA,NA,NA,NA,15,NA,NA,NA,NA,NA,556,0,0,NA,NA,NA,NA,NA,0,NA,NA,0,NA,NA,NA,NA,NA,NA,NA,NA,NA,NA,NA,NA,0,NA,0,NA,NA,NA,1,347,40,NA,0,NA,NA,0,NA,NA,NA,NA,NA,NA,NA,NA,NA,NA,NA,5,NA,NA,NA,NA,3.6674816625916873,NA,NA,NA,NA,NA,135.94132029339855,0,0,NA,NA,NA,NA,NA,0,NA,NA,0,NA,NA,NA,NA,NA,NA,NA,NA,NA,NA,NA,NA,0,NA,0,NA,NA,NA,0.24449877750611246,84.84107579462102,9.7799511002445,NA,0,NA,NA,0,NA,NA,NA,NA,NA,NA,NA,NA,NA,NA,NA,1.2224938875305624
32066,2024,32,Ourense,66,Quintela de Leirado,516,351,165,0,0,351,351,68.02325581395348,NA,NA,NA,NA,13,NA,NA,NA,NA,NA,516,NA,NA,NA,NA,NA,6,NA,0,0,NA,NA,NA,NA,NA,NA,NA,NA,NA,NA,NA,NA,NA,NA,0,NA,NA,NA,NA,0,NA,316,14,NA,0,NA,NA,NA,NA,NA,NA,0,NA,NA,NA,NA,NA,NA,NA,2,NA,NA,NA,NA,3.7037037037037033,NA,NA,NA,NA,NA,147.00854700854703,NA,NA,NA,NA,NA,1.7094017094017095,NA,0,0,NA,NA,NA,NA,NA,NA,NA,NA,NA,NA,NA,NA,NA,NA,0,NA,NA,NA,NA,0,NA,90.02849002849003,3.9886039886039883,NA,0,NA,NA,NA,NA,NA,NA,0,NA,NA,NA,NA,NA,NA,NA,0.5698005698005698
32067,2001,32,Ourense,67,Rairiz de veiga,1697,1011,686,6,8,997,1005,59.57572186210961,NA,NA,NA,1,349,NA,NA,NA,NA,NA,NA,NA,NA,NA,NA,NA,NA,10,NA,NA,1,NA,NA,2,NA,7,NA,NA,NA,NA,NA,NA,NA,NA,NA,NA,NA,4,NA,NA,NA,516,107,NA,NA,NA,NA,NA,NA,NA,0,NA,NA,NA,NA,NA,NA,NA,NA,NA,NA,NA,NA,0.09950248756218905,34.72636815920398,NA,NA,NA,NA,NA,NA,NA,NA,NA,NA,NA,NA,0.9950248756218906,NA,NA,0.09950248756218905,NA,NA,0.1990049751243781,NA,0.6965174129353234,NA,NA,NA,NA,NA,NA,NA,NA,NA,NA,NA,0.3980099502487562,NA,NA,NA,51.34328358208955,10.646766169154228,NA,NA,NA,NA,NA,NA,NA,0,NA,NA,NA,NA,NA,NA,NA,NA,NA
32067,2005,32,Ourense,67,Rairiz de veiga,1651,1159,492,5,7,1147,1154,70.19987886129618,NA,NA,NA,4,533,NA,NA,NA,NA,0,NA,NA,NA,NA,NA,NA,1,NA,NA,NA,NA,NA,NA,8,0,1,NA,NA,NA,NA,NA,NA,2,NA,NA,NA,NA,3,NA,NA,NA,461,134,NA,NA,NA,NA,NA,NA,NA,NA,NA,NA,NA,NA,NA,NA,NA,NA,NA,NA,NA,NA,0.34662045060658575,46.18717504332756,NA,NA,NA,NA,0,NA,NA,NA,NA,NA,NA,0.08665511265164644,NA,NA,NA,NA,NA,NA,0.6932409012131715,0,0.08665511265164644,NA,NA,NA,NA,NA,NA,0.17331022530329288,NA,NA,NA,NA,0.25996533795493937,NA,NA,NA,39.948006932409015,11.611785095320624,NA,NA,NA,NA,NA,NA,NA,NA,NA,NA,NA,NA,NA,NA,NA,NA,NA
32067,2009,32,Ourense,67,Rairiz de veiga,1594,1205,389,5,7,1193,1200,75.59598494353827,NA,NA,NA,NA,614,NA,NA,NA,NA,NA,NA,NA,NA,NA,NA,NA,0,NA,NA,NA,NA,NA,NA,3,1,2,NA,1,NA,NA,NA,NA,4,NA,NA,NA,NA,2,NA,NA,NA,396,161,NA,4,NA,NA,NA,NA,NA,NA,NA,0,NA,0,NA,NA,5,NA,NA,NA,NA,NA,NA,51.16666666666667,NA,NA,NA,NA,NA,NA,NA,NA,NA,NA,NA,0,NA,NA,NA,NA,NA,NA,0.25,0.08333333333333334,0.16666666666666669,NA,0.08333333333333334,NA,NA,NA,NA,0.33333333333333337,NA,NA,NA,NA,0.16666666666666669,NA,NA,NA,33,13.416666666666666,NA,0.33333333333333337,NA,NA,NA,NA,NA,NA,NA,0,NA,0,NA,NA,0.4166666666666667,NA,NA
32067,2012,32,Ourense,67,Rairiz de Veiga,1432,930,502,17,25,888,913,64.94413407821229,0,60,NA,NA,67,NA,0,NA,0,NA,NA,NA,NA,65,0,NA,7,NA,2,NA,NA,NA,NA,NA,0,NA,NA,NA,0,NA,NA,NA,NA,NA,4,NA,0,0,1,NA,NA,480,187,3,0,1,NA,NA,0,8,0,NA,NA,2,NA,NA,0,1,NA,NA,0,6.571741511500548,NA,NA,7.338444687842278,NA,0,NA,0,NA,NA,NA,NA,7.119386637458927,0,NA,0.7667031763417306,NA,0.21905805038335158,NA,NA,NA,NA,NA,0,NA,NA,NA,0,NA,NA,NA,NA,NA,0.43811610076670315,NA,0,0,0.10952902519167579,NA,NA,52.573932092004384,20.481927710843372,0.32858707557502737,0,0.10952902519167579,NA,NA,0,0.8762322015334063,0,NA,NA,0.21905805038335158,NA,NA,0,0.10952902519167579,NA,NA
32067,2016,32,Ourense,67,Rairiz de Veiga,1272,746,526,5,7,734,741,58.64779874213837,0,NA,0,NA,NA,34,0,0,NA,NA,NA,NA,13,1,NA,NA,7,NA,0,NA,NA,127,NA,NA,NA,NA,0,NA,NA,NA,NA,NA,NA,0,5,0,0,NA,NA,NA,NA,449,98,NA,NA,NA,0,NA,NA,NA,NA,NA,NA,NA,NA,0,NA,NA,0,NA,0,NA,0,NA,NA,4.588394062078273,0,0,NA,NA,NA,NA,1.7543859649122806,0.1349527665317139,NA,NA,0.9446693657219973,NA,0,NA,NA,17.139001349527668,NA,NA,NA,NA,0,NA,NA,NA,NA,NA,NA,0,0.6747638326585695,0,0,NA,NA,NA,NA,60.59379217273953,13.225371120107962,NA,NA,NA,0,NA,NA,NA,NA,NA,NA,NA,NA,0,NA,NA,0,NA
32067,2020,32,Ourense,67,Rairiz de Veiga,1156,730,426,2,7,721,728,63.148788927335644,NA,NA,NA,NA,147,NA,NA,NA,NA,NA,1156,0,0,NA,NA,NA,NA,NA,1,NA,NA,0,NA,NA,NA,NA,NA,NA,NA,NA,NA,NA,NA,NA,4,NA,1,NA,NA,NA,12,462,76,NA,0,NA,NA,1,NA,NA,NA,NA,NA,NA,NA,NA,NA,NA,NA,17,NA,NA,NA,NA,20.192307692307693,NA,NA,NA,NA,NA,158.7912087912088,0,0,NA,NA,NA,NA,NA,0.13736263736263737,NA,NA,0,NA,NA,NA,NA,NA,NA,NA,NA,NA,NA,NA,NA,0.5494505494505495,NA,0.13736263736263737,NA,NA,NA,1.6483516483516485,63.46153846153846,10.43956043956044,NA,0,NA,NA,0.13736263736263737,NA,NA,NA,NA,NA,NA,NA,NA,NA,NA,NA,2.3351648351648353
32067,2024,32,Ourense,67,Rairiz de Veiga,1119,786,333,3,2,781,783,70.24128686327077,NA,NA,NA,NA,194,NA,NA,NA,NA,NA,1119,NA,NA,NA,NA,NA,19,NA,2,0,NA,NA,NA,NA,NA,NA,NA,NA,NA,NA,NA,NA,NA,NA,1,NA,NA,NA,NA,0,NA,423,128,NA,0,NA,NA,NA,NA,NA,NA,0,NA,NA,NA,NA,NA,NA,NA,14,NA,NA,NA,NA,24.776500638569605,NA,NA,NA,NA,NA,142.911877394636,NA,NA,NA,NA,NA,2.4265644955300125,NA,0.2554278416347382,0,NA,NA,NA,NA,NA,NA,NA,NA,NA,NA,NA,NA,NA,NA,0.1277139208173691,NA,NA,NA,NA,0,NA,54.02298850574713,16.347381864623244,NA,0,NA,NA,NA,NA,NA,NA,0,NA,NA,NA,NA,NA,NA,NA,1.7879948914431671
32068,2001,32,Ourense,68,Ramirás,1840,1307,533,4,6,1297,1303,71.03260869565217,NA,NA,NA,0,287,NA,NA,NA,NA,NA,NA,NA,NA,NA,NA,NA,NA,1,NA,NA,1,NA,NA,0,NA,2,NA,NA,NA,NA,NA,NA,NA,NA,NA,NA,NA,1,NA,NA,NA,856,149,NA,NA,NA,NA,NA,NA,NA,0,NA,NA,NA,NA,NA,NA,NA,NA,NA,NA,NA,NA,0,22.02609363008442,NA,NA,NA,NA,NA,NA,NA,NA,NA,NA,NA,NA,0.07674597083653108,NA,NA,0.07674597083653108,NA,NA,0,NA,0.15349194167306215,NA,NA,NA,NA,NA,NA,NA,NA,NA,NA,NA,0.07674597083653108,NA,NA,NA,65.6945510360706,11.435149654643132,NA,NA,NA,NA,NA,NA,NA,0,NA,NA,NA,NA,NA,NA,NA,NA,NA
32068,2005,32,Ourense,68,Ramirás,1796,1304,492,3,3,1298,1301,72.60579064587974,NA,NA,NA,0,225,NA,NA,NA,NA,1,NA,NA,NA,NA,NA,NA,0,NA,NA,NA,NA,NA,NA,1,0,1,NA,NA,NA,NA,NA,NA,4,NA,NA,NA,NA,1,NA,NA,NA,786,279,NA,NA,NA,NA,NA,NA,NA,NA,NA,NA,NA,NA,NA,NA,NA,NA,NA,NA,NA,NA,0,17.294388931591083,NA,NA,NA,NA,0.07686395080707148,NA,NA,NA,NA,NA,NA,0,NA,NA,NA,NA,NA,NA,0.07686395080707148,0,0.07686395080707148,NA,NA,NA,NA,NA,NA,0.3074558032282859,NA,NA,NA,NA,0.07686395080707148,NA,NA,NA,60.41506533435819,21.445042275172945,NA,NA,NA,NA,NA,NA,NA,NA,NA,NA,NA,NA,NA,NA,NA,NA,NA
32068,2009,32,Ourense,68,Ramirás,1697,1249,448,8,7,1234,1241,73.60047142015321,NA,NA,NA,NA,414,NA,NA,NA,NA,NA,NA,NA,NA,NA,NA,NA,0,NA,NA,NA,NA,NA,NA,1,0,0,NA,0,NA,NA,NA,NA,0,NA,NA,NA,NA,0,NA,NA,NA,614,204,NA,0,NA,NA,NA,NA,NA,NA,NA,0,NA,0,NA,NA,1,NA,NA,NA,NA,NA,NA,33.360193392425465,NA,NA,NA,NA,NA,NA,NA,NA,NA,NA,NA,0,NA,NA,NA,NA,NA,NA,0.08058017727639001,0,0,NA,0,NA,NA,NA,NA,0,NA,NA,NA,NA,0,NA,NA,NA,49.47622884770346,16.43835616438356,NA,0,NA,NA,NA,NA,NA,NA,NA,0,NA,0,NA,NA,0.08058017727639001,NA,NA
32068,2012,32,Ourense,68,Ramirás,1566,1087,479,9,12,1066,1078,69.4125159642401,0,35,NA,NA,121,NA,0,NA,1,NA,NA,NA,NA,0,0,NA,2,NA,3,NA,NA,NA,NA,NA,1,NA,NA,NA,0,NA,NA,NA,NA,NA,1,NA,0,0,0,NA,NA,570,312,0,0,0,NA,NA,0,18,0,NA,NA,0,NA,NA,0,2,NA,NA,0,3.2467532467532463,NA,NA,11.224489795918368,NA,0,NA,0.0927643784786642,NA,NA,NA,NA,0,0,NA,0.1855287569573284,NA,0.27829313543599254,NA,NA,NA,NA,NA,0.0927643784786642,NA,NA,NA,0,NA,NA,NA,NA,NA,0.0927643784786642,NA,0,0,0,NA,NA,52.875695732838594,28.942486085343226,0,0,0,NA,NA,0,1.6697588126159555,0,NA,NA,0,NA,NA,0,0.1855287569573284,NA,NA
32068,2016,32,Ourense,68,Ramirás,1419,962,457,7,3,952,955,67.79422128259338,0,NA,0,NA,NA,75,0,0,NA,NA,NA,NA,23,0,NA,NA,7,NA,0,NA,NA,77,NA,NA,NA,NA,1,NA,NA,NA,NA,NA,NA,0,5,1,1,NA,NA,NA,NA,552,210,NA,NA,NA,0,NA,NA,NA,NA,NA,NA,NA,NA,0,NA,NA,0,NA,0,NA,0,NA,NA,7.853403141361256,0,0,NA,NA,NA,NA,2.408376963350785,0,NA,NA,0.7329842931937173,NA,0,NA,NA,8.06282722513089,NA,NA,NA,NA,0.10471204188481677,NA,NA,NA,NA,NA,NA,0,0.5235602094240838,0.10471204188481677,0.10471204188481677,NA,NA,NA,NA,57.80104712041884,21.98952879581152,NA,NA,NA,0,NA,NA,NA,NA,NA,NA,NA,NA,0,NA,NA,0,NA
32068,2020,32,Ourense,68,Ramirás,1376,857,519,9,6,842,848,62.28197674418605,NA,NA,NA,NA,143,NA,NA,NA,NA,NA,1376,0,3,NA,NA,NA,NA,NA,0,NA,NA,0,NA,NA,NA,NA,NA,NA,NA,NA,NA,NA,NA,NA,6,NA,1,NA,NA,NA,19,444,206,NA,0,NA,NA,0,NA,NA,NA,NA,NA,NA,NA,NA,NA,NA,NA,20,NA,NA,NA,NA,16.86320754716981,NA,NA,NA,NA,NA,162.26415094339623,0,0.3537735849056604,NA,NA,NA,NA,NA,0,NA,NA,0,NA,NA,NA,NA,NA,NA,NA,NA,NA,NA,NA,NA,0.7075471698113208,NA,0.1179245283018868,NA,NA,NA,2.240566037735849,52.358490566037744,24.29245283018868,NA,0,NA,NA,0,NA,NA,NA,NA,NA,NA,NA,NA,NA,NA,NA,2.358490566037736
32068,2024,32,Ourense,68,Ramirás,1312,863,449,5,3,855,858,65.77743902439023,NA,NA,NA,NA,236,NA,NA,NA,NA,NA,1312,NA,NA,NA,NA,NA,15,NA,0,0,NA,NA,NA,NA,NA,NA,NA,NA,NA,NA,NA,NA,NA,NA,1,NA,NA,NA,NA,2,NA,429,159,NA,0,NA,NA,NA,NA,NA,NA,5,NA,NA,NA,NA,NA,NA,NA,8,NA,NA,NA,NA,27.505827505827508,NA,NA,NA,NA,NA,152.91375291375292,NA,NA,NA,NA,NA,1.7482517482517483,NA,0,0,NA,NA,NA,NA,NA,NA,NA,NA,NA,NA,NA,NA,NA,NA,0.11655011655011654,NA,NA,NA,NA,0.2331002331002331,NA,50,18.53146853146853,NA,0,NA,NA,NA,NA,NA,NA,0.5827505827505828,NA,NA,NA,NA,NA,NA,NA,0.9324009324009324
32069,2001,32,Ourense,69,Ribadavia,4669,3531,1138,45,49,3437,3486,75.6264724780467,NA,NA,NA,4,850,NA,NA,NA,NA,NA,NA,NA,NA,NA,NA,NA,NA,3,NA,NA,6,NA,NA,11,NA,6,NA,NA,NA,NA,NA,NA,NA,NA,NA,NA,NA,1,NA,NA,NA,1633,923,NA,NA,NA,NA,NA,NA,NA,0,NA,NA,NA,NA,NA,NA,NA,NA,NA,NA,NA,NA,0.11474469305794606,24.38324727481354,NA,NA,NA,NA,NA,NA,NA,NA,NA,NA,NA,NA,0.08605851979345956,NA,NA,0.17211703958691912,NA,NA,0.3155479059093517,NA,0.17211703958691912,NA,NA,NA,NA,NA,NA,NA,NA,NA,NA,NA,0.028686173264486515,NA,NA,NA,46.844520940906484,26.47733792312106,NA,NA,NA,NA,NA,NA,NA,0,NA,NA,NA,NA,NA,NA,NA,NA,NA
32069,2005,32,Ourense,69,Ribadavia,4694,3685,1009,15,46,3624,3670,78.50447379633574,NA,NA,NA,2,618,NA,NA,NA,NA,1,NA,NA,NA,NA,NA,NA,2,NA,NA,NA,NA,NA,NA,22,3,7,NA,NA,NA,NA,NA,NA,3,NA,NA,NA,NA,2,NA,NA,NA,1586,1378,NA,NA,NA,NA,NA,NA,NA,NA,NA,NA,NA,NA,NA,NA,NA,NA,NA,NA,NA,NA,0.05449591280653951,16.839237057220707,NA,NA,NA,NA,0.027247956403269755,NA,NA,NA,NA,NA,NA,0.05449591280653951,NA,NA,NA,NA,NA,NA,0.5994550408719346,0.08174386920980926,0.19073569482288827,NA,NA,NA,NA,NA,NA,0.08174386920980926,NA,NA,NA,NA,0.05449591280653951,NA,NA,NA,43.21525885558583,37.54768392370572,NA,NA,NA,NA,NA,NA,NA,NA,NA,NA,NA,NA,NA,NA,NA,NA,NA
32069,2009,32,Ourense,69,Ribadavia,4639,3796,843,40,63,3693,3756,81.82798016813967,NA,NA,NA,NA,516,NA,NA,NA,NA,NA,NA,NA,NA,NA,NA,NA,5,NA,NA,NA,NA,NA,NA,27,1,9,NA,1,NA,NA,NA,NA,2,NA,NA,NA,NA,1,NA,NA,NA,1642,1462,NA,7,NA,NA,NA,NA,NA,NA,NA,4,NA,0,NA,NA,16,NA,NA,NA,NA,NA,NA,13.738019169329075,NA,NA,NA,NA,NA,NA,NA,NA,NA,NA,NA,0.13312034078807242,NA,NA,NA,NA,NA,NA,0.7188498402555911,0.026624068157614485,0.23961661341853036,NA,0.026624068157614485,NA,NA,NA,NA,0.05324813631522897,NA,NA,NA,NA,0.026624068157614485,NA,NA,NA,43.71671991480298,38.92438764643237,NA,0.1863684771033014,NA,NA,NA,NA,NA,NA,NA,0.10649627263045794,NA,0,NA,NA,0.42598509052183176,NA,NA
32069,2012,32,Ourense,69,Ribadavia,4468,3343,1125,81,72,3190,3262,74.82094897045658,0,292,NA,NA,290,NA,3,NA,4,NA,NA,NA,NA,32,0,NA,12,NA,20,NA,NA,NA,NA,NA,0,NA,NA,NA,0,NA,NA,NA,NA,NA,14,NA,0,0,14,NA,NA,1403,1049,2,6,2,NA,NA,0,27,0,NA,NA,3,NA,NA,0,17,NA,NA,0,8.951563458001226,NA,NA,8.890251379521766,NA,0.09196811771919068,NA,0.1226241569589209,NA,NA,NA,NA,0.9809932556713672,0,NA,0.3678724708767627,NA,0.6131207847946045,NA,NA,NA,NA,NA,0,NA,NA,NA,0,NA,NA,NA,NA,NA,0.4291845493562232,NA,0,0,0.4291845493562232,NA,NA,43.010423053341505,32.15818516247701,0.06131207847946045,0.18393623543838136,0.06131207847946045,NA,NA,0,0.827713059472716,0,NA,NA,0.09196811771919068,NA,NA,0,0.5211526670754139,NA,NA
32069,2016,32,Ourense,69,Ribadavia,4292,3057,1235,51,27,2979,3006,71.22553588070829,0,NA,0,NA,NA,175,0,0,NA,NA,NA,NA,76,41,NA,NA,21,NA,0,NA,NA,542,NA,NA,NA,NA,5,NA,NA,NA,NA,NA,NA,0,27,3,2,NA,NA,NA,NA,1275,806,NA,NA,NA,5,NA,NA,NA,NA,NA,NA,NA,NA,0,NA,NA,1,NA,0,NA,0,NA,NA,5.82168995342648,0,0,NA,NA,NA,NA,2.5282767797737855,1.3639387890884898,NA,NA,0.6986027944111777,NA,0,NA,NA,18.030605455755154,NA,NA,NA,NA,0.166333998669328,NA,NA,NA,NA,NA,NA,0,0.8982035928143712,0.09980039920159679,0.0665335994677312,NA,NA,NA,NA,42.41516966067864,26.813040585495674,NA,NA,NA,0.166333998669328,NA,NA,NA,NA,NA,NA,NA,NA,0,NA,NA,0.0332667997338656,NA
32069,2020,32,Ourense,69,Ribadavia,4255,2950,1305,17,28,2905,2933,69.33019976498237,NA,NA,NA,NA,637,NA,NA,NA,NA,NA,4255,0,14,NA,NA,NA,NA,NA,6,NA,NA,2,NA,NA,NA,NA,NA,NA,NA,NA,NA,NA,NA,NA,7,NA,5,NA,NA,NA,134,1403,661,NA,1,NA,NA,1,NA,NA,NA,NA,NA,NA,NA,NA,NA,NA,NA,34,NA,NA,NA,NA,21.71837708830549,NA,NA,NA,NA,NA,145.07330378452096,0,0.47732696897374705,NA,NA,NA,NA,NA,0.20456870098874871,NA,NA,0.06818956699624958,NA,NA,NA,NA,NA,NA,NA,NA,NA,NA,NA,NA,0.23866348448687352,NA,0.17047391749062393,NA,NA,NA,4.568700988748722,47.834981247869074,22.536651892260483,NA,0.03409478349812479,NA,NA,0.03409478349812479,NA,NA,NA,NA,NA,NA,NA,NA,NA,NA,NA,1.1592226389362428
32069,2024,32,Ourense,69,Ribadavia,4170,3145,1025,19,10,3116,3126,75.41966426858512,NA,NA,NA,NA,997,NA,NA,NA,NA,NA,4170,NA,NA,NA,NA,NA,85,NA,5,2,NA,NA,NA,NA,NA,NA,NA,NA,NA,NA,NA,NA,NA,NA,8,NA,NA,NA,NA,4,NA,1442,499,NA,3,NA,NA,NA,NA,NA,NA,27,NA,NA,NA,NA,NA,NA,NA,44,NA,NA,NA,NA,31.893793985924507,NA,NA,NA,NA,NA,133.39731285988483,NA,NA,NA,NA,NA,2.7191298784388995,NA,0.1599488163787588,0.06397952655150352,NA,NA,NA,NA,NA,NA,NA,NA,NA,NA,NA,NA,NA,NA,0.2559181062060141,NA,NA,NA,NA,0.12795905310300704,NA,46.12923864363403,15.962891874600126,NA,0.09596928982725528,NA,NA,NA,NA,NA,NA,0.8637236084452975,NA,NA,NA,NA,NA,NA,NA,1.4075495841330774
32070,2001,32,Ourense,70,San Xoán de Río,914,581,333,4,3,574,577,63.56673960612691,NA,NA,NA,0,90,NA,NA,NA,NA,NA,NA,NA,NA,NA,NA,NA,NA,0,NA,NA,1,NA,NA,0,NA,1,NA,NA,NA,NA,NA,NA,NA,NA,NA,NA,NA,1,NA,NA,NA,396,85,NA,NA,NA,NA,NA,NA,NA,0,NA,NA,NA,NA,NA,NA,NA,NA,NA,NA,NA,NA,0,15.597920277296359,NA,NA,NA,NA,NA,NA,NA,NA,NA,NA,NA,NA,0,NA,NA,0.17331022530329288,NA,NA,0,NA,0.17331022530329288,NA,NA,NA,NA,NA,NA,NA,NA,NA,NA,NA,0.17331022530329288,NA,NA,NA,68.63084922010398,14.731369150779896,NA,NA,NA,NA,NA,NA,NA,0,NA,NA,NA,NA,NA,NA,NA,NA,NA
32070,2005,32,Ourense,70,San Xoán de Río,802,535,267,0,2,533,535,66.70822942643392,NA,NA,NA,1,132,NA,NA,NA,NA,0,NA,NA,NA,NA,NA,NA,1,NA,NA,NA,NA,NA,NA,0,0,1,NA,NA,NA,NA,NA,NA,1,NA,NA,NA,NA,0,NA,NA,NA,288,109,NA,NA,NA,NA,NA,NA,NA,NA,NA,NA,NA,NA,NA,NA,NA,NA,NA,NA,NA,NA,0.1869158878504673,24.67289719626168,NA,NA,NA,NA,0,NA,NA,NA,NA,NA,NA,0.1869158878504673,NA,NA,NA,NA,NA,NA,0,0,0.1869158878504673,NA,NA,NA,NA,NA,NA,0.1869158878504673,NA,NA,NA,NA,0,NA,NA,NA,53.83177570093458,20.373831775700936,NA,NA,NA,NA,NA,NA,NA,NA,NA,NA,NA,NA,NA,NA,NA,NA,NA
32070,2009,32,Ourense,70,San Xoán de Río,723,469,254,1,5,463,468,64.8686030428769,NA,NA,NA,NA,99,NA,NA,NA,NA,NA,NA,NA,NA,NA,NA,NA,0,NA,NA,NA,NA,NA,NA,0,0,0,NA,0,NA,NA,NA,NA,0,NA,NA,NA,NA,0,NA,NA,NA,238,122,NA,1,NA,NA,NA,NA,NA,NA,NA,0,NA,0,NA,NA,3,NA,NA,NA,NA,NA,NA,21.153846153846153,NA,NA,NA,NA,NA,NA,NA,NA,NA,NA,NA,0,NA,NA,NA,NA,NA,NA,0,0,0,NA,0,NA,NA,NA,NA,0,NA,NA,NA,NA,0,NA,NA,NA,50.85470085470085,26.06837606837607,NA,0.2136752136752137,NA,NA,NA,NA,NA,NA,NA,0,NA,0,NA,NA,0.641025641025641,NA,NA
32070,2012,32,Ourense,70,San Xoán de Río,641,384,257,14,7,363,370,59.90639625585024,0,22,NA,NA,24,NA,0,NA,0,NA,NA,NA,NA,1,0,NA,2,NA,4,NA,NA,NA,NA,NA,0,NA,NA,NA,0,NA,NA,NA,NA,NA,0,NA,0,0,1,NA,NA,233,74,0,0,0,NA,NA,0,2,0,NA,NA,0,NA,NA,0,0,NA,NA,0,5.9459459459459465,NA,NA,6.486486486486487,NA,0,NA,0,NA,NA,NA,NA,0.2702702702702703,0,NA,0.5405405405405406,NA,1.0810810810810811,NA,NA,NA,NA,NA,0,NA,NA,NA,0,NA,NA,NA,NA,NA,0,NA,0,0,0.2702702702702703,NA,NA,62.972972972972975,20,0,0,0,NA,NA,0,0.5405405405405406,0,NA,NA,0,NA,NA,0,0,NA,NA
32070,2016,32,Ourense,70,San Xoán de Río,542,336,206,2,3,331,334,61.99261992619927,0,NA,0,NA,NA,5,0,0,NA,NA,NA,NA,6,0,NA,NA,3,NA,0,NA,NA,65,NA,NA,NA,NA,1,NA,NA,NA,NA,NA,NA,0,0,1,0,NA,NA,NA,NA,186,62,NA,NA,NA,2,NA,NA,NA,NA,NA,NA,NA,NA,0,NA,NA,0,NA,0,NA,0,NA,NA,1.4970059880239521,0,0,NA,NA,NA,NA,1.7964071856287425,0,NA,NA,0.8982035928143712,NA,0,NA,NA,19.46107784431138,NA,NA,NA,NA,0.29940119760479045,NA,NA,NA,NA,NA,NA,0,0,0.29940119760479045,0,NA,NA,NA,NA,55.688622754491014,18.562874251497004,NA,NA,NA,0.5988023952095809,NA,NA,NA,NA,NA,NA,NA,NA,0,NA,NA,0,NA
32070,2020,32,Ourense,70,San Xoán de Río,487,246,241,2,4,240,244,50.513347022587276,NA,NA,NA,NA,38,NA,NA,NA,NA,NA,487,0,2,NA,NA,NA,NA,NA,0,NA,NA,0,NA,NA,NA,NA,NA,NA,NA,NA,NA,NA,NA,NA,0,NA,0,NA,NA,NA,4,144,47,NA,0,NA,NA,0,NA,NA,NA,NA,NA,NA,NA,NA,NA,NA,NA,5,NA,NA,NA,NA,15.573770491803279,NA,NA,NA,NA,NA,199.59016393442624,0,0.819672131147541,NA,NA,NA,NA,NA,0,NA,NA,0,NA,NA,NA,NA,NA,NA,NA,NA,NA,NA,NA,NA,0,NA,0,NA,NA,NA,1.639344262295082,59.01639344262295,19.262295081967213,NA,0,NA,NA,0,NA,NA,NA,NA,NA,NA,NA,NA,NA,NA,NA,2.0491803278688523
32070,2024,32,Ourense,70,San Xoán de Río,481,301,180,2,2,297,299,62.57796257796257,NA,NA,NA,NA,43,NA,NA,NA,NA,NA,481,NA,NA,NA,NA,NA,9,NA,2,0,NA,NA,NA,NA,NA,NA,NA,NA,NA,NA,NA,NA,NA,NA,1,NA,NA,NA,NA,0,NA,202,32,NA,0,NA,NA,NA,NA,NA,NA,1,NA,NA,NA,NA,NA,NA,NA,7,NA,NA,NA,NA,14.381270903010032,NA,NA,NA,NA,NA,160.8695652173913,NA,NA,NA,NA,NA,3.0100334448160537,NA,0.6688963210702341,0,NA,NA,NA,NA,NA,NA,NA,NA,NA,NA,NA,NA,NA,NA,0.33444816053511706,NA,NA,NA,NA,0,NA,67.55852842809364,10.702341137123746,NA,0,NA,NA,NA,NA,NA,NA,0.33444816053511706,NA,NA,NA,NA,NA,NA,NA,2.341137123745819
32071,2001,32,Ourense,71,Ríos,1928,1232,696,1,4,1227,1231,63.90041493775933,NA,NA,NA,0,221,NA,NA,NA,NA,NA,NA,NA,NA,NA,NA,NA,NA,0,NA,NA,1,NA,NA,2,NA,1,NA,NA,NA,NA,NA,NA,NA,NA,NA,NA,NA,1,NA,NA,NA,699,302,NA,NA,NA,NA,NA,NA,NA,0,NA,NA,NA,NA,NA,NA,NA,NA,NA,NA,NA,NA,0,17.95288383428107,NA,NA,NA,NA,NA,NA,NA,NA,NA,NA,NA,NA,0,NA,NA,0.08123476848090982,NA,NA,0.16246953696181965,NA,0.08123476848090982,NA,NA,NA,NA,NA,NA,NA,NA,NA,NA,NA,0.08123476848090982,NA,NA,NA,56.78310316815597,24.532900081234768,NA,NA,NA,NA,NA,NA,NA,0,NA,NA,NA,NA,NA,NA,NA,NA,NA
32071,2005,32,Ourense,71,Ríos,1837,1395,442,2,3,1390,1393,75.93903102885139,NA,NA,NA,0,150,NA,NA,NA,NA,0,NA,NA,NA,NA,NA,NA,3,NA,NA,NA,NA,NA,NA,3,0,0,NA,NA,NA,NA,NA,NA,2,NA,NA,NA,NA,0,NA,NA,NA,754,478,NA,NA,NA,NA,NA,NA,NA,NA,NA,NA,NA,NA,NA,NA,NA,NA,NA,NA,NA,NA,0,10.768126346015794,NA,NA,NA,NA,0,NA,NA,NA,NA,NA,NA,0.21536252692031585,NA,NA,NA,NA,NA,NA,0.21536252692031585,0,0,NA,NA,NA,NA,NA,NA,0.14357501794687724,NA,NA,NA,NA,0,NA,NA,NA,54.12778176597271,34.31442928930366,NA,NA,NA,NA,NA,NA,NA,NA,NA,NA,NA,NA,NA,NA,NA,NA,NA
32071,2009,32,Ourense,71,Ríos,1716,1305,411,10,9,1286,1295,76.04895104895105,NA,NA,NA,NA,153,NA,NA,NA,NA,NA,NA,NA,NA,NA,NA,NA,0,NA,NA,NA,NA,NA,NA,2,2,5,NA,0,NA,NA,NA,NA,0,NA,NA,NA,NA,0,NA,NA,NA,697,424,NA,1,NA,NA,NA,NA,NA,NA,NA,0,NA,0,NA,NA,2,NA,NA,NA,NA,NA,NA,11.814671814671815,NA,NA,NA,NA,NA,NA,NA,NA,NA,NA,NA,0,NA,NA,NA,NA,NA,NA,0.15444015444015444,0.15444015444015444,0.3861003861003861,NA,0,NA,NA,NA,NA,0,NA,NA,NA,NA,0,NA,NA,NA,53.82239382239382,32.74131274131274,NA,0.07722007722007722,NA,NA,NA,NA,NA,NA,NA,0,NA,0,NA,NA,0.15444015444015444,NA,NA
32071,2012,32,Ourense,71,Riós,1587,1043,544,13,14,1016,1030,65.72148708254568,0,34,NA,NA,88,NA,0,NA,0,NA,NA,NA,NA,2,0,NA,3,NA,2,NA,NA,NA,NA,NA,0,NA,NA,NA,0,NA,NA,NA,NA,NA,2,NA,0,0,1,NA,NA,612,264,0,1,0,NA,NA,0,7,0,NA,NA,0,NA,NA,0,0,NA,NA,0,3.300970873786408,NA,NA,8.54368932038835,NA,0,NA,0,NA,NA,NA,NA,0.1941747572815534,0,NA,0.2912621359223301,NA,0.1941747572815534,NA,NA,NA,NA,NA,0,NA,NA,NA,0,NA,NA,NA,NA,NA,0.1941747572815534,NA,0,0,0.0970873786407767,NA,NA,59.417475728155345,25.631067961165048,0,0.0970873786407767,0,NA,NA,0,0.6796116504854369,0,NA,NA,0,NA,NA,0,0,NA,NA
32071,2016,32,Ourense,71,Riós,1465,1003,462,3,3,997,1000,68.46416382252559,0,NA,0,NA,NA,58,0,0,NA,NA,NA,NA,23,1,NA,NA,10,NA,0,NA,NA,99,NA,NA,NA,NA,1,NA,NA,NA,NA,NA,NA,0,5,0,1,NA,NA,NA,NA,601,196,NA,NA,NA,2,NA,NA,NA,NA,NA,NA,NA,NA,0,NA,NA,0,NA,0,NA,0,NA,NA,5.800000000000001,0,0,NA,NA,NA,NA,2.3,0.1,NA,NA,1,NA,0,NA,NA,9.9,NA,NA,NA,NA,0.1,NA,NA,NA,NA,NA,NA,0,0.5,0,0.1,NA,NA,NA,NA,60.099999999999994,19.6,NA,NA,NA,0.2,NA,NA,NA,NA,NA,NA,NA,NA,0,NA,NA,0,NA
32071,2020,32,Ourense,71,Riós,1325,848,477,8,5,835,840,64,NA,NA,NA,NA,128,NA,NA,NA,NA,NA,1325,0,0,NA,NA,NA,NA,NA,0,NA,NA,0,NA,NA,NA,NA,NA,NA,NA,NA,NA,NA,NA,NA,0,NA,1,NA,NA,NA,10,452,236,NA,0,NA,NA,1,NA,NA,NA,NA,NA,NA,NA,NA,NA,NA,NA,7,NA,NA,NA,NA,15.238095238095239,NA,NA,NA,NA,NA,157.73809523809524,0,0,NA,NA,NA,NA,NA,0,NA,NA,0,NA,NA,NA,NA,NA,NA,NA,NA,NA,NA,NA,NA,0,NA,0.11904761904761905,NA,NA,NA,1.1904761904761905,53.80952380952381,28.095238095238095,NA,0,NA,NA,0.11904761904761905,NA,NA,NA,NA,NA,NA,NA,NA,NA,NA,NA,0.8333333333333334
32071,2024,32,Ourense,71,Riós,1244,806,438,7,3,796,799,64.79099678456592,NA,NA,NA,NA,173,NA,NA,NA,NA,NA,1244,NA,NA,NA,NA,NA,12,NA,0,0,NA,NA,NA,NA,NA,NA,NA,NA,NA,NA,NA,NA,NA,NA,0,NA,NA,NA,NA,0,NA,439,167,NA,1,NA,NA,NA,NA,NA,NA,0,NA,NA,NA,NA,NA,NA,NA,4,NA,NA,NA,NA,21.65206508135169,NA,NA,NA,NA,NA,155.69461827284107,NA,NA,NA,NA,NA,1.5018773466833542,NA,0,0,NA,NA,NA,NA,NA,NA,NA,NA,NA,NA,NA,NA,NA,NA,0,NA,NA,NA,NA,0,NA,54.943679599499376,20.90112640801001,NA,0.1251564455569462,NA,NA,NA,NA,NA,NA,0,NA,NA,NA,NA,NA,NA,NA,0.5006257822277848
32072,2001,32,Ourense,72,Rúa (A),4233,2772,1461,27,27,2718,2745,65.48547129695251,NA,NA,NA,5,634,NA,NA,NA,NA,NA,NA,NA,NA,NA,NA,NA,NA,8,NA,NA,6,NA,NA,11,NA,4,NA,NA,NA,NA,NA,NA,NA,NA,NA,NA,NA,4,NA,NA,NA,1362,684,NA,NA,NA,NA,NA,NA,NA,0,NA,NA,NA,NA,NA,NA,NA,NA,NA,NA,NA,NA,0.18214936247723132,23.096539162112933,NA,NA,NA,NA,NA,NA,NA,NA,NA,NA,NA,NA,0.29143897996357016,NA,NA,0.2185792349726776,NA,NA,0.4007285974499089,NA,0.14571948998178508,NA,NA,NA,NA,NA,NA,NA,NA,NA,NA,NA,0.14571948998178508,NA,NA,NA,49.61748633879781,24.91803278688525,NA,NA,NA,NA,NA,NA,NA,0,NA,NA,NA,NA,NA,NA,NA,NA,NA
32072,2005,32,Ourense,72,Rúa (A),4211,3003,1208,9,31,2963,2994,71.31322726193304,NA,NA,NA,4,440,NA,NA,NA,NA,3,NA,NA,NA,NA,NA,NA,0,NA,NA,NA,NA,NA,NA,15,4,5,NA,NA,NA,NA,NA,NA,1,NA,NA,NA,NA,4,NA,NA,NA,1299,1188,NA,NA,NA,NA,NA,NA,NA,NA,NA,NA,NA,NA,NA,NA,NA,NA,NA,NA,NA,NA,0.13360053440213762,14.696058784235136,NA,NA,NA,NA,0.1002004008016032,NA,NA,NA,NA,NA,NA,0,NA,NA,NA,NA,NA,NA,0.501002004008016,0.13360053440213762,0.16700066800267202,NA,NA,NA,NA,NA,NA,0.033400133600534405,NA,NA,NA,NA,0.13360053440213762,NA,NA,NA,43.38677354709419,39.67935871743487,NA,NA,NA,NA,NA,NA,NA,NA,NA,NA,NA,NA,NA,NA,NA,NA,NA
32072,2009,32,Ourense,72,Rúa (A),4040,3022,1018,24,31,2967,2998,74.8019801980198,NA,NA,NA,NA,432,NA,NA,NA,NA,NA,NA,NA,NA,NA,NA,NA,3,NA,NA,NA,NA,NA,NA,32,0,2,NA,0,NA,NA,NA,NA,0,NA,NA,NA,NA,0,NA,NA,NA,1322,1139,NA,8,NA,NA,NA,NA,NA,NA,NA,3,NA,1,NA,NA,25,NA,NA,NA,NA,NA,NA,14.409606404269512,NA,NA,NA,NA,NA,NA,NA,NA,NA,NA,NA,0.10006671114076052,NA,NA,NA,NA,NA,NA,1.0673782521681119,0,0.06671114076050699,NA,0,NA,NA,NA,NA,0,NA,NA,NA,NA,0,NA,NA,NA,44.09606404269513,37.99199466310874,NA,0.26684456304202797,NA,NA,NA,NA,NA,NA,NA,0.10006671114076052,NA,0.033355570380253496,NA,NA,0.8338892595063376,NA,NA
32072,2012,32,Ourense,72,Rúa (A),3956,2532,1424,75,58,2399,2457,64.00404448938322,0,228,NA,NA,189,NA,1,NA,0,NA,NA,NA,NA,20,0,NA,1,NA,35,NA,NA,NA,NA,NA,2,NA,NA,NA,0,NA,NA,NA,NA,NA,3,NA,0,0,5,NA,NA,1189,674,1,3,1,NA,NA,0,23,0,NA,NA,2,NA,NA,0,22,NA,NA,0,9.27960927960928,NA,NA,7.6923076923076925,NA,0.0407000407000407,NA,0,NA,NA,NA,NA,0.8140008140008139,0,NA,0.0407000407000407,NA,1.4245014245014245,NA,NA,NA,NA,NA,0.0814000814000814,NA,NA,NA,0,NA,NA,NA,NA,NA,0.1221001221001221,NA,0,0,0.20350020350020348,NA,NA,48.392348392348396,27.431827431827433,0.0407000407000407,0.1221001221001221,0.0407000407000407,NA,NA,0,0.9361009361009361,0,NA,NA,0.0814000814000814,NA,NA,0,0.8954008954008954,NA,NA
32072,2016,32,Lugo,72,A Rúa,3824,2456,1369,15,8,2433,2441,64.22594142259415,0,NA,0,NA,NA,169,0,0,NA,NA,NA,NA,56,3,NA,NA,15,NA,0,NA,NA,447,NA,NA,NA,NA,1,NA,NA,NA,NA,NA,NA,0,10,1,4,NA,NA,NA,NA,1210,507,NA,NA,NA,7,NA,NA,NA,NA,NA,NA,NA,NA,0,NA,NA,3,NA,0,NA,0,NA,NA,6.923392052437525,0,0,NA,NA,NA,NA,2.294141745186399,0.12290045063498567,NA,NA,0.6145022531749283,NA,0,NA,NA,18.312167144612864,NA,NA,NA,NA,0.04096681687832855,NA,NA,NA,NA,NA,NA,0,0.40966816878328555,0.04096681687832855,0.1638672675133142,NA,NA,NA,NA,49.569848422777554,20.770176157312576,NA,NA,NA,0.2867677181482999,NA,NA,NA,NA,NA,NA,NA,NA,0,NA,NA,0.12290045063498567,NA
32072,2020,32,Ourense,72,A Rúa,3625,2135,1490,19,17,2099,2116,58.896551724137936,NA,NA,NA,NA,450,NA,NA,NA,NA,NA,3625,1,14,NA,NA,NA,NA,NA,1,NA,NA,1,NA,NA,NA,NA,NA,NA,NA,NA,NA,NA,NA,NA,4,NA,1,NA,NA,NA,60,1052,457,NA,2,NA,NA,4,NA,NA,NA,NA,NA,NA,NA,NA,NA,NA,NA,52,NA,NA,NA,NA,21.266540642722116,NA,NA,NA,NA,NA,171.31379962192815,0.04725897920604915,0.6616257088846881,NA,NA,NA,NA,NA,0.04725897920604915,NA,NA,0.04725897920604915,NA,NA,NA,NA,NA,NA,NA,NA,NA,NA,NA,NA,0.1890359168241966,NA,0.04725897920604915,NA,NA,NA,2.835538752362949,49.7164461247637,21.597353497164463,NA,0.0945179584120983,NA,NA,0.1890359168241966,NA,NA,NA,NA,NA,NA,NA,NA,NA,NA,NA,2.4574669187145557
32072,2024,32,Ourense,72,A Rúa,3506,2269,1237,24,15,2230,2245,64.71762692527096,NA,NA,NA,NA,617,NA,NA,NA,NA,NA,3506,NA,NA,NA,NA,NA,51,NA,0,2,NA,NA,NA,NA,NA,NA,NA,NA,NA,NA,NA,NA,NA,NA,5,NA,NA,NA,NA,1,NA,1128,358,NA,1,NA,NA,NA,NA,NA,NA,22,NA,NA,NA,NA,NA,NA,NA,45,NA,NA,NA,NA,27.483296213808462,NA,NA,NA,NA,NA,156.16926503340758,NA,NA,NA,NA,NA,2.271714922048998,NA,0,0.08908685968819599,NA,NA,NA,NA,NA,NA,NA,NA,NA,NA,NA,NA,NA,NA,0.22271714922048996,NA,NA,NA,NA,0.044543429844097995,NA,50.244988864142535,15.946547884187082,NA,0.044543429844097995,NA,NA,NA,NA,NA,NA,0.9799554565701559,NA,NA,NA,NA,NA,NA,NA,2.0044543429844097
32073,2001,32,Ourense,73,Rubiá,1588,984,604,2,9,973,982,61.96473551637279,NA,NA,NA,2,160,NA,NA,NA,NA,NA,NA,NA,NA,NA,NA,NA,NA,8,NA,NA,5,NA,NA,4,NA,2,NA,NA,NA,NA,NA,NA,NA,NA,NA,NA,NA,0,NA,NA,NA,491,301,NA,NA,NA,NA,NA,NA,NA,0,NA,NA,NA,NA,NA,NA,NA,NA,NA,NA,NA,NA,0.20366598778004072,16.293279022403258,NA,NA,NA,NA,NA,NA,NA,NA,NA,NA,NA,NA,0.8146639511201629,NA,NA,0.5091649694501018,NA,NA,0.40733197556008144,NA,0.20366598778004072,NA,NA,NA,NA,NA,NA,NA,NA,NA,NA,NA,0,NA,NA,NA,50,30.65173116089613,NA,NA,NA,NA,NA,NA,NA,0,NA,NA,NA,NA,NA,NA,NA,NA,NA
32073,2005,32,Ourense,73,Rubiá,1503,1185,318,0,7,1178,1185,78.84231536926147,NA,NA,NA,1,90,NA,NA,NA,NA,0,NA,NA,NA,NA,NA,NA,0,NA,NA,NA,NA,NA,NA,3,0,0,NA,NA,NA,NA,NA,NA,0,NA,NA,NA,NA,2,NA,NA,NA,639,443,NA,NA,NA,NA,NA,NA,NA,NA,NA,NA,NA,NA,NA,NA,NA,NA,NA,NA,NA,NA,0.08438818565400844,7.59493670886076,NA,NA,NA,NA,0,NA,NA,NA,NA,NA,NA,0,NA,NA,NA,NA,NA,NA,0.25316455696202533,0,0,NA,NA,NA,NA,NA,NA,0,NA,NA,NA,NA,0.16877637130801687,NA,NA,NA,53.92405063291139,37.383966244725734,NA,NA,NA,NA,NA,NA,NA,NA,NA,NA,NA,NA,NA,NA,NA,NA,NA
32073,2009,32,Ourense,73,Rubiá,1427,1174,253,1,7,1166,1173,82.27049754730203,NA,NA,NA,NA,90,NA,NA,NA,NA,NA,NA,NA,NA,NA,NA,NA,0,NA,NA,NA,NA,NA,NA,0,0,0,NA,0,NA,NA,NA,NA,0,NA,NA,NA,NA,0,NA,NA,NA,665,409,NA,1,NA,NA,NA,NA,NA,NA,NA,0,NA,0,NA,NA,1,NA,NA,NA,NA,NA,NA,7.672634271099745,NA,NA,NA,NA,NA,NA,NA,NA,NA,NA,NA,0,NA,NA,NA,NA,NA,NA,0,0,0,NA,0,NA,NA,NA,NA,0,NA,NA,NA,NA,0,NA,NA,NA,56.692242114237004,34.86786018755328,NA,0.08525149190110827,NA,NA,NA,NA,NA,NA,NA,0,NA,0,NA,NA,0.08525149190110827,NA,NA
32073,2012,32,Ourense,73,Rubiá,1390,965,425,21,14,930,944,69.42446043165468,0,33,NA,NA,47,NA,0,NA,0,NA,NA,NA,NA,9,0,NA,0,NA,5,NA,NA,NA,NA,NA,1,NA,NA,NA,0,NA,NA,NA,NA,NA,0,NA,0,0,4,NA,NA,491,323,1,0,0,NA,NA,0,11,0,NA,NA,0,NA,NA,0,5,NA,NA,0,3.4957627118644066,NA,NA,4.978813559322034,NA,0,NA,0,NA,NA,NA,NA,0.9533898305084746,0,NA,0,NA,0.5296610169491525,NA,NA,NA,NA,NA,0.1059322033898305,NA,NA,NA,0,NA,NA,NA,NA,NA,0,NA,0,0,0.423728813559322,NA,NA,52.01271186440678,34.21610169491525,0.1059322033898305,0,0,NA,NA,0,1.1652542372881356,0,NA,NA,0,NA,NA,0,0.5296610169491525,NA,NA
32073,2016,32,Ourense,73,Rubiá,1313,885,428,7,3,875,878,67.40289413556741,0,NA,0,NA,NA,33,0,0,NA,NA,NA,NA,12,1,NA,NA,5,NA,0,NA,NA,105,NA,NA,NA,NA,2,NA,NA,NA,NA,NA,NA,0,4,0,2,NA,NA,NA,NA,495,212,NA,NA,NA,4,NA,NA,NA,NA,NA,NA,NA,NA,0,NA,NA,0,NA,0,NA,0,NA,NA,3.758542141230068,0,0,NA,NA,NA,NA,1.366742596810934,0.11389521640091116,NA,NA,0.5694760820045558,NA,0,NA,NA,11.958997722095672,NA,NA,NA,NA,0.22779043280182232,NA,NA,NA,NA,NA,NA,0,0.45558086560364464,0,0.22779043280182232,NA,NA,NA,NA,56.37813211845103,24.145785876993166,NA,NA,NA,0.45558086560364464,NA,NA,NA,NA,NA,NA,NA,NA,0,NA,NA,0,NA
32073,2020,32,Ourense,73,Rubiá,1246,788,458,8,2,778,780,63.242375601926156,NA,NA,NA,NA,65,NA,NA,NA,NA,NA,1246,0,1,NA,NA,NA,NA,NA,0,NA,NA,0,NA,NA,NA,NA,NA,NA,NA,NA,NA,NA,NA,NA,0,NA,0,NA,NA,NA,38,424,226,NA,0,NA,NA,1,NA,NA,NA,NA,NA,NA,NA,NA,NA,NA,NA,23,NA,NA,NA,NA,8.333333333333332,NA,NA,NA,NA,NA,159.74358974358975,0,0.1282051282051282,NA,NA,NA,NA,NA,0,NA,NA,0,NA,NA,NA,NA,NA,NA,NA,NA,NA,NA,NA,NA,0,NA,0,NA,NA,NA,4.871794871794872,54.35897435897436,28.974358974358978,NA,0,NA,NA,0.1282051282051282,NA,NA,NA,NA,NA,NA,NA,NA,NA,NA,NA,2.9487179487179485
32073,2024,32,Ourense,73,Rubiá,1233,853,380,7,5,841,846,69.18085969180859,NA,NA,NA,NA,144,NA,NA,NA,NA,NA,1233,NA,NA,NA,NA,NA,13,NA,0,0,NA,NA,NA,NA,NA,NA,NA,NA,NA,NA,NA,NA,NA,NA,0,NA,NA,NA,NA,4,NA,460,192,NA,2,NA,NA,NA,NA,NA,NA,9,NA,NA,NA,NA,NA,NA,NA,17,NA,NA,NA,NA,17.02127659574468,NA,NA,NA,NA,NA,145.74468085106383,NA,NA,NA,NA,NA,1.5366430260047281,NA,0,0,NA,NA,NA,NA,NA,NA,NA,NA,NA,NA,NA,NA,NA,NA,0,NA,NA,NA,NA,0.4728132387706856,NA,54.37352245862884,22.69503546099291,NA,0.2364066193853428,NA,NA,NA,NA,NA,NA,1.0638297872340425,NA,NA,NA,NA,NA,NA,NA,2.0094562647754137
32074,2001,32,Ourense,74,San amaro,1335,959,376,5,9,945,954,71.83520599250937,NA,NA,NA,3,139,NA,NA,NA,NA,NA,NA,NA,NA,NA,NA,NA,NA,1,NA,NA,1,NA,NA,0,NA,1,NA,NA,NA,NA,NA,NA,NA,NA,NA,NA,NA,0,NA,NA,NA,618,182,NA,NA,NA,NA,NA,NA,NA,0,NA,NA,NA,NA,NA,NA,NA,NA,NA,NA,NA,NA,0.3144654088050315,14.570230607966456,NA,NA,NA,NA,NA,NA,NA,NA,NA,NA,NA,NA,0.10482180293501049,NA,NA,0.10482180293501049,NA,NA,0,NA,0.10482180293501049,NA,NA,NA,NA,NA,NA,NA,NA,NA,NA,NA,0,NA,NA,NA,64.77987421383648,19.07756813417191,NA,NA,NA,NA,NA,NA,NA,0,NA,NA,NA,NA,NA,NA,NA,NA,NA
32074,2005,32,Ourense,74,San amaro,1257,998,259,0,5,993,998,79.39538583929992,NA,NA,NA,3,89,NA,NA,NA,NA,1,NA,NA,NA,NA,NA,NA,0,NA,NA,NA,NA,NA,NA,0,0,0,NA,NA,NA,NA,NA,NA,0,NA,NA,NA,NA,0,NA,NA,NA,607,293,NA,NA,NA,NA,NA,NA,NA,NA,NA,NA,NA,NA,NA,NA,NA,NA,NA,NA,NA,NA,0.30060120240480964,8.917835671342687,NA,NA,NA,NA,0.1002004008016032,NA,NA,NA,NA,NA,NA,0,NA,NA,NA,NA,NA,NA,0,0,0,NA,NA,NA,NA,NA,NA,0,NA,NA,NA,NA,0,NA,NA,NA,60.82164328657315,29.358717434869742,NA,NA,NA,NA,NA,NA,NA,NA,NA,NA,NA,NA,NA,NA,NA,NA,NA
32074,2009,32,Ourense,74,San amaro,1226,959,267,9,8,942,950,78.22185970636215,NA,NA,NA,NA,99,NA,NA,NA,NA,NA,NA,NA,NA,NA,NA,NA,0,NA,NA,NA,NA,NA,NA,4,0,2,NA,0,NA,NA,NA,NA,0,NA,NA,NA,NA,0,NA,NA,NA,510,321,NA,0,NA,NA,NA,NA,NA,NA,NA,0,NA,0,NA,NA,6,NA,NA,NA,NA,NA,NA,10.421052631578947,NA,NA,NA,NA,NA,NA,NA,NA,NA,NA,NA,0,NA,NA,NA,NA,NA,NA,0.42105263157894735,0,0.21052631578947367,NA,0,NA,NA,NA,NA,0,NA,NA,NA,NA,0,NA,NA,NA,53.68421052631579,33.78947368421053,NA,0,NA,NA,NA,NA,NA,NA,NA,0,NA,0,NA,NA,0.631578947368421,NA,NA
32074,2012,32,Ourense,74,San Amaro,1136,816,320,16,10,790,800,71.83098591549296,0,30,NA,NA,27,NA,0,NA,1,NA,NA,NA,NA,0,0,NA,3,NA,1,NA,NA,NA,NA,NA,1,NA,NA,NA,0,NA,NA,NA,NA,NA,2,NA,0,0,0,NA,NA,480,230,1,1,0,NA,NA,0,9,0,NA,NA,0,NA,NA,0,4,NA,NA,0,3.75,NA,NA,3.375,NA,0,NA,0.125,NA,NA,NA,NA,0,0,NA,0.375,NA,0.125,NA,NA,NA,NA,NA,0.125,NA,NA,NA,0,NA,NA,NA,NA,NA,0.25,NA,0,0,0,NA,NA,60,28.749999999999996,0.125,0.125,0,NA,NA,0,1.125,0,NA,NA,0,NA,NA,0,0.5,NA,NA
32074,2016,32,Ourense,74,San Amaro,1033,682,351,7,3,672,675,66.02129719264279,0,NA,0,NA,NA,21,0,0,NA,NA,NA,NA,15,3,NA,NA,19,NA,0,NA,NA,61,NA,NA,NA,NA,0,NA,NA,NA,NA,NA,NA,0,10,0,0,NA,NA,NA,NA,420,122,NA,NA,NA,1,NA,NA,NA,NA,NA,NA,NA,NA,0,NA,NA,0,NA,0,NA,0,NA,NA,3.111111111111111,0,0,NA,NA,NA,NA,2.2222222222222223,0.4444444444444444,NA,NA,2.814814814814815,NA,0,NA,NA,9.037037037037036,NA,NA,NA,NA,0,NA,NA,NA,NA,NA,NA,0,1.4814814814814816,0,0,NA,NA,NA,NA,62.22222222222222,18.074074074074073,NA,NA,NA,0.14814814814814814,NA,NA,NA,NA,NA,NA,NA,NA,0,NA,NA,0,NA
32074,2020,32,Ourense,74,San Amaro,955,611,344,2,1,608,609,63.97905759162303,NA,NA,NA,NA,64,NA,NA,NA,NA,NA,955,0,6,NA,NA,NA,NA,NA,0,NA,NA,1,NA,NA,NA,NA,NA,NA,NA,NA,NA,NA,NA,NA,3,NA,1,NA,NA,NA,10,337,154,NA,0,NA,NA,21,NA,NA,NA,NA,NA,NA,NA,NA,NA,NA,NA,11,NA,NA,NA,NA,10.50903119868637,NA,NA,NA,NA,NA,156.8144499178982,0,0.9852216748768473,NA,NA,NA,NA,NA,0,NA,NA,0.16420361247947454,NA,NA,NA,NA,NA,NA,NA,NA,NA,NA,NA,NA,0.49261083743842365,NA,0.16420361247947454,NA,NA,NA,1.6420361247947455,55.33661740558292,25.287356321839084,NA,0,NA,NA,3.4482758620689653,NA,NA,NA,NA,NA,NA,NA,NA,NA,NA,NA,1.8062397372742198
32074,2024,32,Ourense,74,San Amaro,938,682,256,4,1,677,678,72.70788912579957,NA,NA,NA,NA,118,NA,NA,NA,NA,NA,938,NA,NA,NA,NA,NA,21,NA,0,8,NA,NA,NA,NA,NA,NA,NA,NA,NA,NA,NA,NA,NA,NA,3,NA,NA,NA,NA,0,NA,435,73,NA,0,NA,NA,NA,NA,NA,NA,1,NA,NA,NA,NA,NA,NA,NA,18,NA,NA,NA,NA,17.404129793510325,NA,NA,NA,NA,NA,138.3480825958702,NA,NA,NA,NA,NA,3.0973451327433628,NA,0,1.1799410029498525,NA,NA,NA,NA,NA,NA,NA,NA,NA,NA,NA,NA,NA,NA,0.4424778761061947,NA,NA,NA,NA,0,NA,64.15929203539822,10.766961651917404,NA,0,NA,NA,NA,NA,NA,NA,0.14749262536873156,NA,NA,NA,NA,NA,NA,NA,2.6548672566371683
32075,2001,32,Ourense,75,San Cibrao das Viñas,3174,2427,747,23,27,2377,2404,76.46502835538752,NA,NA,NA,2,453,NA,NA,NA,NA,NA,NA,NA,NA,NA,NA,NA,NA,6,NA,NA,2,NA,NA,3,NA,1,NA,NA,NA,NA,NA,NA,NA,NA,NA,NA,NA,4,NA,NA,NA,1506,400,NA,NA,NA,NA,NA,NA,NA,0,NA,NA,NA,NA,NA,NA,NA,NA,NA,NA,NA,NA,0.08319467554076539,18.84359400998336,NA,NA,NA,NA,NA,NA,NA,NA,NA,NA,NA,NA,0.24958402662229617,NA,NA,0.08319467554076539,NA,NA,0.12479201331114809,NA,0.04159733777038269,NA,NA,NA,NA,NA,NA,NA,NA,NA,NA,NA,0.16638935108153077,NA,NA,NA,62.64559068219634,16.638935108153078,NA,NA,NA,NA,NA,NA,NA,0,NA,NA,NA,NA,NA,NA,NA,NA,NA
32075,2005,32,Ourense,75,San Cibrao das Viñas,3412,2650,762,26,20,2604,2624,77.66705744431418,NA,NA,NA,2,401,NA,NA,NA,NA,4,NA,NA,NA,NA,NA,NA,2,NA,NA,NA,NA,NA,NA,3,0,0,NA,NA,NA,NA,NA,NA,2,NA,NA,NA,NA,1,NA,NA,NA,1494,695,NA,NA,NA,NA,NA,NA,NA,NA,NA,NA,NA,NA,NA,NA,NA,NA,NA,NA,NA,NA,0.07621951219512195,15.282012195121952,NA,NA,NA,NA,0.1524390243902439,NA,NA,NA,NA,NA,NA,0.07621951219512195,NA,NA,NA,NA,NA,NA,0.11432926829268292,0,0,NA,NA,NA,NA,NA,NA,0.07621951219512195,NA,NA,NA,NA,0.038109756097560975,NA,NA,NA,56.9359756097561,26.48628048780488,NA,NA,NA,NA,NA,NA,NA,NA,NA,NA,NA,NA,NA,NA,NA,NA,NA
32075,2009,32,Ourense,75,San Cibrao das Viñas,3604,2861,743,25,25,2811,2836,79.38401775804661,NA,NA,NA,NA,347,NA,NA,NA,NA,NA,NA,NA,NA,NA,NA,NA,19,NA,NA,NA,NA,NA,NA,4,0,1,NA,3,NA,NA,NA,NA,0,NA,NA,NA,NA,0,NA,NA,NA,1613,787,NA,10,NA,NA,NA,NA,NA,NA,NA,3,NA,0,NA,NA,24,NA,NA,NA,NA,NA,NA,12.235543018335685,NA,NA,NA,NA,NA,NA,NA,NA,NA,NA,NA,0.6699576868829337,NA,NA,NA,NA,NA,NA,0.14104372355430184,0,0.03526093088857546,NA,0.10578279266572638,NA,NA,NA,NA,0,NA,NA,NA,NA,0,NA,NA,NA,56.87588152327221,27.750352609308887,NA,0.3526093088857546,NA,NA,NA,NA,NA,NA,NA,0.10578279266572638,NA,0,NA,NA,0.846262341325811,NA,NA
32075,2012,32,Ourense,75,San Cibrao das Viñas,3929,2781,1148,110,57,2614,2671,70.7813693051667,0,167,NA,NA,168,NA,0,NA,1,NA,NA,NA,NA,17,0,NA,96,NA,39,NA,NA,NA,NA,NA,4,NA,NA,NA,0,NA,NA,NA,NA,NA,8,NA,0,0,3,NA,NA,1477,542,4,7,0,NA,NA,0,62,0,NA,NA,0,NA,NA,0,19,NA,NA,0,6.252339947585174,NA,NA,6.28977910894796,NA,0,NA,0.037439161362785474,NA,NA,NA,NA,0.636465743167353,0,NA,3.5941594908274053,NA,1.4601272931486335,NA,NA,NA,NA,NA,0.1497566454511419,NA,NA,NA,0,NA,NA,NA,NA,NA,0.2995132909022838,NA,0,0,0.11231748408835641,NA,NA,55.29764133283415,20.292025458629727,0.1497566454511419,0.2620741295394983,0,NA,NA,0,2.3212280044926996,0,NA,NA,0,NA,NA,0,0.711344065892924,NA,NA
32075,2016,32,Ourense,75,San Cibrao das Viñas,4226,3097,1129,29,25,3043,3068,73.28442972077615,0,NA,0,NA,NA,83,0,0,NA,NA,NA,NA,94,4,NA,NA,180,NA,0,NA,NA,334,NA,NA,NA,NA,3,NA,NA,NA,NA,NA,NA,0,26,6,1,NA,NA,NA,NA,1885,421,NA,NA,NA,4,NA,NA,NA,NA,NA,NA,NA,NA,0,NA,NA,2,NA,0,NA,0,NA,NA,2.7053455019556716,0,0,NA,NA,NA,NA,3.0638852672750976,0.1303780964797914,NA,NA,5.867014341590613,NA,0,NA,NA,10.886571056062582,NA,NA,NA,NA,0.09778357235984356,NA,NA,NA,NA,NA,NA,0,0.847457627118644,0.1955671447196871,0.03259452411994785,NA,NA,NA,NA,61.440677966101696,13.722294654498043,NA,NA,NA,0.1303780964797914,NA,NA,NA,NA,NA,NA,NA,NA,0,NA,NA,0.0651890482398957,NA
32075,2020,32,Ourense,75,San Cibrao das Viñas,4351,2984,1367,39,19,2926,2945,68.58193518731326,NA,NA,NA,NA,441,NA,NA,NA,NA,NA,4351,3,22,NA,NA,NA,NA,NA,3,NA,NA,3,NA,NA,NA,NA,NA,NA,NA,NA,NA,NA,NA,NA,7,NA,0,NA,NA,NA,64,1898,427,NA,3,NA,NA,1,NA,NA,NA,NA,NA,NA,NA,NA,NA,NA,NA,54,NA,NA,NA,NA,14.97453310696095,NA,NA,NA,NA,NA,147.74193548387098,0.10186757215619693,0.7470288624787775,NA,NA,NA,NA,NA,0.10186757215619693,NA,NA,0.10186757215619693,NA,NA,NA,NA,NA,NA,NA,NA,NA,NA,NA,NA,0.23769100169779284,NA,0,NA,NA,NA,2.173174872665535,64.44821731748726,14.499151103565367,NA,0.10186757215619693,NA,NA,0.03395585738539898,NA,NA,NA,NA,NA,NA,NA,NA,NA,NA,NA,1.833616298811545
32075,2024,32,Ourense,75,San Cibrao das Viñas,4563,3464,1099,31,19,3414,3433,75.91496822266053,NA,NA,NA,NA,682,NA,NA,NA,NA,NA,4563,NA,NA,NA,NA,NA,316,NA,0,1,NA,NA,NA,NA,NA,NA,NA,NA,NA,NA,NA,NA,NA,NA,4,NA,NA,NA,NA,6,NA,2027,299,NA,2,NA,NA,NA,NA,NA,NA,13,NA,NA,NA,NA,NA,NA,NA,64,NA,NA,NA,NA,19.866006408389165,NA,NA,NA,NA,NA,132.9158170696184,NA,NA,NA,NA,NA,9.204777162831343,NA,0,0.029129041654529564,NA,NA,NA,NA,NA,NA,NA,NA,NA,NA,NA,NA,NA,NA,0.11651616661811826,NA,NA,NA,NA,0.17477424992717738,NA,59.04456743373143,8.70958345470434,NA,0.05825808330905913,NA,NA,NA,NA,NA,NA,0.37867754150888433,NA,NA,NA,NA,NA,NA,NA,1.864258665889892
32076,2001,32,Ourense,76,San Cristovo de Cea,2823,2128,695,7,16,2105,2121,75.38080056677293,NA,NA,NA,3,479,NA,NA,NA,NA,NA,NA,NA,NA,NA,NA,NA,NA,5,NA,NA,3,NA,NA,7,NA,3,NA,NA,NA,NA,NA,NA,NA,NA,NA,NA,NA,1,NA,NA,NA,1426,178,NA,NA,NA,NA,NA,NA,NA,0,NA,NA,NA,NA,NA,NA,NA,NA,NA,NA,NA,NA,0.14144271570014144,22.583686940122583,NA,NA,NA,NA,NA,NA,NA,NA,NA,NA,NA,NA,0.23573785950023576,NA,NA,0.14144271570014144,NA,NA,0.33003300330033003,NA,0.14144271570014144,NA,NA,NA,NA,NA,NA,NA,NA,NA,NA,NA,0.04714757190004715,NA,NA,NA,67.23243752946723,8.392267798208392,NA,NA,NA,NA,NA,NA,NA,0,NA,NA,NA,NA,NA,NA,NA,NA,NA
32076,2005,32,Ourense,76,San Cristovo de Cea,2639,2033,606,8,13,2012,2025,77.03675634710117,NA,NA,NA,1,378,NA,NA,NA,NA,1,NA,NA,NA,NA,NA,NA,0,NA,NA,NA,NA,NA,NA,1,4,2,NA,NA,NA,NA,NA,NA,1,NA,NA,NA,NA,1,NA,NA,NA,1292,331,NA,NA,NA,NA,NA,NA,NA,NA,NA,NA,NA,NA,NA,NA,NA,NA,NA,NA,NA,NA,0.04938271604938272,18.666666666666668,NA,NA,NA,NA,0.04938271604938272,NA,NA,NA,NA,NA,NA,0,NA,NA,NA,NA,NA,NA,0.04938271604938272,0.19753086419753088,0.09876543209876544,NA,NA,NA,NA,NA,NA,0.04938271604938272,NA,NA,NA,NA,0.04938271604938272,NA,NA,NA,63.80246913580246,16.34567901234568,NA,NA,NA,NA,NA,NA,NA,NA,NA,NA,NA,NA,NA,NA,NA,NA,NA
32076,2009,32,Ourense,76,San Cristovo de Cea,2457,2020,437,7,18,1995,2013,82.21408221408223,NA,NA,NA,NA,249,NA,NA,NA,NA,NA,NA,NA,NA,NA,NA,NA,4,NA,NA,NA,NA,NA,NA,5,2,1,NA,0,NA,NA,NA,NA,0,NA,NA,NA,NA,1,NA,NA,NA,1227,490,NA,2,NA,NA,NA,NA,NA,NA,NA,7,NA,0,NA,NA,7,NA,NA,NA,NA,NA,NA,12.369597615499254,NA,NA,NA,NA,NA,NA,NA,NA,NA,NA,NA,0.19870839542970692,NA,NA,NA,NA,NA,NA,0.24838549428713363,0.09935419771485346,0.04967709885742673,NA,0,NA,NA,NA,NA,0,NA,NA,NA,NA,0.04967709885742673,NA,NA,NA,60.95380029806259,24.341778440139095,NA,0.09935419771485346,NA,NA,NA,NA,NA,NA,NA,0.34773969200198707,NA,0,NA,NA,0.34773969200198707,NA,NA
32076,2012,32,Ourense,76,San Cristovo de Cea,2289,1699,590,37,30,1632,1662,74.22455220620358,0,45,NA,NA,121,NA,0,NA,1,NA,NA,NA,NA,9,0,NA,13,NA,6,NA,NA,NA,NA,NA,1,NA,NA,NA,0,NA,NA,NA,NA,NA,1,NA,0,0,1,NA,NA,1053,365,0,1,0,NA,NA,0,10,0,NA,NA,1,NA,NA,0,4,NA,NA,0,2.707581227436823,NA,NA,7.280385078219013,NA,0,NA,0.060168471720818295,NA,NA,NA,NA,0.5415162454873645,0,NA,0.7821901323706378,NA,0.36101083032490977,NA,NA,NA,NA,NA,0.060168471720818295,NA,NA,NA,0,NA,NA,NA,NA,NA,0.060168471720818295,NA,0,0,0.060168471720818295,NA,NA,63.35740072202166,21.961492178098677,0,0.060168471720818295,0,NA,NA,0,0.601684717208183,0,NA,NA,0.060168471720818295,NA,NA,0,0.24067388688327318,NA,NA
32076,2016,32,Ourense,76,San Cristovo de Cea,2082,1461,621,6,16,1439,1455,70.17291066282421,0,NA,0,NA,NA,140,0,0,NA,NA,NA,NA,23,16,NA,NA,25,NA,0,NA,NA,85,NA,NA,NA,NA,2,NA,NA,NA,NA,NA,NA,0,5,3,0,NA,NA,NA,NA,954,183,NA,NA,NA,3,NA,NA,NA,NA,NA,NA,NA,NA,0,NA,NA,0,NA,0,NA,0,NA,NA,9.621993127147768,0,0,NA,NA,NA,NA,1.5807560137457044,1.0996563573883162,NA,NA,1.718213058419244,NA,0,NA,NA,5.841924398625429,NA,NA,NA,NA,0.13745704467353953,NA,NA,NA,NA,NA,NA,0,0.3436426116838488,0.2061855670103093,0,NA,NA,NA,NA,65.56701030927834,12.577319587628866,NA,NA,NA,0.2061855670103093,NA,NA,NA,NA,NA,NA,NA,NA,0,NA,NA,0,NA
32076,2020,32,Ourense,76,San Cristovo de Cea,1921,1348,573,15,7,1326,1333,70.17178552837065,NA,NA,NA,NA,169,NA,NA,NA,NA,NA,1921,0,5,NA,NA,NA,NA,NA,0,NA,NA,0,NA,NA,NA,NA,NA,NA,NA,NA,NA,NA,NA,NA,0,NA,0,NA,NA,NA,9,946,150,NA,0,NA,NA,30,NA,NA,NA,NA,NA,NA,NA,NA,NA,NA,NA,17,NA,NA,NA,NA,12.678169542385595,NA,NA,NA,NA,NA,144.11102775693922,0,0.3750937734433608,NA,NA,NA,NA,NA,0,NA,NA,0,NA,NA,NA,NA,NA,NA,NA,NA,NA,NA,NA,NA,0,NA,0,NA,NA,NA,0.6751687921980495,70.96774193548387,11.252813203300825,NA,0,NA,NA,2.250562640660165,NA,NA,NA,NA,NA,NA,NA,NA,NA,NA,NA,1.275318829707427
32076,2024,32,Ourense,76,San Cristovo de Cea,1831,1386,445,10,5,1371,1376,75.69634079737848,NA,NA,NA,NA,269,NA,NA,NA,NA,NA,1831,NA,NA,NA,NA,NA,60,NA,0,25,NA,NA,NA,NA,NA,NA,NA,NA,NA,NA,NA,NA,NA,NA,1,NA,NA,NA,NA,0,NA,897,95,NA,0,NA,NA,NA,NA,NA,NA,3,NA,NA,NA,NA,NA,NA,NA,21,NA,NA,NA,NA,19.549418604651162,NA,NA,NA,NA,NA,133.0668604651163,NA,NA,NA,NA,NA,4.3604651162790695,NA,0,1.8168604651162792,NA,NA,NA,NA,NA,NA,NA,NA,NA,NA,NA,NA,NA,NA,0.07267441860465117,NA,NA,NA,NA,0,NA,65.18895348837209,6.90406976744186,NA,0,NA,NA,NA,NA,NA,NA,0.2180232558139535,NA,NA,NA,NA,NA,NA,NA,1.5261627906976742
32077,2001,32,Ourense,77,Sandiás,1532,1169,363,4,5,1160,1165,76.30548302872062,NA,NA,NA,3,190,NA,NA,NA,NA,NA,NA,NA,NA,NA,NA,NA,NA,12,NA,NA,0,NA,NA,5,NA,1,NA,NA,NA,NA,NA,NA,NA,NA,NA,NA,NA,1,NA,NA,NA,747,201,NA,NA,NA,NA,NA,NA,NA,0,NA,NA,NA,NA,NA,NA,NA,NA,NA,NA,NA,NA,0.2575107296137339,16.30901287553648,NA,NA,NA,NA,NA,NA,NA,NA,NA,NA,NA,NA,1.0300429184549356,NA,NA,0,NA,NA,0.4291845493562232,NA,0.08583690987124463,NA,NA,NA,NA,NA,NA,NA,NA,NA,NA,NA,0.08583690987124463,NA,NA,NA,64.12017167381975,17.253218884120173,NA,NA,NA,NA,NA,NA,NA,0,NA,NA,NA,NA,NA,NA,NA,NA,NA
32077,2005,32,Ourense,77,Sandiás,1431,1175,256,6,9,1160,1169,82.11041229909154,NA,NA,NA,0,160,NA,NA,NA,NA,0,NA,NA,NA,NA,NA,NA,0,NA,NA,NA,NA,NA,NA,3,1,0,NA,NA,NA,NA,NA,NA,0,NA,NA,NA,NA,1,NA,NA,NA,675,320,NA,NA,NA,NA,NA,NA,NA,NA,NA,NA,NA,NA,NA,NA,NA,NA,NA,NA,NA,NA,0,13.686911890504705,NA,NA,NA,NA,0,NA,NA,NA,NA,NA,NA,0,NA,NA,NA,NA,NA,NA,0.2566295979469632,0.0855431993156544,0,NA,NA,NA,NA,NA,NA,0,NA,NA,NA,NA,0.0855431993156544,NA,NA,NA,57.74165953806673,27.37382378100941,NA,NA,NA,NA,NA,NA,NA,NA,NA,NA,NA,NA,NA,NA,NA,NA,NA
32077,2009,32,Ourense,77,Sandiás,1350,1131,219,6,12,1113,1125,83.77777777777777,NA,NA,NA,NA,153,NA,NA,NA,NA,NA,NA,NA,NA,NA,NA,NA,0,NA,NA,NA,NA,NA,NA,6,0,2,NA,1,NA,NA,NA,NA,1,NA,NA,NA,NA,0,NA,NA,NA,591,355,NA,0,NA,NA,NA,NA,NA,NA,NA,0,NA,0,NA,NA,4,NA,NA,NA,NA,NA,NA,13.600000000000001,NA,NA,NA,NA,NA,NA,NA,NA,NA,NA,NA,0,NA,NA,NA,NA,NA,NA,0.5333333333333333,0,0.17777777777777778,NA,0.08888888888888889,NA,NA,NA,NA,0.08888888888888889,NA,NA,NA,NA,0,NA,NA,NA,52.53333333333333,31.555555555555554,NA,0,NA,NA,NA,NA,NA,NA,NA,0,NA,0,NA,NA,0.35555555555555557,NA,NA
32077,2012,32,Ourense,77,Sandiás,1222,916,306,20,17,879,896,74.95908346972176,0,33,NA,NA,54,NA,0,NA,2,NA,NA,NA,NA,19,0,NA,3,NA,1,NA,NA,NA,NA,NA,1,NA,NA,NA,0,NA,NA,NA,NA,NA,3,NA,0,0,2,NA,NA,501,246,2,0,2,NA,NA,0,8,0,NA,NA,0,NA,NA,0,2,NA,NA,0,3.6830357142857144,NA,NA,6.026785714285714,NA,0,NA,0.2232142857142857,NA,NA,NA,NA,2.1205357142857144,0,NA,0.33482142857142855,NA,0.11160714285714285,NA,NA,NA,NA,NA,0.11160714285714285,NA,NA,NA,0,NA,NA,NA,NA,NA,0.33482142857142855,NA,0,0,0.2232142857142857,NA,NA,55.91517857142857,27.455357142857146,0.2232142857142857,0,0.2232142857142857,NA,NA,0,0.8928571428571428,0,NA,NA,0,NA,NA,0,0.2232142857142857,NA,NA
32077,2016,32,Ourense,77,Sandiás,1162,742,420,4,11,727,738,63.85542168674698,0,NA,0,NA,NA,28,0,0,NA,NA,NA,NA,23,3,NA,NA,11,NA,0,NA,NA,87,NA,NA,NA,NA,1,NA,NA,NA,NA,NA,NA,0,4,1,2,NA,NA,NA,NA,400,167,NA,NA,NA,0,NA,NA,NA,NA,NA,NA,NA,NA,0,NA,NA,0,NA,0,NA,0,NA,NA,3.7940379403794036,0,0,NA,NA,NA,NA,3.116531165311653,0.40650406504065045,NA,NA,1.4905149051490514,NA,0,NA,NA,11.788617886178862,NA,NA,NA,NA,0.13550135501355012,NA,NA,NA,NA,NA,NA,0,0.5420054200542005,0.13550135501355012,0.27100271002710025,NA,NA,NA,NA,54.20054200542005,22.628726287262875,NA,NA,NA,0,NA,NA,NA,NA,NA,NA,NA,NA,0,NA,NA,0,NA
32077,2020,32,Ourense,77,Sandiás,1088,676,412,7,9,660,669,62.13235294117647,NA,NA,NA,NA,131,NA,NA,NA,NA,NA,1088,0,4,NA,NA,NA,NA,NA,1,NA,NA,0,NA,NA,NA,NA,NA,NA,NA,NA,NA,NA,NA,NA,5,NA,1,NA,NA,NA,6,345,148,NA,0,NA,NA,1,NA,NA,NA,NA,NA,NA,NA,NA,NA,NA,NA,18,NA,NA,NA,NA,19.581464872944693,NA,NA,NA,NA,NA,162.63079222720478,0,0.5979073243647235,NA,NA,NA,NA,NA,0.14947683109118087,NA,NA,0,NA,NA,NA,NA,NA,NA,NA,NA,NA,NA,NA,NA,0.7473841554559043,NA,0.14947683109118087,NA,NA,NA,0.8968609865470852,51.569506726457405,22.122571001494766,NA,0,NA,NA,0.14947683109118087,NA,NA,NA,NA,NA,NA,NA,NA,NA,NA,NA,2.690582959641256
32077,2024,32,Ourense,77,Sandiás,1019,706,313,0,4,702,706,69.28361138370953,NA,NA,NA,NA,165,NA,NA,NA,NA,NA,1019,NA,NA,NA,NA,NA,32,NA,0,0,NA,NA,NA,NA,NA,NA,NA,NA,NA,NA,NA,NA,NA,NA,2,NA,NA,NA,NA,1,NA,377,108,NA,0,NA,NA,NA,NA,NA,NA,2,NA,NA,NA,NA,NA,NA,NA,15,NA,NA,NA,NA,23.371104815864022,NA,NA,NA,NA,NA,144.33427762039662,NA,NA,NA,NA,NA,4.53257790368272,NA,0,0,NA,NA,NA,NA,NA,NA,NA,NA,NA,NA,NA,NA,NA,NA,0.28328611898017,NA,NA,NA,NA,0.141643059490085,NA,53.39943342776204,15.29745042492918,NA,0,NA,NA,NA,NA,NA,NA,0.28328611898017,NA,NA,NA,NA,NA,NA,NA,2.1246458923512748
32078,2001,32,Ourense,78,Sarreaus,1683,1229,454,5,7,1217,1224,73.02436125965538,NA,NA,NA,1,158,NA,NA,NA,NA,NA,NA,NA,NA,NA,NA,NA,NA,2,NA,NA,0,NA,NA,2,NA,0,NA,NA,NA,NA,NA,NA,NA,NA,NA,NA,NA,0,NA,NA,NA,959,95,NA,NA,NA,NA,NA,NA,NA,0,NA,NA,NA,NA,NA,NA,NA,NA,NA,NA,NA,NA,0.08169934640522876,12.908496732026146,NA,NA,NA,NA,NA,NA,NA,NA,NA,NA,NA,NA,0.16339869281045752,NA,NA,0,NA,NA,0.16339869281045752,NA,0,NA,NA,NA,NA,NA,NA,NA,NA,NA,NA,NA,0,NA,NA,NA,78.34967320261438,7.761437908496732,NA,NA,NA,NA,NA,NA,NA,0,NA,NA,NA,NA,NA,NA,NA,NA,NA
32078,2005,32,Ourense,78,Sarreaus,1616,1220,396,5,9,1206,1215,75.4950495049505,NA,NA,NA,0,144,NA,NA,NA,NA,0,NA,NA,NA,NA,NA,NA,0,NA,NA,NA,NA,NA,NA,1,0,0,NA,NA,NA,NA,NA,NA,2,NA,NA,NA,NA,0,NA,NA,NA,885,174,NA,NA,NA,NA,NA,NA,NA,NA,NA,NA,NA,NA,NA,NA,NA,NA,NA,NA,NA,NA,0,11.851851851851853,NA,NA,NA,NA,0,NA,NA,NA,NA,NA,NA,0,NA,NA,NA,NA,NA,NA,0.0823045267489712,0,0,NA,NA,NA,NA,NA,NA,0.1646090534979424,NA,NA,NA,NA,0,NA,NA,NA,72.8395061728395,14.320987654320987,NA,NA,NA,NA,NA,NA,NA,NA,NA,NA,NA,NA,NA,NA,NA,NA,NA
32078,2009,32,Ourense,78,Sarreaus,1469,1168,301,5,4,1159,1163,79.50987066031314,NA,NA,NA,NA,118,NA,NA,NA,NA,NA,NA,NA,NA,NA,NA,NA,0,NA,NA,NA,NA,NA,NA,3,0,0,NA,0,NA,NA,NA,NA,1,NA,NA,NA,NA,0,NA,NA,NA,800,235,NA,0,NA,NA,NA,NA,NA,NA,NA,0,NA,0,NA,NA,2,NA,NA,NA,NA,NA,NA,10.146173688736027,NA,NA,NA,NA,NA,NA,NA,NA,NA,NA,NA,0,NA,NA,NA,NA,NA,NA,0.2579535683576956,0,0,NA,0,NA,NA,NA,NA,0.08598452278589853,NA,NA,NA,NA,0,NA,NA,NA,68.78761822871883,20.206362854686155,NA,0,NA,NA,NA,NA,NA,NA,NA,0,NA,0,NA,NA,0.17196904557179707,NA,NA
32078,2012,32,Ourense,78,Sarreaus,1349,924,425,10,25,889,914,68.49518161601186,0,31,NA,NA,50,NA,0,NA,0,NA,NA,NA,NA,4,0,NA,2,NA,0,NA,NA,NA,NA,NA,0,NA,NA,NA,0,NA,NA,NA,NA,NA,0,NA,0,0,2,NA,NA,632,154,0,3,1,NA,NA,0,7,0,NA,NA,2,NA,NA,0,1,NA,NA,0,3.391684901531729,NA,NA,5.470459518599562,NA,0,NA,0,NA,NA,NA,NA,0.437636761487965,0,NA,0.2188183807439825,NA,0,NA,NA,NA,NA,NA,0,NA,NA,NA,0,NA,NA,NA,NA,NA,0,NA,0,0,0.2188183807439825,NA,NA,69.14660831509846,16.849015317286653,0,0.3282275711159737,0.10940919037199125,NA,NA,0,0.7658643326039387,0,NA,NA,0.2188183807439825,NA,NA,0,0.10940919037199125,NA,NA
32078,2016,32,Ourense,78,Sarreaus,1176,833,343,5,4,824,828,70.83333333333334,0,NA,0,NA,NA,34,0,0,NA,NA,NA,NA,24,3,NA,NA,4,NA,0,NA,NA,59,NA,NA,NA,NA,1,NA,NA,NA,NA,NA,NA,0,2,1,0,NA,NA,NA,NA,579,114,NA,NA,NA,2,NA,NA,NA,NA,NA,NA,NA,NA,0,NA,NA,1,NA,0,NA,0,NA,NA,4.1062801932367154,0,0,NA,NA,NA,NA,2.898550724637681,0.36231884057971014,NA,NA,0.4830917874396135,NA,0,NA,NA,7.125603864734299,NA,NA,NA,NA,0.12077294685990338,NA,NA,NA,NA,NA,NA,0,0.24154589371980675,0.12077294685990338,0,NA,NA,NA,NA,69.92753623188406,13.768115942028986,NA,NA,NA,0.24154589371980675,NA,NA,NA,NA,NA,NA,NA,NA,0,NA,NA,0.12077294685990338,NA
32078,2020,32,Ourense,78,Sarreaus,1084,714,370,4,8,702,710,65.86715867158671,NA,NA,NA,NA,87,NA,NA,NA,NA,NA,1084,0,4,NA,NA,NA,NA,NA,0,NA,NA,0,NA,NA,NA,NA,NA,NA,NA,NA,NA,NA,NA,NA,2,NA,0,NA,NA,NA,6,495,96,NA,0,NA,NA,2,NA,NA,NA,NA,NA,NA,NA,NA,NA,NA,NA,10,NA,NA,NA,NA,12.253521126760564,NA,NA,NA,NA,NA,152.67605633802816,0,0.5633802816901409,NA,NA,NA,NA,NA,0,NA,NA,0,NA,NA,NA,NA,NA,NA,NA,NA,NA,NA,NA,NA,0.28169014084507044,NA,0,NA,NA,NA,0.8450704225352111,69.71830985915493,13.521126760563378,NA,0,NA,NA,0.28169014084507044,NA,NA,NA,NA,NA,NA,NA,NA,NA,NA,NA,1.4084507042253522
32078,2024,32,Ourense,78,Sarreaus,1004,745,259,6,5,734,739,74.20318725099602,NA,NA,NA,NA,151,NA,NA,NA,NA,NA,1004,NA,NA,NA,NA,NA,11,NA,3,0,NA,NA,NA,NA,NA,NA,NA,NA,NA,NA,NA,NA,NA,NA,0,NA,NA,NA,NA,0,NA,491,67,NA,0,NA,NA,NA,NA,NA,NA,2,NA,NA,NA,NA,NA,NA,NA,9,NA,NA,NA,NA,20.43301759133965,NA,NA,NA,NA,NA,135.8592692828146,NA,NA,NA,NA,NA,1.4884979702300407,NA,0.40595399188092013,0,NA,NA,NA,NA,NA,NA,NA,NA,NA,NA,NA,NA,NA,NA,0,NA,NA,NA,NA,0,NA,66.44113667117728,9.066305818673884,NA,0,NA,NA,NA,NA,NA,NA,0.2706359945872801,NA,NA,NA,NA,NA,NA,NA,1.2178619756427604
32079,2001,32,Ourense,79,Taboadela,1521,1063,458,5,11,1047,1058,69.88823142669297,NA,NA,NA,4,185,NA,NA,NA,NA,NA,NA,NA,NA,NA,NA,NA,NA,2,NA,NA,1,NA,NA,1,NA,1,NA,NA,NA,NA,NA,NA,NA,NA,NA,NA,NA,0,NA,NA,NA,717,136,NA,NA,NA,NA,NA,NA,NA,0,NA,NA,NA,NA,NA,NA,NA,NA,NA,NA,NA,NA,0.3780718336483932,17.485822306238184,NA,NA,NA,NA,NA,NA,NA,NA,NA,NA,NA,NA,0.1890359168241966,NA,NA,0.0945179584120983,NA,NA,0.0945179584120983,NA,0.0945179584120983,NA,NA,NA,NA,NA,NA,NA,NA,NA,NA,NA,0,NA,NA,NA,67.76937618147448,12.854442344045369,NA,NA,NA,NA,NA,NA,NA,0,NA,NA,NA,NA,NA,NA,NA,NA,NA
32079,2005,32,Ourense,79,Taboadela,1501,1126,375,9,10,1107,1117,75.01665556295802,NA,NA,NA,2,187,NA,NA,NA,NA,2,NA,NA,NA,NA,NA,NA,0,NA,NA,NA,NA,NA,NA,1,1,2,NA,NA,NA,NA,NA,NA,0,NA,NA,NA,NA,0,NA,NA,NA,615,297,NA,NA,NA,NA,NA,NA,NA,NA,NA,NA,NA,NA,NA,NA,NA,NA,NA,NA,NA,NA,0.17905102954341987,16.74127126230976,NA,NA,NA,NA,0.17905102954341987,NA,NA,NA,NA,NA,NA,0,NA,NA,NA,NA,NA,NA,0.08952551477170993,0.08952551477170993,0.17905102954341987,NA,NA,NA,NA,NA,NA,0,NA,NA,NA,NA,0,NA,NA,NA,55.058191584601616,26.589077887197853,NA,NA,NA,NA,NA,NA,NA,NA,NA,NA,NA,NA,NA,NA,NA,NA,NA
32079,2009,32,Ourense,79,Taboadela,1503,1175,328,7,14,1154,1168,78.17697937458416,NA,NA,NA,NA,210,NA,NA,NA,NA,NA,NA,NA,NA,NA,NA,NA,5,NA,NA,NA,NA,NA,NA,2,0,0,NA,1,NA,NA,NA,NA,1,NA,NA,NA,NA,0,NA,NA,NA,617,311,NA,1,NA,NA,NA,NA,NA,NA,NA,0,NA,0,NA,NA,6,NA,NA,NA,NA,NA,NA,17.97945205479452,NA,NA,NA,NA,NA,NA,NA,NA,NA,NA,NA,0.4280821917808219,NA,NA,NA,NA,NA,NA,0.17123287671232876,0,0,NA,0.08561643835616438,NA,NA,NA,NA,0.08561643835616438,NA,NA,NA,NA,0,NA,NA,NA,52.82534246575342,26.62671232876712,NA,0.08561643835616438,NA,NA,NA,NA,NA,NA,NA,0,NA,0,NA,NA,0.5136986301369862,NA,NA
32079,2012,32,Ourense,79,Taboadela,1432,1000,432,20,22,958,980,69.83240223463687,0,49,NA,NA,63,NA,0,NA,2,NA,NA,NA,NA,79,0,NA,15,NA,12,NA,NA,NA,NA,NA,0,NA,NA,NA,0,NA,NA,NA,NA,NA,8,NA,0,0,1,NA,NA,463,236,3,2,0,NA,NA,0,18,0,NA,NA,0,NA,NA,0,7,NA,NA,0,5,NA,NA,6.428571428571428,NA,0,NA,0.20408163265306123,NA,NA,NA,NA,8.061224489795919,0,NA,1.530612244897959,NA,1.2244897959183674,NA,NA,NA,NA,NA,0,NA,NA,NA,0,NA,NA,NA,NA,NA,0.8163265306122449,NA,0,0,0.10204081632653061,NA,NA,47.244897959183675,24.081632653061224,0.30612244897959184,0.20408163265306123,0,NA,NA,0,1.8367346938775513,0,NA,NA,0,NA,NA,0,0.7142857142857143,NA,NA
32079,2016,32,Ourense,79,Taboadela,1328,918,410,11,9,898,907,69.12650602409639,0,NA,0,NA,NA,23,0,0,NA,NA,NA,NA,19,2,NA,NA,44,NA,0,NA,NA,111,NA,NA,NA,NA,0,NA,NA,NA,NA,NA,NA,0,4,0,0,NA,NA,NA,NA,508,181,NA,NA,NA,4,NA,NA,NA,NA,NA,NA,NA,NA,0,NA,NA,2,NA,0,NA,0,NA,NA,2.535832414553473,0,0,NA,NA,NA,NA,2.0948180815876514,0.2205071664829107,NA,NA,4.851157662624035,NA,0,NA,NA,12.238147739801542,NA,NA,NA,NA,0,NA,NA,NA,NA,NA,NA,0,0.4410143329658214,0,0,NA,NA,NA,NA,56.00882028665931,19.955898566703418,NA,NA,NA,0.4410143329658214,NA,NA,NA,NA,NA,NA,NA,NA,0,NA,NA,0.2205071664829107,NA
32079,2020,32,Ourense,79,Taboadela,1298,824,474,7,6,811,817,63.48228043143297,NA,NA,NA,NA,123,NA,NA,NA,NA,NA,1298,1,19,NA,NA,NA,NA,NA,0,NA,NA,1,NA,NA,NA,NA,NA,NA,NA,NA,NA,NA,NA,NA,0,NA,2,NA,NA,NA,19,438,197,NA,0,NA,NA,0,NA,NA,NA,NA,NA,NA,NA,NA,NA,NA,NA,11,NA,NA,NA,NA,15.055079559363524,NA,NA,NA,NA,NA,158.87392900856793,0.12239902080783352,2.3255813953488373,NA,NA,NA,NA,NA,0,NA,NA,0.12239902080783352,NA,NA,NA,NA,NA,NA,NA,NA,NA,NA,NA,NA,0,NA,0.24479804161566704,NA,NA,NA,2.3255813953488373,53.61077111383109,24.112607099143208,NA,0,NA,NA,0,NA,NA,NA,NA,NA,NA,NA,NA,NA,NA,NA,1.346389228886169
32079,2024,32,Ourense,79,Taboadela,1333,944,389,8,8,928,936,70.81770442610653,NA,NA,NA,NA,212,NA,NA,NA,NA,NA,1333,NA,NA,NA,NA,NA,90,NA,0,0,NA,NA,NA,NA,NA,NA,NA,NA,NA,NA,NA,NA,NA,NA,2,NA,NA,NA,NA,1,NA,459,148,NA,0,NA,NA,NA,NA,NA,NA,3,NA,NA,NA,NA,NA,NA,NA,13,NA,NA,NA,NA,22.64957264957265,NA,NA,NA,NA,NA,142.4145299145299,NA,NA,NA,NA,NA,9.615384615384617,NA,0,0,NA,NA,NA,NA,NA,NA,NA,NA,NA,NA,NA,NA,NA,NA,0.2136752136752137,NA,NA,NA,NA,0.10683760683760685,NA,49.03846153846153,15.81196581196581,NA,0,NA,NA,NA,NA,NA,NA,0.3205128205128205,NA,NA,NA,NA,NA,NA,NA,1.3888888888888888
32080,2001,32,Ourense,80,Teixeira (A),540,413,127,5,5,403,408,76.48148148148148,NA,NA,NA,2,28,NA,NA,NA,NA,NA,NA,NA,NA,NA,NA,NA,NA,3,NA,NA,0,NA,NA,0,NA,0,NA,NA,NA,NA,NA,NA,NA,NA,NA,NA,NA,0,NA,NA,NA,331,39,NA,NA,NA,NA,NA,NA,NA,0,NA,NA,NA,NA,NA,NA,NA,NA,NA,NA,NA,NA,0.49019607843137253,6.862745098039216,NA,NA,NA,NA,NA,NA,NA,NA,NA,NA,NA,NA,0.7352941176470588,NA,NA,0,NA,NA,0,NA,0,NA,NA,NA,NA,NA,NA,NA,NA,NA,NA,NA,0,NA,NA,NA,81.12745098039215,9.558823529411764,NA,NA,NA,NA,NA,NA,NA,0,NA,NA,NA,NA,NA,NA,NA,NA,NA
32080,2005,32,Ourense,80,Teixeira (A),501,397,104,0,2,395,397,79.24151696606786,NA,NA,NA,0,44,NA,NA,NA,NA,0,NA,NA,NA,NA,NA,NA,0,NA,NA,NA,NA,NA,NA,0,0,0,NA,NA,NA,NA,NA,NA,1,NA,NA,NA,NA,0,NA,NA,NA,289,61,NA,NA,NA,NA,NA,NA,NA,NA,NA,NA,NA,NA,NA,NA,NA,NA,NA,NA,NA,NA,0,11.083123425692696,NA,NA,NA,NA,0,NA,NA,NA,NA,NA,NA,0,NA,NA,NA,NA,NA,NA,0,0,0,NA,NA,NA,NA,NA,NA,0.2518891687657431,NA,NA,NA,NA,0,NA,NA,NA,72.79596977329975,15.365239294710328,NA,NA,NA,NA,NA,NA,NA,NA,NA,NA,NA,NA,NA,NA,NA,NA,NA
32080,2009,32,Ourense,80,Teixeira (A),448,347,101,5,1,341,342,77.45535714285714,NA,NA,NA,NA,24,NA,NA,NA,NA,NA,NA,NA,NA,NA,NA,NA,0,NA,NA,NA,NA,NA,NA,1,0,0,NA,0,NA,NA,NA,NA,0,NA,NA,NA,NA,0,NA,NA,NA,241,75,NA,0,NA,NA,NA,NA,NA,NA,NA,0,NA,0,NA,NA,0,NA,NA,NA,NA,NA,NA,7.017543859649122,NA,NA,NA,NA,NA,NA,NA,NA,NA,NA,NA,0,NA,NA,NA,NA,NA,NA,0.29239766081871343,0,0,NA,0,NA,NA,NA,NA,0,NA,NA,NA,NA,0,NA,NA,NA,70.46783625730994,21.929824561403507,NA,0,NA,NA,NA,NA,NA,NA,NA,0,NA,0,NA,NA,0,NA,NA
32080,2012,32,Ourense,80,Teixeira (A),375,280,95,6,3,271,274,74.66666666666667,0,16,NA,NA,5,NA,0,NA,0,NA,NA,NA,NA,1,0,NA,3,NA,1,NA,NA,NA,NA,NA,0,NA,NA,NA,0,NA,NA,NA,NA,NA,0,NA,0,0,0,NA,NA,195,47,0,0,0,NA,NA,0,1,0,NA,NA,0,NA,NA,0,2,NA,NA,0,5.839416058394161,NA,NA,1.824817518248175,NA,0,NA,0,NA,NA,NA,NA,0.36496350364963503,0,NA,1.094890510948905,NA,0.36496350364963503,NA,NA,NA,NA,NA,0,NA,NA,NA,0,NA,NA,NA,NA,NA,0,NA,0,0,0,NA,NA,71.16788321167883,17.153284671532848,0,0,0,NA,NA,0,0.36496350364963503,0,NA,NA,0,NA,NA,0,0.7299270072992701,NA,NA
32080,2016,32,Lugo,80,A Teixeira,322,241,81,1,0,240,240,74.84472049689441,0,NA,0,NA,NA,2,0,0,NA,NA,NA,NA,10,1,NA,NA,8,NA,0,NA,NA,19,NA,NA,NA,NA,0,NA,NA,NA,NA,NA,NA,0,0,0,0,NA,NA,NA,NA,176,24,NA,NA,NA,0,NA,NA,NA,NA,NA,NA,NA,NA,0,NA,NA,0,NA,0,NA,0,NA,NA,0.8333333333333334,0,0,NA,NA,NA,NA,4.166666666666666,0.4166666666666667,NA,NA,3.3333333333333335,NA,0,NA,NA,7.916666666666666,NA,NA,NA,NA,0,NA,NA,NA,NA,NA,NA,0,0,0,0,NA,NA,NA,NA,73.33333333333333,10,NA,NA,NA,0,NA,NA,NA,NA,NA,NA,NA,NA,0,NA,NA,0,NA
32080,2020,32,Ourense,80,A Teixeira,287,214,73,4,0,210,210,74.56445993031359,NA,NA,NA,NA,29,NA,NA,NA,NA,NA,287,0,1,NA,NA,NA,NA,NA,0,NA,NA,3,NA,NA,NA,NA,NA,NA,NA,NA,NA,NA,NA,NA,2,NA,0,NA,NA,NA,7,148,17,NA,0,NA,NA,0,NA,NA,NA,NA,NA,NA,NA,NA,NA,NA,NA,3,NA,NA,NA,NA,13.80952380952381,NA,NA,NA,NA,NA,136.66666666666666,0,0.4761904761904762,NA,NA,NA,NA,NA,0,NA,NA,1.4285714285714286,NA,NA,NA,NA,NA,NA,NA,NA,NA,NA,NA,NA,0.9523809523809524,NA,0,NA,NA,NA,3.3333333333333335,70.47619047619048,8.095238095238095,NA,0,NA,NA,0,NA,NA,NA,NA,NA,NA,NA,NA,NA,NA,NA,1.4285714285714286
32080,2024,32,Ourense,80,A Teixeira,303,230,73,2,2,226,228,75.9075907590759,NA,NA,NA,NA,79,NA,NA,NA,NA,NA,303,NA,NA,NA,NA,NA,10,NA,0,0,NA,NA,NA,NA,NA,NA,NA,NA,NA,NA,NA,NA,NA,NA,0,NA,NA,NA,NA,0,NA,115,13,NA,0,NA,NA,NA,NA,NA,NA,4,NA,NA,NA,NA,NA,NA,NA,5,NA,NA,NA,NA,34.64912280701755,NA,NA,NA,NA,NA,132.89473684210526,NA,NA,NA,NA,NA,4.385964912280701,NA,0,0,NA,NA,NA,NA,NA,NA,NA,NA,NA,NA,NA,NA,NA,NA,0,NA,NA,NA,NA,0,NA,50.43859649122807,5.701754385964912,NA,0,NA,NA,NA,NA,NA,NA,1.7543859649122806,NA,NA,NA,NA,NA,NA,NA,2.1929824561403506
32081,2001,32,Ourense,81,Toén,2291,1595,696,9,15,1571,1586,69.62025316455697,NA,NA,NA,0,300,NA,NA,NA,NA,NA,NA,NA,NA,NA,NA,NA,NA,6,NA,NA,2,NA,NA,5,NA,1,NA,NA,NA,NA,NA,NA,NA,NA,NA,NA,NA,2,NA,NA,NA,937,318,NA,NA,NA,NA,NA,NA,NA,0,NA,NA,NA,NA,NA,NA,NA,NA,NA,NA,NA,NA,0,18.915510718789406,NA,NA,NA,NA,NA,NA,NA,NA,NA,NA,NA,NA,0.37831021437578816,NA,NA,0.12610340479192939,NA,NA,0.31525851197982346,NA,0.06305170239596469,NA,NA,NA,NA,NA,NA,NA,NA,NA,NA,NA,0.12610340479192939,NA,NA,NA,59.079445145018916,20.05044136191677,NA,NA,NA,NA,NA,NA,NA,0,NA,NA,NA,NA,NA,NA,NA,NA,NA
32081,2005,32,Ourense,81,Toén,2313,1755,558,5,9,1741,1750,75.87548638132296,NA,NA,NA,2,262,NA,NA,NA,NA,0,NA,NA,NA,NA,NA,NA,3,NA,NA,NA,NA,NA,NA,3,0,2,NA,NA,NA,NA,NA,NA,2,NA,NA,NA,NA,2,NA,NA,NA,911,554,NA,NA,NA,NA,NA,NA,NA,NA,NA,NA,NA,NA,NA,NA,NA,NA,NA,NA,NA,NA,0.1142857142857143,14.971428571428572,NA,NA,NA,NA,0,NA,NA,NA,NA,NA,NA,0.17142857142857143,NA,NA,NA,NA,NA,NA,0.17142857142857143,0,0.1142857142857143,NA,NA,NA,NA,NA,NA,0.1142857142857143,NA,NA,NA,NA,0.1142857142857143,NA,NA,NA,52.05714285714286,31.657142857142855,NA,NA,NA,NA,NA,NA,NA,NA,NA,NA,NA,NA,NA,NA,NA,NA,NA
32081,2009,32,Ourense,81,Toén,2303,1806,497,16,11,1779,1790,78.419452887538,NA,NA,NA,NA,242,NA,NA,NA,NA,NA,NA,NA,NA,NA,NA,NA,6,NA,NA,NA,NA,NA,NA,0,0,7,NA,0,NA,NA,NA,NA,1,NA,NA,NA,NA,0,NA,NA,NA,952,552,NA,3,NA,NA,NA,NA,NA,NA,NA,6,NA,1,NA,NA,9,NA,NA,NA,NA,NA,NA,13.519553072625698,NA,NA,NA,NA,NA,NA,NA,NA,NA,NA,NA,0.33519553072625696,NA,NA,NA,NA,NA,NA,0,0,0.3910614525139665,NA,0,NA,NA,NA,NA,0.055865921787709494,NA,NA,NA,NA,0,NA,NA,NA,53.18435754189944,30.837988826815643,NA,0.16759776536312848,NA,NA,NA,NA,NA,NA,NA,0.33519553072625696,NA,0.055865921787709494,NA,NA,0.5027932960893855,NA,NA
32081,2012,32,Ourense,81,Toén,2216,1472,744,32,37,1403,1440,66.4259927797834,0,161,NA,NA,68,NA,3,NA,2,NA,NA,NA,NA,8,0,NA,22,NA,11,NA,NA,NA,NA,NA,0,NA,NA,NA,0,NA,NA,NA,NA,NA,1,NA,0,0,5,NA,NA,706,374,2,1,0,NA,NA,0,32,0,NA,NA,2,NA,NA,0,5,NA,NA,0,11.180555555555555,NA,NA,4.722222222222222,NA,0.20833333333333334,NA,0.1388888888888889,NA,NA,NA,NA,0.5555555555555556,0,NA,1.5277777777777777,NA,0.7638888888888888,NA,NA,NA,NA,NA,0,NA,NA,NA,0,NA,NA,NA,NA,NA,0.06944444444444445,NA,0,0,0.3472222222222222,NA,NA,49.02777777777778,25.972222222222225,0.1388888888888889,0.06944444444444445,0,NA,NA,0,2.2222222222222223,0,NA,NA,0.1388888888888889,NA,NA,0,0.3472222222222222,NA,NA
32081,2016,32,Ourense,81,Toén,2068,1424,644,13,11,1400,1411,68.8588007736944,0,NA,0,NA,NA,39,0,0,NA,NA,NA,NA,38,2,NA,NA,31,NA,0,NA,NA,172,NA,NA,NA,NA,2,NA,NA,NA,NA,NA,NA,0,11,2,1,NA,NA,NA,NA,811,287,NA,NA,NA,3,NA,NA,NA,NA,NA,NA,NA,NA,0,NA,NA,1,NA,0,NA,0,NA,NA,2.7639971651311126,0,0,NA,NA,NA,NA,2.6931254429482636,0.14174344436569808,NA,NA,2.1970233876683203,NA,0,NA,NA,12.189936215450036,NA,NA,NA,NA,0.14174344436569808,NA,NA,NA,NA,NA,NA,0,0.7795889440113395,0.14174344436569808,0.07087172218284904,NA,NA,NA,NA,57.476966690290574,20.340184266477674,NA,NA,NA,0.21261516654854712,NA,NA,NA,NA,NA,NA,NA,NA,0,NA,NA,0.07087172218284904,NA
32081,2020,32,Ourense,81,Toén,2034,1366,668,16,9,1341,1350,67.1583087512291,NA,NA,NA,NA,162,NA,NA,NA,NA,NA,2034,0,7,NA,NA,NA,NA,NA,0,NA,NA,3,NA,NA,NA,NA,NA,NA,NA,NA,NA,NA,NA,NA,2,NA,1,NA,NA,NA,24,823,294,NA,1,NA,NA,0,NA,NA,NA,NA,NA,NA,NA,NA,NA,NA,NA,24,NA,NA,NA,NA,12,NA,NA,NA,NA,NA,150.66666666666666,0,0.5185185185185185,NA,NA,NA,NA,NA,0,NA,NA,0.2222222222222222,NA,NA,NA,NA,NA,NA,NA,NA,NA,NA,NA,NA,0.14814814814814814,NA,0.07407407407407407,NA,NA,NA,1.7777777777777777,60.96296296296296,21.777777777777775,NA,0.07407407407407407,NA,NA,0,NA,NA,NA,NA,NA,NA,NA,NA,NA,NA,NA,1.7777777777777777
32081,2024,32,Ourense,81,Toén,2008,1546,462,8,8,1530,1538,76.99203187250995,NA,NA,NA,NA,297,NA,NA,NA,NA,NA,2008,NA,NA,NA,NA,NA,108,NA,2,1,NA,NA,NA,NA,NA,NA,NA,NA,NA,NA,NA,NA,NA,NA,0,NA,NA,NA,NA,2,NA,857,235,NA,0,NA,NA,NA,NA,NA,NA,4,NA,NA,NA,NA,NA,NA,NA,24,NA,NA,NA,NA,19.310793237971392,NA,NA,NA,NA,NA,130.5591677503251,NA,NA,NA,NA,NA,7.022106631989597,NA,0.13003901170351106,0.06501950585175553,NA,NA,NA,NA,NA,NA,NA,NA,NA,NA,NA,NA,NA,NA,0,NA,NA,NA,NA,0.13003901170351106,NA,55.72171651495449,15.279583875162551,NA,0,NA,NA,NA,NA,NA,NA,0.26007802340702213,NA,NA,NA,NA,NA,NA,NA,1.5604681404421328
32082,2001,32,Ourense,82,Trasmiras,1663,1207,456,1,4,1202,1206,72.57967528562838,NA,NA,NA,2,139,NA,NA,NA,NA,NA,NA,NA,NA,NA,NA,NA,NA,9,NA,NA,0,NA,NA,1,NA,1,NA,NA,NA,NA,NA,NA,NA,NA,NA,NA,NA,1,NA,NA,NA,608,441,NA,NA,NA,NA,NA,NA,NA,0,NA,NA,NA,NA,NA,NA,NA,NA,NA,NA,NA,NA,0.16583747927031509,11.5257048092869,NA,NA,NA,NA,NA,NA,NA,NA,NA,NA,NA,NA,0.7462686567164178,NA,NA,0,NA,NA,0.08291873963515754,NA,0.08291873963515754,NA,NA,NA,NA,NA,NA,NA,NA,NA,NA,NA,0.08291873963515754,NA,NA,NA,50.41459369817579,36.56716417910448,NA,NA,NA,NA,NA,NA,NA,0,NA,NA,NA,NA,NA,NA,NA,NA,NA
32082,2005,32,Ourense,82,Trasmiras,1604,1175,429,4,6,1165,1171,73.25436408977556,NA,NA,NA,1,130,NA,NA,NA,NA,0,NA,NA,NA,NA,NA,NA,0,NA,NA,NA,NA,NA,NA,0,0,1,NA,NA,NA,NA,NA,NA,0,NA,NA,NA,NA,1,NA,NA,NA,634,398,NA,NA,NA,NA,NA,NA,NA,NA,NA,NA,NA,NA,NA,NA,NA,NA,NA,NA,NA,NA,0.08539709649871904,11.101622544833475,NA,NA,NA,NA,0,NA,NA,NA,NA,NA,NA,0,NA,NA,NA,NA,NA,NA,0,0,0.08539709649871904,NA,NA,NA,NA,NA,NA,0,NA,NA,NA,NA,0.08539709649871904,NA,NA,NA,54.141759180187876,33.98804440649018,NA,NA,NA,NA,NA,NA,NA,NA,NA,NA,NA,NA,NA,NA,NA,NA,NA
32082,2009,32,Ourense,82,Trasmiras,1520,1154,366,7,12,1135,1147,75.92105263157895,NA,NA,NA,NA,150,NA,NA,NA,NA,NA,NA,NA,NA,NA,NA,NA,0,NA,NA,NA,NA,NA,NA,4,1,1,NA,1,NA,NA,NA,NA,0,NA,NA,NA,NA,1,NA,NA,NA,686,288,NA,0,NA,NA,NA,NA,NA,NA,NA,0,NA,0,NA,NA,3,NA,NA,NA,NA,NA,NA,13.077593722755013,NA,NA,NA,NA,NA,NA,NA,NA,NA,NA,NA,0,NA,NA,NA,NA,NA,NA,0.34873583260680036,0.08718395815170009,0.08718395815170009,NA,0.08718395815170009,NA,NA,NA,NA,0,NA,NA,NA,NA,0.08718395815170009,NA,NA,NA,59.80819529206626,25.108979947689626,NA,0,NA,NA,NA,NA,NA,NA,NA,0,NA,0,NA,NA,0.26155187445510025,NA,NA
32082,2012,32,Ourense,82,Trasmiras,1373,945,428,23,15,907,922,68.82738528769119,0,26,NA,NA,59,NA,3,NA,0,NA,NA,NA,NA,7,0,NA,2,NA,3,NA,NA,NA,NA,NA,0,NA,NA,NA,0,NA,NA,NA,NA,NA,1,NA,0,0,0,NA,NA,600,195,0,0,1,NA,NA,0,9,0,NA,NA,0,NA,NA,0,1,NA,NA,0,2.8199566160520604,NA,NA,6.399132321041215,NA,0.32537960954446854,NA,0,NA,NA,NA,NA,0.7592190889370932,0,NA,0.21691973969631237,NA,0.32537960954446854,NA,NA,NA,NA,NA,0,NA,NA,NA,0,NA,NA,NA,NA,NA,0.10845986984815618,NA,0,0,0,NA,NA,65.0759219088937,21.149674620390453,0,0,0.10845986984815618,NA,NA,0,0.9761388286334056,0,NA,NA,0,NA,NA,0,0.10845986984815618,NA,NA
32082,2016,32,Ourense,82,Trasmiras,1227,834,393,10,3,821,824,67.97066014669927,0,NA,0,NA,NA,30,0,0,NA,NA,NA,NA,23,1,NA,NA,7,NA,0,NA,NA,71,NA,NA,NA,NA,0,NA,NA,NA,NA,NA,NA,0,4,1,0,NA,NA,NA,NA,528,156,NA,NA,NA,0,NA,NA,NA,NA,NA,NA,NA,NA,0,NA,NA,0,NA,0,NA,0,NA,NA,3.640776699029126,0,0,NA,NA,NA,NA,2.7912621359223304,0.12135922330097086,NA,NA,0.8495145631067961,NA,0,NA,NA,8.616504854368932,NA,NA,NA,NA,0,NA,NA,NA,NA,NA,NA,0,0.48543689320388345,0.12135922330097086,0,NA,NA,NA,NA,64.07766990291263,18.932038834951456,NA,NA,NA,0,NA,NA,NA,NA,NA,NA,NA,NA,0,NA,NA,0,NA
32082,2020,32,Ourense,82,Trasmiras,1152,722,430,4,7,711,718,62.673611111111114,NA,NA,NA,NA,147,NA,NA,NA,NA,NA,1152,0,1,NA,NA,NA,NA,NA,0,NA,NA,0,NA,NA,NA,NA,NA,NA,NA,NA,NA,NA,NA,NA,0,NA,0,NA,NA,NA,6,431,110,NA,0,NA,NA,1,NA,NA,NA,NA,NA,NA,NA,NA,NA,NA,NA,15,NA,NA,NA,NA,20.473537604456823,NA,NA,NA,NA,NA,160.44568245125348,0,0.1392757660167131,NA,NA,NA,NA,NA,0,NA,NA,0,NA,NA,NA,NA,NA,NA,NA,NA,NA,NA,NA,NA,0,NA,0,NA,NA,NA,0.8356545961002786,60.02785515320335,15.32033426183844,NA,0,NA,NA,0.1392757660167131,NA,NA,NA,NA,NA,NA,NA,NA,NA,NA,NA,2.0891364902506964
32082,2024,32,Ourense,82,Trasmiras,1112,791,321,3,7,781,788,71.13309352517986,NA,NA,NA,NA,250,NA,NA,NA,NA,NA,1112,NA,NA,NA,NA,NA,13,NA,0,1,NA,NA,NA,NA,NA,NA,NA,NA,NA,NA,NA,NA,NA,NA,0,NA,NA,NA,NA,0,NA,449,56,NA,0,NA,NA,NA,NA,NA,NA,1,NA,NA,NA,NA,NA,NA,NA,11,NA,NA,NA,NA,31.725888324873097,NA,NA,NA,NA,NA,141.11675126903555,NA,NA,NA,NA,NA,1.6497461928934012,NA,0,0.12690355329949238,NA,NA,NA,NA,NA,NA,NA,NA,NA,NA,NA,NA,NA,NA,0,NA,NA,NA,NA,0,NA,56.97969543147208,7.1065989847715745,NA,0,NA,NA,NA,NA,NA,NA,0.12690355329949238,NA,NA,NA,NA,NA,NA,NA,1.3959390862944163
32083,2001,32,Ourense,83,Veiga (A),1280,843,437,9,5,829,834,65.859375,NA,NA,NA,1,110,NA,NA,NA,NA,NA,NA,NA,NA,NA,NA,NA,NA,0,NA,NA,0,NA,NA,1,NA,0,NA,NA,NA,NA,NA,NA,NA,NA,NA,NA,NA,0,NA,NA,NA,549,168,NA,NA,NA,NA,NA,NA,NA,0,NA,NA,NA,NA,NA,NA,NA,NA,NA,NA,NA,NA,0.1199040767386091,13.189448441247004,NA,NA,NA,NA,NA,NA,NA,NA,NA,NA,NA,NA,0,NA,NA,0,NA,NA,0.1199040767386091,NA,0,NA,NA,NA,NA,NA,NA,NA,NA,NA,NA,NA,0,NA,NA,NA,65.82733812949641,20.14388489208633,NA,NA,NA,NA,NA,NA,NA,0,NA,NA,NA,NA,NA,NA,NA,NA,NA
32083,2005,32,Ourense,83,Veiga (A),1182,783,399,0,10,773,783,66.24365482233503,NA,NA,NA,2,82,NA,NA,NA,NA,1,NA,NA,NA,NA,NA,NA,2,NA,NA,NA,NA,NA,NA,0,0,1,NA,NA,NA,NA,NA,NA,0,NA,NA,NA,NA,0,NA,NA,NA,449,236,NA,NA,NA,NA,NA,NA,NA,NA,NA,NA,NA,NA,NA,NA,NA,NA,NA,NA,NA,NA,0.2554278416347382,10.472541507024266,NA,NA,NA,NA,0.1277139208173691,NA,NA,NA,NA,NA,NA,0.2554278416347382,NA,NA,NA,NA,NA,NA,0,0,0.1277139208173691,NA,NA,NA,NA,NA,NA,0,NA,NA,NA,NA,0,NA,NA,NA,57.34355044699873,30.140485312899106,NA,NA,NA,NA,NA,NA,NA,NA,NA,NA,NA,NA,NA,NA,NA,NA,NA
32083,2009,32,Ourense,83,Veiga (A),1019,721,298,5,5,711,716,70.75564278704613,NA,NA,NA,NA,50,NA,NA,NA,NA,NA,NA,NA,NA,NA,NA,NA,0,NA,NA,NA,NA,NA,NA,1,0,0,NA,1,NA,NA,NA,NA,0,NA,NA,NA,NA,0,NA,NA,NA,403,252,NA,0,NA,NA,NA,NA,NA,NA,NA,0,NA,0,NA,NA,4,NA,NA,NA,NA,NA,NA,6.983240223463687,NA,NA,NA,NA,NA,NA,NA,NA,NA,NA,NA,0,NA,NA,NA,NA,NA,NA,0.13966480446927373,0,0,NA,0.13966480446927373,NA,NA,NA,NA,0,NA,NA,NA,NA,0,NA,NA,NA,56.28491620111732,35.19553072625698,NA,0,NA,NA,NA,NA,NA,NA,NA,0,NA,0,NA,NA,0.5586592178770949,NA,NA
32083,2012,32,Ourense,83,Veiga (A),938,603,335,10,2,591,593,64.28571428571429,0,32,NA,NA,20,NA,0,NA,1,NA,NA,NA,NA,0,0,NA,0,NA,7,NA,NA,NA,NA,NA,0,NA,NA,NA,0,NA,NA,NA,NA,NA,2,NA,0,0,0,NA,NA,361,162,0,0,0,NA,NA,0,5,0,NA,NA,0,NA,NA,0,1,NA,NA,0,5.396290050590219,NA,NA,3.372681281618887,NA,0,NA,0.16863406408094433,NA,NA,NA,NA,0,0,NA,0,NA,1.1804384485666104,NA,NA,NA,NA,NA,0,NA,NA,NA,0,NA,NA,NA,NA,NA,0.33726812816188867,NA,0,0,0,NA,NA,60.87689713322091,27.318718381112983,0,0,0,NA,NA,0,0.8431703204047217,0,NA,NA,0,NA,NA,0,0.16863406408094433,NA,NA
32083,2016,32,Lugo,83,A Veiga,827,559,268,1,3,555,558,67.59371221281741,0,NA,0,NA,NA,20,0,0,NA,NA,NA,NA,10,0,NA,NA,9,NA,0,NA,NA,38,NA,NA,NA,NA,2,NA,NA,NA,NA,NA,NA,0,2,0,0,NA,NA,NA,NA,375,99,NA,NA,NA,0,NA,NA,NA,NA,NA,NA,NA,NA,0,NA,NA,0,NA,0,NA,0,NA,NA,3.584229390681003,0,0,NA,NA,NA,NA,1.7921146953405016,0,NA,NA,1.6129032258064515,NA,0,NA,NA,6.810035842293908,NA,NA,NA,NA,0.35842293906810035,NA,NA,NA,NA,NA,NA,0,0.35842293906810035,0,0,NA,NA,NA,NA,67.20430107526882,17.741935483870968,NA,NA,NA,0,NA,NA,NA,NA,NA,NA,NA,NA,0,NA,NA,0,NA
32083,2020,32,Ourense,83,A Veiga,785,520,265,4,3,513,516,66.2420382165605,NA,NA,NA,NA,70,NA,NA,NA,NA,NA,785,0,0,NA,NA,NA,NA,NA,0,NA,NA,0,NA,NA,NA,NA,NA,NA,NA,NA,NA,NA,NA,NA,1,NA,0,NA,NA,NA,3,343,85,NA,0,NA,NA,1,NA,NA,NA,NA,NA,NA,NA,NA,NA,NA,NA,10,NA,NA,NA,NA,13.565891472868216,NA,NA,NA,NA,NA,152.13178294573643,0,0,NA,NA,NA,NA,NA,0,NA,NA,0,NA,NA,NA,NA,NA,NA,NA,NA,NA,NA,NA,NA,0.1937984496124031,NA,0,NA,NA,NA,0.5813953488372093,66.47286821705426,16.472868217054263,NA,0,NA,NA,0.1937984496124031,NA,NA,NA,NA,NA,NA,NA,NA,NA,NA,NA,1.937984496124031
32083,2024,32,Ourense,83,A Veiga,800,524,276,5,0,519,519,65.5,NA,NA,NA,NA,105,NA,NA,NA,NA,NA,800,NA,NA,NA,NA,NA,4,NA,1,0,NA,NA,NA,NA,NA,NA,NA,NA,NA,NA,NA,NA,NA,NA,0,NA,NA,NA,NA,0,NA,336,63,NA,1,NA,NA,NA,NA,NA,NA,3,NA,NA,NA,NA,NA,NA,NA,6,NA,NA,NA,NA,20.23121387283237,NA,NA,NA,NA,NA,154.14258188824664,NA,NA,NA,NA,NA,0.7707129094412332,NA,0.1926782273603083,0,NA,NA,NA,NA,NA,NA,NA,NA,NA,NA,NA,NA,NA,NA,0,NA,NA,NA,NA,0,NA,64.73988439306359,12.138728323699421,NA,0.1926782273603083,NA,NA,NA,NA,NA,NA,0.5780346820809248,NA,NA,NA,NA,NA,NA,NA,1.1560693641618496
32084,2001,32,Ourense,84,Verea,1350,889,461,2,3,884,887,65.85185185185185,NA,NA,NA,1,183,NA,NA,NA,NA,NA,NA,NA,NA,NA,NA,NA,NA,0,NA,NA,0,NA,NA,1,NA,0,NA,NA,NA,NA,NA,NA,NA,NA,NA,NA,NA,0,NA,NA,NA,425,274,NA,NA,NA,NA,NA,NA,NA,0,NA,NA,NA,NA,NA,NA,NA,NA,NA,NA,NA,NA,0.11273957158962795,20.631341600901916,NA,NA,NA,NA,NA,NA,NA,NA,NA,NA,NA,NA,0,NA,NA,0,NA,NA,0.11273957158962795,NA,0,NA,NA,NA,NA,NA,NA,NA,NA,NA,NA,NA,0,NA,NA,NA,47.91431792559188,30.89064261555806,NA,NA,NA,NA,NA,NA,NA,0,NA,NA,NA,NA,NA,NA,NA,NA,NA
32084,2005,32,Ourense,84,Verea,1245,933,312,5,2,926,928,74.93975903614458,NA,NA,NA,0,89,NA,NA,NA,NA,1,NA,NA,NA,NA,NA,NA,0,NA,NA,NA,NA,NA,NA,1,2,0,NA,NA,NA,NA,NA,NA,0,NA,NA,NA,NA,1,NA,NA,NA,536,296,NA,NA,NA,NA,NA,NA,NA,NA,NA,NA,NA,NA,NA,NA,NA,NA,NA,NA,NA,NA,0,9.590517241379311,NA,NA,NA,NA,0.10775862068965517,NA,NA,NA,NA,NA,NA,0,NA,NA,NA,NA,NA,NA,0.10775862068965517,0.21551724137931033,0,NA,NA,NA,NA,NA,NA,0,NA,NA,NA,NA,0.10775862068965517,NA,NA,NA,57.758620689655174,31.896551724137932,NA,NA,NA,NA,NA,NA,NA,NA,NA,NA,NA,NA,NA,NA,NA,NA,NA
32084,2009,32,Ourense,84,Verea,1156,944,212,1,3,940,943,81.66089965397923,NA,NA,NA,NA,242,NA,NA,NA,NA,NA,NA,NA,NA,NA,NA,NA,2,NA,NA,NA,NA,NA,NA,1,0,0,NA,0,NA,NA,NA,NA,0,NA,NA,NA,NA,0,NA,NA,NA,482,210,NA,0,NA,NA,NA,NA,NA,NA,NA,0,NA,0,NA,NA,3,NA,NA,NA,NA,NA,NA,25.6627783669141,NA,NA,NA,NA,NA,NA,NA,NA,NA,NA,NA,0.2120890774125133,NA,NA,NA,NA,NA,NA,0.10604453870625664,0,0,NA,0,NA,NA,NA,NA,0,NA,NA,NA,NA,0,NA,NA,NA,51.11346765641569,22.26935312831389,NA,0,NA,NA,NA,NA,NA,NA,NA,0,NA,0,NA,NA,0.3181336161187699,NA,NA
32084,2012,32,Ourense,84,Verea,1033,711,322,6,8,697,705,68.82865440464666,0,33,NA,NA,69,NA,0,NA,0,NA,NA,NA,NA,26,0,NA,4,NA,1,NA,NA,NA,NA,NA,0,NA,NA,NA,0,NA,NA,NA,NA,NA,2,NA,0,0,1,NA,NA,399,148,1,0,0,NA,NA,0,8,0,NA,NA,0,NA,NA,0,5,NA,NA,0,4.680851063829787,NA,NA,9.787234042553191,NA,0,NA,0,NA,NA,NA,NA,3.6879432624113475,0,NA,0.5673758865248227,NA,0.14184397163120568,NA,NA,NA,NA,NA,0,NA,NA,NA,0,NA,NA,NA,NA,NA,0.28368794326241137,NA,0,0,0.14184397163120568,NA,NA,56.59574468085107,20.99290780141844,0.14184397163120568,0,0,NA,NA,0,1.1347517730496455,0,NA,NA,0,NA,NA,0,0.7092198581560284,NA,NA
32084,2016,32,Ourense,84,Verea,917,615,302,2,3,610,613,67.06652126499455,0,NA,0,NA,NA,55,0,0,NA,NA,NA,NA,19,0,NA,NA,10,NA,0,NA,NA,54,NA,NA,NA,NA,1,NA,NA,NA,NA,NA,NA,0,0,0,0,NA,NA,NA,NA,382,89,NA,NA,NA,0,NA,NA,NA,NA,NA,NA,NA,NA,0,NA,NA,0,NA,0,NA,0,NA,NA,8.97226753670473,0,0,NA,NA,NA,NA,3.0995106035889073,0,NA,NA,1.631321370309951,NA,0,NA,NA,8.809135399673735,NA,NA,NA,NA,0.1631321370309951,NA,NA,NA,NA,NA,NA,0,0,0,0,NA,NA,NA,NA,62.31647634584013,14.518760195758565,NA,NA,NA,0,NA,NA,NA,NA,NA,NA,NA,NA,0,NA,NA,0,NA
32084,2020,32,Ourense,84,Verea,859,636,223,3,3,630,633,74.0395809080326,NA,NA,NA,NA,287,NA,NA,NA,NA,NA,859,0,0,NA,NA,NA,NA,NA,0,NA,NA,0,NA,NA,NA,NA,NA,NA,NA,NA,NA,NA,NA,NA,1,NA,0,NA,NA,NA,2,245,77,NA,0,NA,NA,0,NA,NA,NA,NA,NA,NA,NA,NA,NA,NA,NA,18,NA,NA,NA,NA,45.33965244865718,NA,NA,NA,NA,NA,135.70300157977883,0,0,NA,NA,NA,NA,NA,0,NA,NA,0,NA,NA,NA,NA,NA,NA,NA,NA,NA,NA,NA,NA,0.1579778830963665,NA,0,NA,NA,NA,0.315955766192733,38.704581358609794,12.164296998420221,NA,0,NA,NA,0,NA,NA,NA,NA,NA,NA,NA,NA,NA,NA,NA,2.843601895734597
32084,2024,32,Ourense,84,Verea,856,622,234,1,4,617,621,72.66355140186917,NA,NA,NA,NA,333,NA,NA,NA,NA,NA,856,NA,NA,NA,NA,NA,10,NA,0,0,NA,NA,NA,NA,NA,NA,NA,NA,NA,NA,NA,NA,NA,NA,0,NA,NA,NA,NA,1,NA,231,28,NA,1,NA,NA,NA,NA,NA,NA,1,NA,NA,NA,NA,NA,NA,NA,12,NA,NA,NA,NA,53.62318840579711,NA,NA,NA,NA,NA,137.84219001610305,NA,NA,NA,NA,NA,1.610305958132045,NA,0,0,NA,NA,NA,NA,NA,NA,NA,NA,NA,NA,NA,NA,NA,NA,0,NA,NA,NA,NA,0.1610305958132045,NA,37.19806763285024,4.508856682769726,NA,0.1610305958132045,NA,NA,NA,NA,NA,NA,0.1610305958132045,NA,NA,NA,NA,NA,NA,NA,1.932367149758454
32085,2001,32,Ourense,85,Verín,10157,6546,3611,20,72,6454,6526,64.44816382790194,NA,NA,NA,11,1387,NA,NA,NA,NA,NA,NA,NA,NA,NA,NA,NA,NA,37,NA,NA,12,NA,NA,19,NA,13,NA,NA,NA,NA,NA,NA,NA,NA,NA,NA,NA,4,NA,NA,NA,3779,1192,NA,NA,NA,NA,NA,NA,NA,0,NA,NA,NA,NA,NA,NA,NA,NA,NA,NA,NA,NA,0.1685565430585351,21.25344774747165,NA,NA,NA,NA,NA,NA,NA,NA,NA,NA,NA,NA,0.5669629175605272,NA,NA,0.18387986515476554,NA,NA,0.29114311982837876,NA,0.199203187250996,NA,NA,NA,NA,NA,NA,NA,NA,NA,NA,NA,0.061293288384921846,NA,NA,NA,57.906834201654924,18.26539993870671,NA,NA,NA,NA,NA,NA,NA,0,NA,NA,NA,NA,NA,NA,NA,NA,NA
32085,2005,32,Ourense,85,Verín,10408,7056,3352,35,54,6967,7021,67.79400461183704,NA,NA,NA,4,1212,NA,NA,NA,NA,4,NA,NA,NA,NA,NA,NA,4,NA,NA,NA,NA,NA,NA,10,2,4,NA,NA,NA,NA,NA,NA,6,NA,NA,NA,NA,8,NA,NA,NA,3656,2057,NA,NA,NA,NA,NA,NA,NA,NA,NA,NA,NA,NA,NA,NA,NA,NA,NA,NA,NA,NA,0.05697194131890044,17.262498219626835,NA,NA,NA,NA,0.05697194131890044,NA,NA,NA,NA,NA,NA,0.05697194131890044,NA,NA,NA,NA,NA,NA,0.1424298532972511,0.02848597065945022,0.05697194131890044,NA,NA,NA,NA,NA,NA,0.08545791197835066,NA,NA,NA,NA,0.11394388263780088,NA,NA,NA,52.07235436547501,29.297820823244553,NA,NA,NA,NA,NA,NA,NA,NA,NA,NA,NA,NA,NA,NA,NA,NA,NA
32085,2009,32,Ourense,85,Verín,10684,7736,2948,74,70,7592,7662,72.40733807562711,NA,NA,NA,NA,1342,NA,NA,NA,NA,NA,NA,NA,NA,NA,NA,NA,3,NA,NA,NA,NA,NA,NA,10,5,7,NA,5,NA,NA,NA,NA,9,NA,NA,NA,NA,2,NA,NA,NA,4016,2149,NA,5,NA,NA,NA,NA,NA,NA,NA,7,NA,0,NA,NA,32,NA,NA,NA,NA,NA,NA,17.515009135995825,NA,NA,NA,NA,NA,NA,NA,NA,NA,NA,NA,0.03915426781519186,NA,NA,NA,NA,NA,NA,0.1305142260506395,0.06525711302531975,0.09135995823544767,NA,0.06525711302531975,NA,NA,NA,NA,0.11746280344557558,NA,NA,NA,NA,0.026102845210127904,NA,NA,NA,52.414513181936826,28.047507178282434,NA,0.06525711302531975,NA,NA,NA,NA,NA,NA,NA,0.09135995823544767,NA,0,NA,NA,0.41764552336204647,NA,NA
32085,2012,32,Ourense,85,Verín,10770,6647,4123,200,181,6266,6447,61.71773444753946,0,420,NA,NA,749,NA,0,NA,9,NA,NA,NA,NA,47,0,NA,14,NA,52,NA,NA,NA,NA,NA,3,NA,NA,NA,0,NA,NA,NA,NA,NA,24,NA,0,0,11,NA,NA,3521,1237,11,9,3,NA,NA,0,106,0,NA,NA,0,NA,NA,0,50,NA,NA,0,6.514657980456026,NA,NA,11.617806731813246,NA,0,NA,0.13959981386691486,NA,NA,NA,NA,0.7290212501938886,0,NA,0.21715526601520088,NA,0.8065767023421747,NA,NA,NA,NA,NA,0.04653327128897162,NA,NA,NA,0,NA,NA,NA,NA,NA,0.37226617031177295,NA,0,0,0.17062199472622927,NA,NA,54.61454940282302,19.187218861485963,0.17062199472622927,0.13959981386691486,0.04653327128897162,NA,NA,0,1.6441755855436637,0,NA,NA,0,NA,NA,0,0.7755545214828603,NA,NA
32085,2016,32,Ourense,85,Verín,10728,6853,3876,65,53,6735,6788,63.87956748695004,0,NA,0,NA,NA,828,0,0,NA,NA,NA,NA,137,4,NA,NA,34,NA,0,NA,NA,777,NA,NA,NA,NA,8,NA,NA,NA,NA,NA,NA,0,27,1,3,NA,NA,NA,NA,3576,1329,NA,NA,NA,8,NA,NA,NA,NA,NA,NA,NA,NA,0,NA,NA,3,NA,0,NA,0,NA,NA,12.19799646434885,0,0,NA,NA,NA,NA,2.0182675309369476,0.05892751915144372,NA,NA,0.5008839127872717,NA,0,NA,NA,11.446670595167943,NA,NA,NA,NA,0.11785503830288745,NA,NA,NA,NA,NA,NA,0,0.3977607542722451,0.01473187978786093,0.0441956393635828,NA,NA,NA,NA,52.68120212139069,19.578668238067177,NA,NA,NA,0.11785503830288745,NA,NA,NA,NA,NA,NA,NA,NA,0,NA,NA,0.0441956393635828,NA
32085,2020,32,Ourense,85,Verín,10579,6290,4289,51,66,6173,6239,59.45741563474809,NA,NA,NA,NA,1927,NA,NA,NA,NA,NA,10579,2,36,NA,NA,NA,NA,NA,8,NA,NA,3,NA,NA,NA,NA,NA,NA,NA,NA,NA,NA,NA,NA,6,NA,2,NA,NA,NA,78,2563,1401,NA,4,NA,NA,12,NA,NA,NA,NA,NA,NA,NA,NA,NA,NA,NA,131,NA,NA,NA,NA,30.886359993588712,NA,NA,NA,NA,NA,169.5624298765828,0.03205641929796442,0.5770155473633595,NA,NA,NA,NA,NA,0.12822567719185768,NA,NA,0.04808462894694662,NA,NA,NA,NA,NA,NA,NA,NA,NA,NA,NA,NA,0.09616925789389325,NA,0.03205641929796442,NA,NA,NA,1.2502003526206122,41.0803013303414,22.455521718224077,NA,0.06411283859592884,NA,NA,0.1923385157877865,NA,NA,NA,NA,NA,NA,NA,NA,NA,NA,NA,2.099695464016669
32085,2024,32,Ourense,85,Verín,10412,6738,3674,63,36,6639,6675,64.71379177871687,NA,NA,NA,NA,2031,NA,NA,NA,NA,NA,10412,NA,NA,NA,NA,NA,129,NA,6,5,NA,NA,NA,NA,NA,NA,NA,NA,NA,NA,NA,NA,NA,NA,9,NA,NA,NA,NA,9,NA,3431,881,NA,3,NA,NA,NA,NA,NA,NA,23,NA,NA,NA,NA,NA,NA,NA,112,NA,NA,NA,NA,30.426966292134832,NA,NA,NA,NA,NA,155.98501872659176,NA,NA,NA,NA,NA,1.9325842696629212,NA,0.0898876404494382,0.0749063670411985,NA,NA,NA,NA,NA,NA,NA,NA,NA,NA,NA,NA,NA,NA,0.1348314606741573,NA,NA,NA,NA,0.1348314606741573,NA,51.40074906367042,13.198501872659177,NA,0.0449438202247191,NA,NA,NA,NA,NA,NA,0.34456928838951306,NA,NA,NA,NA,NA,NA,NA,1.6779026217228463
32086,2001,32,Ourense,86,Viana do Bolo,3450,2143,1307,7,7,2129,2136,62.11594202898551,NA,NA,NA,6,318,NA,NA,NA,NA,NA,NA,NA,NA,NA,NA,NA,NA,3,NA,NA,2,NA,NA,6,NA,2,NA,NA,NA,NA,NA,NA,NA,NA,NA,NA,NA,1,NA,NA,NA,1250,541,NA,NA,NA,NA,NA,NA,NA,0,NA,NA,NA,NA,NA,NA,NA,NA,NA,NA,NA,NA,0.2808988764044944,14.887640449438203,NA,NA,NA,NA,NA,NA,NA,NA,NA,NA,NA,NA,0.1404494382022472,NA,NA,0.09363295880149813,NA,NA,0.2808988764044944,NA,0.09363295880149813,NA,NA,NA,NA,NA,NA,NA,NA,NA,NA,NA,0.04681647940074907,NA,NA,NA,58.520599250936336,25.327715355805243,NA,NA,NA,NA,NA,NA,NA,0,NA,NA,NA,NA,NA,NA,NA,NA,NA
32086,2005,32,Ourense,86,Viana do Bolo,3221,2266,955,9,16,2241,2257,70.35082272586153,NA,NA,NA,4,302,NA,NA,NA,NA,0,NA,NA,NA,NA,NA,NA,0,NA,NA,NA,NA,NA,NA,9,0,3,NA,NA,NA,NA,NA,NA,1,NA,NA,NA,NA,1,NA,NA,NA,1279,642,NA,NA,NA,NA,NA,NA,NA,NA,NA,NA,NA,NA,NA,NA,NA,NA,NA,NA,NA,NA,0.17722640673460346,13.380593708462559,NA,NA,NA,NA,0,NA,NA,NA,NA,NA,NA,0,NA,NA,NA,NA,NA,NA,0.39875941515285773,0,0.1329198050509526,NA,NA,NA,NA,NA,NA,0.044306601683650866,NA,NA,NA,NA,0.044306601683650866,NA,NA,NA,56.66814355338945,28.444838280903856,NA,NA,NA,NA,NA,NA,NA,NA,NA,NA,NA,NA,NA,NA,NA,NA,NA
32086,2009,32,Ourense,86,Viana do Bolo,2991,2171,820,5,11,2155,2166,72.584419926446,NA,NA,NA,NA,344,NA,NA,NA,NA,NA,NA,NA,NA,NA,NA,NA,1,NA,NA,NA,NA,NA,NA,3,1,1,NA,0,NA,NA,NA,NA,0,NA,NA,NA,NA,1,NA,NA,NA,1182,607,NA,4,NA,NA,NA,NA,NA,NA,NA,1,NA,0,NA,NA,10,NA,NA,NA,NA,NA,NA,15.881809787626963,NA,NA,NA,NA,NA,NA,NA,NA,NA,NA,NA,0.04616805170821791,NA,NA,NA,NA,NA,NA,0.13850415512465375,0.04616805170821791,0.04616805170821791,NA,0,NA,NA,NA,NA,0,NA,NA,NA,NA,0.04616805170821791,NA,NA,NA,54.57063711911358,28.02400738688827,NA,0.18467220683287164,NA,NA,NA,NA,NA,NA,NA,0.04616805170821791,NA,0,NA,NA,0.46168051708217916,NA,NA
32086,2012,32,Ourense,86,Viana do Bolo,2845,1753,1092,32,20,1701,1721,61.616871704745165,0,90,NA,NA,282,NA,1,NA,0,NA,NA,NA,NA,5,0,NA,0,NA,5,NA,NA,NA,NA,NA,0,NA,NA,NA,0,NA,NA,NA,NA,NA,8,NA,0,0,1,NA,NA,972,314,1,0,0,NA,NA,0,12,0,NA,NA,1,NA,NA,0,9,NA,NA,0,5.229517722254503,NA,NA,16.38582219639744,NA,0.058105752469494475,NA,0,NA,NA,NA,NA,0.2905287623474724,0,NA,0,NA,0.2905287623474724,NA,NA,NA,NA,NA,0,NA,NA,NA,0,NA,NA,NA,NA,NA,0.4648460197559558,NA,0,0,0.058105752469494475,NA,NA,56.47879140034864,18.245206275421268,0.058105752469494475,0,0,NA,NA,0,0.6972690296339338,0,NA,NA,0.058105752469494475,NA,NA,0,0.5229517722254503,NA,NA
32086,2016,32,Ourense,86,Viana do Bolo,2641,1623,1018,11,5,1607,1612,61.45399469897767,0,NA,0,NA,NA,303,0,0,NA,NA,NA,NA,13,0,NA,NA,9,NA,0,NA,NA,136,NA,NA,NA,NA,2,NA,NA,NA,NA,NA,NA,0,6,1,1,NA,NA,NA,NA,901,232,NA,NA,NA,2,NA,NA,NA,NA,NA,NA,NA,NA,0,NA,NA,1,NA,0,NA,0,NA,NA,18.796526054590572,0,0,NA,NA,NA,NA,0.8064516129032258,0,NA,NA,0.5583126550868486,NA,0,NA,NA,8.436724565756824,NA,NA,NA,NA,0.12406947890818859,NA,NA,NA,NA,NA,NA,0,0.37220843672456577,0.062034739454094295,0.062034739454094295,NA,NA,NA,NA,55.89330024813896,14.392059553349876,NA,NA,NA,0.12406947890818859,NA,NA,NA,NA,NA,NA,NA,NA,0,NA,NA,0.062034739454094295,NA
32086,2020,32,Ourense,86,Viana do Bolo,2503,1326,1177,6,9,1311,1320,52.97642828605673,NA,NA,NA,NA,365,NA,NA,NA,NA,NA,2503,0,4,NA,NA,NA,NA,NA,3,NA,NA,1,NA,NA,NA,NA,NA,NA,NA,NA,NA,NA,NA,NA,3,NA,0,NA,NA,NA,7,682,218,NA,0,NA,NA,5,NA,NA,NA,NA,NA,NA,NA,NA,NA,NA,NA,23,NA,NA,NA,NA,27.65151515151515,NA,NA,NA,NA,NA,189.62121212121212,0,0.30303030303030304,NA,NA,NA,NA,NA,0.22727272727272727,NA,NA,0.07575757575757576,NA,NA,NA,NA,NA,NA,NA,NA,NA,NA,NA,NA,0.22727272727272727,NA,0,NA,NA,NA,0.5303030303030304,51.66666666666667,16.515151515151516,NA,0,NA,NA,0.3787878787878788,NA,NA,NA,NA,NA,NA,NA,NA,NA,NA,NA,1.7424242424242427
32086,2024,32,Ourense,86,Viana do Bolo,2389,1463,926,13,7,1443,1450,61.23901213897028,NA,NA,NA,NA,390,NA,NA,NA,NA,NA,2389,NA,NA,NA,NA,NA,18,NA,4,0,NA,NA,NA,NA,NA,NA,NA,NA,NA,NA,NA,NA,NA,NA,3,NA,NA,NA,NA,1,NA,826,173,NA,0,NA,NA,NA,NA,NA,NA,8,NA,NA,NA,NA,NA,NA,NA,20,NA,NA,NA,NA,26.89655172413793,NA,NA,NA,NA,NA,164.75862068965517,NA,NA,NA,NA,NA,1.2413793103448276,NA,0.27586206896551724,0,NA,NA,NA,NA,NA,NA,NA,NA,NA,NA,NA,NA,NA,NA,0.20689655172413793,NA,NA,NA,NA,0.06896551724137931,NA,56.96551724137932,11.931034482758621,NA,0,NA,NA,NA,NA,NA,NA,0.5517241379310345,NA,NA,NA,NA,NA,NA,NA,1.3793103448275863
32087,2001,32,Ourense,87,Villamarín,2067,1672,395,10,16,1646,1662,80.89017900338655,NA,NA,NA,1,264,NA,NA,NA,NA,NA,NA,NA,NA,NA,NA,NA,NA,0,NA,NA,0,NA,NA,1,NA,2,NA,NA,NA,NA,NA,NA,NA,NA,NA,NA,NA,0,NA,NA,NA,1245,133,NA,NA,NA,NA,NA,NA,NA,0,NA,NA,NA,NA,NA,NA,NA,NA,NA,NA,NA,NA,0.060168471720818295,15.884476534296029,NA,NA,NA,NA,NA,NA,NA,NA,NA,NA,NA,NA,0,NA,NA,0,NA,NA,0.060168471720818295,NA,0.12033694344163659,NA,NA,NA,NA,NA,NA,NA,NA,NA,NA,NA,0,NA,NA,NA,74.90974729241877,8.002406738868832,NA,NA,NA,NA,NA,NA,NA,0,NA,NA,NA,NA,NA,NA,NA,NA,NA
32087,2005,32,Ourense,87,Villamarín,2101,1761,340,10,11,1740,1751,83.81722989052832,NA,NA,NA,0,239,NA,NA,NA,NA,4,NA,NA,NA,NA,NA,NA,2,NA,NA,NA,NA,NA,NA,5,2,0,NA,NA,NA,NA,NA,NA,1,NA,NA,NA,NA,1,NA,NA,NA,1192,294,NA,NA,NA,NA,NA,NA,NA,NA,NA,NA,NA,NA,NA,NA,NA,NA,NA,NA,NA,NA,0,13.649343232438607,NA,NA,NA,NA,0.2284408909194746,NA,NA,NA,NA,NA,NA,0.1142204454597373,NA,NA,NA,NA,NA,NA,0.2855511136493432,0.1142204454597373,0,NA,NA,NA,NA,NA,NA,0.05711022272986865,NA,NA,NA,NA,0.05711022272986865,NA,NA,NA,68.07538549400343,16.790405482581384,NA,NA,NA,NA,NA,NA,NA,NA,NA,NA,NA,NA,NA,NA,NA,NA,NA
32087,2009,32,Ourense,87,Villamarín,2034,1719,315,8,14,1697,1711,84.51327433628319,NA,NA,NA,NA,206,NA,NA,NA,NA,NA,NA,NA,NA,NA,NA,NA,7,NA,NA,NA,NA,NA,NA,6,0,0,NA,0,NA,NA,NA,NA,3,NA,NA,NA,NA,0,NA,NA,NA,1138,318,NA,2,NA,NA,NA,NA,NA,NA,NA,1,NA,5,NA,NA,11,NA,NA,NA,NA,NA,NA,12.039742840444184,NA,NA,NA,NA,NA,NA,NA,NA,NA,NA,NA,0.4091174751607247,NA,NA,NA,NA,NA,NA,0.3506721215663355,0,0,NA,0,NA,NA,NA,NA,0.17533606078316774,NA,NA,NA,NA,0,NA,NA,NA,66.51081239041497,18.58562244301578,NA,0.11689070718877849,NA,NA,NA,NA,NA,NA,NA,0.058445353594389245,NA,0.29222676797194624,NA,NA,0.6428988895382818,NA,NA
32087,2012,32,Ourense,87,Vilamarín,1896,1488,408,59,26,1403,1429,78.48101265822784,0,95,NA,NA,88,NA,3,NA,1,NA,NA,NA,NA,9,0,NA,24,NA,7,NA,NA,NA,NA,NA,0,NA,NA,NA,0,NA,NA,NA,NA,NA,2,NA,0,0,1,NA,NA,932,207,0,3,0,NA,NA,0,24,0,NA,NA,0,NA,NA,0,7,NA,NA,0,6.648005598320504,NA,NA,6.158152554233729,NA,0.2099370188943317,NA,0.06997900629811056,NA,NA,NA,NA,0.6298110566829951,0,NA,1.6794961511546536,NA,0.489853044086774,NA,NA,NA,NA,NA,0,NA,NA,NA,0,NA,NA,NA,NA,NA,0.13995801259622112,NA,0,0,0.06997900629811056,NA,NA,65.22043386983904,14.485654303708886,0,0.2099370188943317,0,NA,NA,0,1.6794961511546536,0,NA,NA,0,NA,NA,0,0.489853044086774,NA,NA
32087,2016,32,Ourense,87,Vilamarín,1755,1316,439,11,17,1288,1305,74.98575498575498,0,NA,0,NA,NA,49,0,0,NA,NA,NA,NA,30,2,NA,NA,70,NA,0,NA,NA,131,NA,NA,NA,NA,1,NA,NA,NA,NA,NA,NA,0,8,4,0,NA,NA,NA,NA,855,134,NA,NA,NA,2,NA,NA,NA,NA,NA,NA,NA,NA,0,NA,NA,2,NA,0,NA,0,NA,NA,3.7547892720306515,0,0,NA,NA,NA,NA,2.2988505747126435,0.15325670498084293,NA,NA,5.363984674329502,NA,0,NA,NA,10.038314176245212,NA,NA,NA,NA,0.07662835249042146,NA,NA,NA,NA,NA,NA,0,0.6130268199233717,0.30651340996168586,0,NA,NA,NA,NA,65.51724137931035,10.268199233716475,NA,NA,NA,0.15325670498084293,NA,NA,NA,NA,NA,NA,NA,NA,0,NA,NA,0.15325670498084293,NA
32087,2020,32,Ourense,87,Vilamarín,1654,1100,554,13,10,1077,1087,66.50544135429263,NA,NA,NA,NA,140,NA,NA,NA,NA,NA,1654,0,11,NA,NA,NA,NA,NA,0,NA,NA,1,NA,NA,NA,NA,NA,NA,NA,NA,NA,NA,NA,NA,5,NA,0,NA,NA,NA,18,712,160,NA,1,NA,NA,2,NA,NA,NA,NA,NA,NA,NA,NA,NA,NA,NA,27,NA,NA,NA,NA,12.879484820607177,NA,NA,NA,NA,NA,152.16191352345908,0,1.011959521619135,NA,NA,NA,NA,NA,0,NA,NA,0.09199632014719411,NA,NA,NA,NA,NA,NA,NA,NA,NA,NA,NA,NA,0.45998160073597055,NA,0,NA,NA,NA,1.6559337626494939,65.50137994480221,14.719411223551058,NA,0.09199632014719411,NA,NA,0.18399264029438822,NA,NA,NA,NA,NA,NA,NA,NA,NA,NA,NA,2.483900643974241
32087,2024,32,Ourense,87,Vilamarín,1629,1208,421,16,9,1183,1192,74.15592387968078,NA,NA,NA,NA,263,NA,NA,NA,NA,NA,1629,NA,NA,NA,NA,NA,88,NA,1,0,NA,NA,NA,NA,NA,NA,NA,NA,NA,NA,NA,NA,NA,NA,2,NA,NA,NA,NA,2,NA,714,87,NA,1,NA,NA,NA,NA,NA,NA,3,NA,NA,NA,NA,NA,NA,NA,22,NA,NA,NA,NA,22.063758389261746,NA,NA,NA,NA,NA,136.66107382550337,NA,NA,NA,NA,NA,7.38255033557047,NA,0.08389261744966443,0,NA,NA,NA,NA,NA,NA,NA,NA,NA,NA,NA,NA,NA,NA,0.16778523489932887,NA,NA,NA,NA,0.16778523489932887,NA,59.89932885906041,7.298657718120806,NA,0.08389261744966443,NA,NA,NA,NA,NA,NA,0.25167785234899326,NA,NA,NA,NA,NA,NA,NA,1.8456375838926176
32088,2001,32,Ourense,88,Vilamartín de Valdeorras,2110,1569,541,4,9,1556,1565,74.3601895734597,NA,NA,NA,0,190,NA,NA,NA,NA,NA,NA,NA,NA,NA,NA,NA,NA,1,NA,NA,0,NA,NA,8,NA,3,NA,NA,NA,NA,NA,NA,NA,NA,NA,NA,NA,0,NA,NA,NA,1001,353,NA,NA,NA,NA,NA,NA,NA,0,NA,NA,NA,NA,NA,NA,NA,NA,NA,NA,NA,NA,0,12.140575079872203,NA,NA,NA,NA,NA,NA,NA,NA,NA,NA,NA,NA,0.06389776357827476,NA,NA,0,NA,NA,0.5111821086261981,NA,0.19169329073482427,NA,NA,NA,NA,NA,NA,NA,NA,NA,NA,NA,0,NA,NA,NA,63.96166134185304,22.55591054313099,NA,NA,NA,NA,NA,NA,NA,0,NA,NA,NA,NA,NA,NA,NA,NA,NA
32088,2005,32,Ourense,88,Vilamartín de Valdeorras,2053,1578,475,3,17,1558,1575,76.86312713102777,NA,NA,NA,3,110,NA,NA,NA,NA,0,NA,NA,NA,NA,NA,NA,0,NA,NA,NA,NA,NA,NA,5,0,0,NA,NA,NA,NA,NA,NA,1,NA,NA,NA,NA,1,NA,NA,NA,886,552,NA,NA,NA,NA,NA,NA,NA,NA,NA,NA,NA,NA,NA,NA,NA,NA,NA,NA,NA,NA,0.19047619047619047,6.984126984126984,NA,NA,NA,NA,0,NA,NA,NA,NA,NA,NA,0,NA,NA,NA,NA,NA,NA,0.31746031746031744,0,0,NA,NA,NA,NA,NA,NA,0.06349206349206349,NA,NA,NA,NA,0.06349206349206349,NA,NA,NA,56.25396825396825,35.04761904761905,NA,NA,NA,NA,NA,NA,NA,NA,NA,NA,NA,NA,NA,NA,NA,NA,NA
32088,2009,32,Ourense,88,Vilamartín de Valdeorras,1880,1319,561,19,7,1293,1300,70.15957446808511,NA,NA,NA,NA,105,NA,NA,NA,NA,NA,NA,NA,NA,NA,NA,NA,0,NA,NA,NA,NA,NA,NA,3,1,2,NA,0,NA,NA,NA,NA,0,NA,NA,NA,NA,0,NA,NA,NA,672,500,NA,1,NA,NA,NA,NA,NA,NA,NA,0,NA,2,NA,NA,7,NA,NA,NA,NA,NA,NA,8.076923076923077,NA,NA,NA,NA,NA,NA,NA,NA,NA,NA,NA,0,NA,NA,NA,NA,NA,NA,0.23076923076923078,0.07692307692307693,0.15384615384615385,NA,0,NA,NA,NA,NA,0,NA,NA,NA,NA,0,NA,NA,NA,51.69230769230769,38.46153846153847,NA,0.07692307692307693,NA,NA,NA,NA,NA,NA,NA,0,NA,0.15384615384615385,NA,NA,0.5384615384615384,NA,NA
32088,2012,32,Ourense,88,Vilamartín de Valdeorras,1704,1005,699,14,12,979,991,58.97887323943662,0,53,NA,NA,46,NA,0,NA,0,NA,NA,NA,NA,3,0,NA,2,NA,6,NA,NA,NA,NA,NA,1,NA,NA,NA,0,NA,NA,NA,NA,NA,2,NA,0,0,0,NA,NA,490,357,0,0,0,NA,NA,0,18,0,NA,NA,0,NA,NA,0,1,NA,NA,0,5.348133198789102,NA,NA,4.641775983854692,NA,0,NA,0,NA,NA,NA,NA,0.30272452068617556,0,NA,0.20181634712411706,NA,0.6054490413723511,NA,NA,NA,NA,NA,0.10090817356205853,NA,NA,NA,0,NA,NA,NA,NA,NA,0.20181634712411706,NA,0,0,0,NA,NA,49.44500504540868,36.02421796165489,0,0,0,NA,NA,0,1.8163471241170535,0,NA,NA,0,NA,NA,0,0.10090817356205853,NA,NA
32088,2016,32,Ourense,88,Vilamartín de Valdeorras,1624,950,674,4,7,939,946,58.49753694581281,0,NA,0,NA,NA,34,0,0,NA,NA,NA,NA,21,0,NA,NA,6,NA,0,NA,NA,111,NA,NA,NA,NA,3,NA,NA,NA,NA,NA,NA,0,6,1,3,NA,NA,NA,NA,493,259,NA,NA,NA,0,NA,NA,NA,NA,NA,NA,NA,NA,0,NA,NA,2,NA,0,NA,0,NA,NA,3.5940803382663846,0,0,NA,NA,NA,NA,2.2198731501057085,0,NA,NA,0.6342494714587738,NA,0,NA,NA,11.733615221987314,NA,NA,NA,NA,0.3171247357293869,NA,NA,NA,NA,NA,NA,0,0.6342494714587738,0.10570824524312897,0.3171247357293869,NA,NA,NA,NA,52.114164904862584,27.378435517970402,NA,NA,NA,0,NA,NA,NA,NA,NA,NA,NA,NA,0,NA,NA,0.21141649048625794,NA
32088,2020,32,Ourense,88,Vilamartín de Valdeorras,1624,851,773,7,6,838,844,52.40147783251231,NA,NA,NA,NA,95,NA,NA,NA,NA,NA,1624,0,1,NA,NA,NA,NA,NA,0,NA,NA,2,NA,NA,NA,NA,NA,NA,NA,NA,NA,NA,NA,NA,1,NA,1,NA,NA,NA,24,450,247,NA,0,NA,NA,1,NA,NA,NA,NA,NA,NA,NA,NA,NA,NA,NA,16,NA,NA,NA,NA,11.255924170616113,NA,NA,NA,NA,NA,192.4170616113744,0,0.11848341232227488,NA,NA,NA,NA,NA,0,NA,NA,0.23696682464454977,NA,NA,NA,NA,NA,NA,NA,NA,NA,NA,NA,NA,0.11848341232227488,NA,0.11848341232227488,NA,NA,NA,2.843601895734597,53.317535545023695,29.265402843601894,NA,0,NA,NA,0.11848341232227488,NA,NA,NA,NA,NA,NA,NA,NA,NA,NA,NA,1.8957345971563981
32088,2024,32,Ourense,88,Vilamartín de Valdeorras,1586,926,660,13,4,909,913,58.38587641866331,NA,NA,NA,NA,170,NA,NA,NA,NA,NA,1586,NA,NA,NA,NA,NA,13,NA,0,0,NA,NA,NA,NA,NA,NA,NA,NA,NA,NA,NA,NA,NA,NA,2,NA,NA,NA,NA,3,NA,466,214,NA,0,NA,NA,NA,NA,NA,NA,16,NA,NA,NA,NA,NA,NA,NA,25,NA,NA,NA,NA,18.619934282584886,NA,NA,NA,NA,NA,173.7130339539978,NA,NA,NA,NA,NA,1.4238773274917853,NA,0,0,NA,NA,NA,NA,NA,NA,NA,NA,NA,NA,NA,NA,NA,NA,0.21905805038335158,NA,NA,NA,NA,0.32858707557502737,NA,51.04052573932092,23.43921139101862,NA,0,NA,NA,NA,NA,NA,NA,1.7524644030668126,NA,NA,NA,NA,NA,NA,NA,2.7382256297918945
32089,2001,32,Ourense,89,Vilar de Barrio,1810,1371,439,3,5,1363,1368,75.74585635359115,NA,NA,NA,0,159,NA,NA,NA,NA,NA,NA,NA,NA,NA,NA,NA,NA,1,NA,NA,1,NA,NA,2,NA,1,NA,NA,NA,NA,NA,NA,NA,NA,NA,NA,NA,0,NA,NA,NA,1005,194,NA,NA,NA,NA,NA,NA,NA,0,NA,NA,NA,NA,NA,NA,NA,NA,NA,NA,NA,NA,0,11.62280701754386,NA,NA,NA,NA,NA,NA,NA,NA,NA,NA,NA,NA,0.07309941520467836,NA,NA,0.07309941520467836,NA,NA,0.14619883040935672,NA,0.07309941520467836,NA,NA,NA,NA,NA,NA,NA,NA,NA,NA,NA,0,NA,NA,NA,73.46491228070175,14.181286549707602,NA,NA,NA,NA,NA,NA,NA,0,NA,NA,NA,NA,NA,NA,NA,NA,NA
32089,2005,32,Ourense,89,Vilar de Barrio,1713,1240,473,8,9,1223,1232,72.38762405137186,NA,NA,NA,0,152,NA,NA,NA,NA,0,NA,NA,NA,NA,NA,NA,1,NA,NA,NA,NA,NA,NA,1,0,1,NA,NA,NA,NA,NA,NA,0,NA,NA,NA,NA,1,NA,NA,NA,815,252,NA,NA,NA,NA,NA,NA,NA,NA,NA,NA,NA,NA,NA,NA,NA,NA,NA,NA,NA,NA,0,12.337662337662337,NA,NA,NA,NA,0,NA,NA,NA,NA,NA,NA,0.08116883116883117,NA,NA,NA,NA,NA,NA,0.08116883116883117,0,0.08116883116883117,NA,NA,NA,NA,NA,NA,0,NA,NA,NA,NA,0.08116883116883117,NA,NA,NA,66.15259740259741,20.454545454545457,NA,NA,NA,NA,NA,NA,NA,NA,NA,NA,NA,NA,NA,NA,NA,NA,NA
32089,2009,32,Ourense,89,Vilar de Barrio,1572,1181,391,13,1,1167,1168,75.12722646310432,NA,NA,NA,NA,179,NA,NA,NA,NA,NA,NA,NA,NA,NA,NA,NA,0,NA,NA,NA,NA,NA,NA,1,0,0,NA,12,NA,NA,NA,NA,1,NA,NA,NA,NA,0,NA,NA,NA,713,257,NA,1,NA,NA,NA,NA,NA,NA,NA,0,NA,0,NA,NA,3,NA,NA,NA,NA,NA,NA,15.325342465753424,NA,NA,NA,NA,NA,NA,NA,NA,NA,NA,NA,0,NA,NA,NA,NA,NA,NA,0.08561643835616438,0,0,NA,1.0273972602739725,NA,NA,NA,NA,0.08561643835616438,NA,NA,NA,NA,0,NA,NA,NA,61.044520547945204,22.003424657534246,NA,0.08561643835616438,NA,NA,NA,NA,NA,NA,NA,0,NA,0,NA,NA,0.2568493150684931,NA,NA
32089,2012,32,Ourense,89,Vilar de Barrio,1439,939,500,20,16,903,919,65.25364836692147,0,28,NA,NA,75,NA,0,NA,2,NA,NA,NA,NA,8,0,NA,0,NA,7,NA,NA,NA,NA,NA,0,NA,NA,NA,0,NA,NA,NA,NA,NA,2,NA,0,0,1,NA,NA,589,183,0,0,0,NA,NA,0,4,0,NA,NA,1,NA,NA,0,3,NA,NA,0,3.0467899891186074,NA,NA,8.161044613710555,NA,0,NA,0.2176278563656148,NA,NA,NA,NA,0.8705114254624592,0,NA,0,NA,0.7616974972796519,NA,NA,NA,NA,NA,0,NA,NA,NA,0,NA,NA,NA,NA,NA,0.2176278563656148,NA,0,0,0.1088139281828074,NA,NA,64.09140369967355,19.912948857453756,0,0,0,NA,NA,0,0.4352557127312296,0,NA,NA,0.1088139281828074,NA,NA,0,0.3264417845484222,NA,NA
32089,2016,32,Ourense,89,Vilar de Barrio,1287,841,446,7,15,819,834,65.34576534576534,0,NA,0,NA,NA,55,0,0,NA,NA,NA,NA,22,2,NA,NA,6,NA,0,NA,NA,60,NA,NA,NA,NA,0,NA,NA,NA,NA,NA,NA,0,2,0,1,NA,NA,NA,NA,532,138,NA,NA,NA,1,NA,NA,NA,NA,NA,NA,NA,NA,0,NA,NA,0,NA,0,NA,0,NA,NA,6.594724220623502,0,0,NA,NA,NA,NA,2.6378896882494005,0.2398081534772182,NA,NA,0.7194244604316548,NA,0,NA,NA,7.1942446043165464,NA,NA,NA,NA,0,NA,NA,NA,NA,NA,NA,0,0.2398081534772182,0,0.1199040767386091,NA,NA,NA,NA,63.78896882494005,16.546762589928058,NA,NA,NA,0.1199040767386091,NA,NA,NA,NA,NA,NA,NA,NA,0,NA,NA,0,NA
32089,2020,32,Ourense,89,Vilar de Barrio,1207,699,508,6,4,689,693,57.91217895608948,NA,NA,NA,NA,228,NA,NA,NA,NA,NA,1207,0,7,NA,NA,NA,NA,NA,1,NA,NA,2,NA,NA,NA,NA,NA,NA,NA,NA,NA,NA,NA,NA,2,NA,1,NA,NA,NA,6,344,83,NA,0,NA,NA,1,NA,NA,NA,NA,NA,NA,NA,NA,NA,NA,NA,14,NA,NA,NA,NA,32.900432900432904,NA,NA,NA,NA,NA,174.17027417027418,0,1.0101010101010102,NA,NA,NA,NA,NA,0.1443001443001443,NA,NA,0.2886002886002886,NA,NA,NA,NA,NA,NA,NA,NA,NA,NA,NA,NA,0.2886002886002886,NA,0.1443001443001443,NA,NA,NA,0.8658008658008658,49.63924963924964,11.976911976911978,NA,0,NA,NA,0.1443001443001443,NA,NA,NA,NA,NA,NA,NA,NA,NA,NA,NA,2.0202020202020203
32089,2024,32,Ourense,89,Vilar de Barrio,1122,772,350,5,6,761,767,68.80570409982175,NA,NA,NA,NA,216,NA,NA,NA,NA,NA,1122,NA,NA,NA,NA,NA,35,NA,0,0,NA,NA,NA,NA,NA,NA,NA,NA,NA,NA,NA,NA,NA,NA,1,NA,NA,NA,NA,1,NA,417,80,NA,0,NA,NA,NA,NA,NA,NA,5,NA,NA,NA,NA,NA,NA,NA,6,NA,NA,NA,NA,28.16166883963494,NA,NA,NA,NA,NA,146.28422425032593,NA,NA,NA,NA,NA,4.563233376792699,NA,0,0,NA,NA,NA,NA,NA,NA,NA,NA,NA,NA,NA,NA,NA,NA,0.1303780964797914,NA,NA,NA,NA,0.1303780964797914,NA,54.367666232073006,10.430247718383312,NA,0,NA,NA,NA,NA,NA,NA,0.651890482398957,NA,NA,NA,NA,NA,NA,NA,0.7822685788787485
32090,2001,32,Ourense,90,Vilar de Santos,886,666,220,2,1,663,664,75.16930022573364,NA,NA,NA,0,456,NA,NA,NA,NA,NA,NA,NA,NA,NA,NA,NA,NA,1,NA,NA,0,NA,NA,0,NA,0,NA,NA,NA,NA,NA,NA,NA,NA,NA,NA,NA,0,NA,NA,NA,178,28,NA,NA,NA,NA,NA,NA,NA,0,NA,NA,NA,NA,NA,NA,NA,NA,NA,NA,NA,NA,0,68.67469879518072,NA,NA,NA,NA,NA,NA,NA,NA,NA,NA,NA,NA,0.15060240963855423,NA,NA,0,NA,NA,0,NA,0,NA,NA,NA,NA,NA,NA,NA,NA,NA,NA,NA,0,NA,NA,NA,26.80722891566265,4.216867469879518,NA,NA,NA,NA,NA,NA,NA,0,NA,NA,NA,NA,NA,NA,NA,NA,NA
32090,2005,32,Ourense,90,Vilar de Santos,896,707,189,0,6,701,707,78.90625,NA,NA,NA,0,466,NA,NA,NA,NA,0,NA,NA,NA,NA,NA,NA,0,NA,NA,NA,NA,NA,NA,0,0,0,NA,NA,NA,NA,NA,NA,2,NA,NA,NA,NA,0,NA,NA,NA,192,41,NA,NA,NA,NA,NA,NA,NA,NA,NA,NA,NA,NA,NA,NA,NA,NA,NA,NA,NA,NA,0,65.91230551626592,NA,NA,NA,NA,0,NA,NA,NA,NA,NA,NA,0,NA,NA,NA,NA,NA,NA,0,0,0,NA,NA,NA,NA,NA,NA,0.2828854314002829,NA,NA,NA,NA,0,NA,NA,NA,27.157001414427157,5.799151343705799,NA,NA,NA,NA,NA,NA,NA,NA,NA,NA,NA,NA,NA,NA,NA,NA,NA
32090,2009,32,Ourense,90,Vilar de Santos,881,703,178,9,6,688,694,79.79568671963678,NA,NA,NA,NA,461,NA,NA,NA,NA,NA,NA,NA,NA,NA,NA,NA,0,NA,NA,NA,NA,NA,NA,2,0,1,NA,0,NA,NA,NA,NA,2,NA,NA,NA,NA,0,NA,NA,NA,179,42,NA,0,NA,NA,NA,NA,NA,NA,NA,0,NA,0,NA,NA,1,NA,NA,NA,NA,NA,NA,66.4265129682997,NA,NA,NA,NA,NA,NA,NA,NA,NA,NA,NA,0,NA,NA,NA,NA,NA,NA,0.2881844380403458,0,0.1440922190201729,NA,0,NA,NA,NA,NA,0.2881844380403458,NA,NA,NA,NA,0,NA,NA,NA,25.79250720461095,6.051873198847262,NA,0,NA,NA,NA,NA,NA,NA,NA,0,NA,0,NA,NA,0.1440922190201729,NA,NA
32090,2012,32,Ourense,90,Vilar de Santos,821,609,212,10,3,596,599,74.17783191230207,0,28,NA,NA,38,NA,0,NA,0,NA,NA,NA,NA,317,0,NA,2,NA,2,NA,NA,NA,NA,NA,1,NA,NA,NA,0,NA,NA,NA,NA,NA,0,NA,0,0,0,NA,NA,167,33,2,0,0,NA,NA,0,5,0,NA,NA,0,NA,NA,0,1,NA,NA,0,4.674457429048414,NA,NA,6.3439065108514185,NA,0,NA,0,NA,NA,NA,NA,52.92153589315526,0,NA,0.333889816360601,NA,0.333889816360601,NA,NA,NA,NA,NA,0.1669449081803005,NA,NA,NA,0,NA,NA,NA,NA,NA,0,NA,0,0,0,NA,NA,27.879799666110184,5.509181969949917,0.333889816360601,0,0,NA,NA,0,0.8347245409015025,0,NA,NA,0,NA,NA,0,0.1669449081803005,NA,NA
32090,2016,32,Ourense,90,Vilar de Santos,772,527,245,2,3,522,525,68.26424870466322,0,NA,0,NA,NA,35,0,0,NA,NA,NA,NA,7,4,NA,NA,1,NA,0,NA,NA,257,NA,NA,NA,NA,0,NA,NA,NA,NA,NA,NA,0,1,0,2,NA,NA,NA,NA,187,27,NA,NA,NA,1,NA,NA,NA,NA,NA,NA,NA,NA,0,NA,NA,0,NA,0,NA,0,NA,NA,6.666666666666667,0,0,NA,NA,NA,NA,1.3333333333333335,0.7619047619047619,NA,NA,0.19047619047619047,NA,0,NA,NA,48.952380952380956,NA,NA,NA,NA,0,NA,NA,NA,NA,NA,NA,0,0.19047619047619047,0,0.38095238095238093,NA,NA,NA,NA,35.61904761904762,5.142857142857142,NA,NA,NA,0.19047619047619047,NA,NA,NA,NA,NA,NA,NA,NA,0,NA,NA,0,NA
32090,2020,32,Ourense,90,Vilar de Santos,719,430,289,4,3,423,426,59.80528511821975,NA,NA,NA,NA,155,NA,NA,NA,NA,NA,719,0,0,NA,NA,NA,NA,NA,0,NA,NA,0,NA,NA,NA,NA,NA,NA,NA,NA,NA,NA,NA,NA,0,NA,1,NA,NA,NA,4,200,53,NA,0,NA,NA,0,NA,NA,NA,NA,NA,NA,NA,NA,NA,NA,NA,10,NA,NA,NA,NA,36.38497652582159,NA,NA,NA,NA,NA,168.7793427230047,0,0,NA,NA,NA,NA,NA,0,NA,NA,0,NA,NA,NA,NA,NA,NA,NA,NA,NA,NA,NA,NA,0,NA,0.2347417840375587,NA,NA,NA,0.9389671361502347,46.948356807511736,12.44131455399061,NA,0,NA,NA,0,NA,NA,NA,NA,NA,NA,NA,NA,NA,NA,NA,2.3474178403755865
32090,2024,32,Ourense,90,Vilar de Santos,698,534,164,2,3,529,532,76.50429799426934,NA,NA,NA,NA,317,NA,NA,NA,NA,NA,698,NA,NA,NA,NA,NA,13,NA,1,0,NA,NA,NA,NA,NA,NA,NA,NA,NA,NA,NA,NA,NA,NA,0,NA,NA,NA,NA,0,NA,170,20,NA,0,NA,NA,NA,NA,NA,NA,0,NA,NA,NA,NA,NA,NA,NA,8,NA,NA,NA,NA,59.58646616541353,NA,NA,NA,NA,NA,131.203007518797,NA,NA,NA,NA,NA,2.443609022556391,NA,0.18796992481203006,0,NA,NA,NA,NA,NA,NA,NA,NA,NA,NA,NA,NA,NA,NA,0,NA,NA,NA,NA,0,NA,31.954887218045116,3.7593984962406015,NA,0,NA,NA,NA,NA,NA,NA,0,NA,NA,NA,NA,NA,NA,NA,1.5037593984962405
32091,2001,32,Ourense,91,Vilardevós,2560,1609,951,2,6,1601,1607,62.8515625,NA,NA,NA,0,234,NA,NA,NA,NA,NA,NA,NA,NA,NA,NA,NA,NA,7,NA,NA,0,NA,NA,2,NA,1,NA,NA,NA,NA,NA,NA,NA,NA,NA,NA,NA,0,NA,NA,NA,680,677,NA,NA,NA,NA,NA,NA,NA,0,NA,NA,NA,NA,NA,NA,NA,NA,NA,NA,NA,NA,0,14.561294337274425,NA,NA,NA,NA,NA,NA,NA,NA,NA,NA,NA,NA,0.43559427504667086,NA,NA,0,NA,NA,0.12445550715619166,NA,0.06222775357809583,NA,NA,NA,NA,NA,NA,NA,NA,NA,NA,NA,0,NA,NA,NA,42.314872433105165,42.12818917237088,NA,NA,NA,NA,NA,NA,NA,0,NA,NA,NA,NA,NA,NA,NA,NA,NA
32091,2005,32,Ourense,91,Vilardevós,2322,1687,635,1,3,1683,1686,72.65288544358312,NA,NA,NA,0,175,NA,NA,NA,NA,0,NA,NA,NA,NA,NA,NA,0,NA,NA,NA,NA,NA,NA,2,0,0,NA,NA,NA,NA,NA,NA,1,NA,NA,NA,NA,0,NA,NA,NA,737,768,NA,NA,NA,NA,NA,NA,NA,NA,NA,NA,NA,NA,NA,NA,NA,NA,NA,NA,NA,NA,0,10.379596678529063,NA,NA,NA,NA,0,NA,NA,NA,NA,NA,NA,0,NA,NA,NA,NA,NA,NA,0.11862396204033215,0,0,NA,NA,NA,NA,NA,NA,0.05931198102016608,NA,NA,NA,NA,0,NA,NA,NA,43.7129300118624,45.55160142348754,NA,NA,NA,NA,NA,NA,NA,NA,NA,NA,NA,NA,NA,NA,NA,NA,NA
32091,2009,32,Ourense,91,Vilardevós,2138,1659,479,10,7,1642,1649,77.59588400374182,NA,NA,NA,NA,167,NA,NA,NA,NA,NA,NA,NA,NA,NA,NA,NA,0,NA,NA,NA,NA,NA,NA,1,1,0,NA,1,NA,NA,NA,NA,0,NA,NA,NA,NA,0,NA,NA,NA,704,767,NA,1,NA,NA,NA,NA,NA,NA,NA,0,NA,0,NA,NA,0,NA,NA,NA,NA,NA,NA,10.127349909035779,NA,NA,NA,NA,NA,NA,NA,NA,NA,NA,NA,0,NA,NA,NA,NA,NA,NA,0.06064281382656155,0.06064281382656155,0,NA,0.06064281382656155,NA,NA,NA,NA,0,NA,NA,NA,NA,0,NA,NA,NA,42.69254093389933,46.51303820497271,NA,0.06064281382656155,NA,NA,NA,NA,NA,NA,NA,0,NA,0,NA,NA,0,NA,NA
32091,2012,32,Ourense,91,Vilardevós,1932,1404,528,9,11,1384,1395,72.67080745341616,0,30,NA,NA,71,NA,0,NA,0,NA,NA,NA,NA,6,0,NA,0,NA,1,NA,NA,NA,NA,NA,0,NA,NA,NA,0,NA,NA,NA,NA,NA,0,NA,0,0,1,NA,NA,825,438,1,0,0,NA,NA,0,8,0,NA,NA,0,NA,NA,0,3,NA,NA,0,2.1505376344086025,NA,NA,5.089605734767025,NA,0,NA,0,NA,NA,NA,NA,0.43010752688172044,0,NA,0,NA,0.07168458781362007,NA,NA,NA,NA,NA,0,NA,NA,NA,0,NA,NA,NA,NA,NA,0,NA,0,0,0.07168458781362007,NA,NA,59.13978494623656,31.397849462365592,0.07168458781362007,0,0,NA,NA,0,0.5734767025089605,0,NA,NA,0,NA,NA,0,0.21505376344086022,NA,NA
32091,2016,32,Ourense,91,Vilardevós,1833,1347,486,12,4,1331,1335,73.48608837970541,0,NA,0,NA,NA,57,0,0,NA,NA,NA,NA,12,0,NA,NA,3,NA,0,NA,NA,69,NA,NA,NA,NA,0,NA,NA,NA,NA,NA,NA,0,4,0,2,NA,NA,NA,NA,788,396,NA,NA,NA,0,NA,NA,NA,NA,NA,NA,NA,NA,0,NA,NA,0,NA,0,NA,0,NA,NA,4.269662921348314,0,0,NA,NA,NA,NA,0.8988764044943821,0,NA,NA,0.22471910112359553,NA,0,NA,NA,5.168539325842696,NA,NA,NA,NA,0,NA,NA,NA,NA,NA,NA,0,0.299625468164794,0,0.149812734082397,NA,NA,NA,NA,59.02621722846442,29.662921348314608,NA,NA,NA,0,NA,NA,NA,NA,NA,NA,NA,NA,0,NA,NA,0,NA
32091,2020,32,Ourense,91,Vilardevós,1663,1155,508,3,3,1149,1152,69.45279615153336,NA,NA,NA,NA,164,NA,NA,NA,NA,NA,1663,1,0,NA,NA,NA,NA,NA,0,NA,NA,0,NA,NA,NA,NA,NA,NA,NA,NA,NA,NA,NA,NA,0,NA,0,NA,NA,NA,15,583,361,NA,0,NA,NA,3,NA,NA,NA,NA,NA,NA,NA,NA,NA,NA,NA,22,NA,NA,NA,NA,14.23611111111111,NA,NA,NA,NA,NA,144.35763888888889,0.08680555555555555,0,NA,NA,NA,NA,NA,0,NA,NA,0,NA,NA,NA,NA,NA,NA,NA,NA,NA,NA,NA,NA,0,NA,0,NA,NA,NA,1.3020833333333335,50.607638888888886,31.336805555555557,NA,0,NA,NA,0.26041666666666663,NA,NA,NA,NA,NA,NA,NA,NA,NA,NA,NA,1.9097222222222223
32091,2024,32,Ourense,91,Vilardevós,1523,1134,389,5,7,1122,1129,74.45830597504924,NA,NA,NA,NA,190,NA,NA,NA,NA,NA,1523,NA,NA,NA,NA,NA,6,NA,0,3,NA,NA,NA,NA,NA,NA,NA,NA,NA,NA,NA,NA,NA,NA,2,NA,NA,NA,NA,3,NA,596,306,NA,0,NA,NA,NA,NA,NA,NA,3,NA,NA,NA,NA,NA,NA,NA,13,NA,NA,NA,NA,16.82905225863596,NA,NA,NA,NA,NA,134.89813994685562,NA,NA,NA,NA,NA,0.5314437555358724,NA,0,0.2657218777679362,NA,NA,NA,NA,NA,NA,NA,NA,NA,NA,NA,NA,NA,NA,0.1771479185119575,NA,NA,NA,NA,0.2657218777679362,NA,52.79007971656333,27.103631532329498,NA,0,NA,NA,NA,NA,NA,NA,0.2657218777679362,NA,NA,NA,NA,NA,NA,NA,1.1514614703277237
32092,2001,32,Ourense,92,Vilariño de Conso,704,488,216,5,2,481,483,69.31818181818183,NA,NA,NA,0,91,NA,NA,NA,NA,NA,NA,NA,NA,NA,NA,NA,NA,1,NA,NA,0,NA,NA,1,NA,0,NA,NA,NA,NA,NA,NA,NA,NA,NA,NA,NA,1,NA,NA,NA,311,76,NA,NA,NA,NA,NA,NA,NA,0,NA,NA,NA,NA,NA,NA,NA,NA,NA,NA,NA,NA,0,18.84057971014493,NA,NA,NA,NA,NA,NA,NA,NA,NA,NA,NA,NA,0.2070393374741201,NA,NA,0,NA,NA,0.2070393374741201,NA,0,NA,NA,NA,NA,NA,NA,NA,NA,NA,NA,NA,0.2070393374741201,NA,NA,NA,64.38923395445134,15.734989648033126,NA,NA,NA,NA,NA,NA,NA,0,NA,NA,NA,NA,NA,NA,NA,NA,NA
32092,2005,32,Ourense,92,Vilariño de Conso,648,477,171,2,7,468,475,73.61111111111111,NA,NA,NA,0,100,NA,NA,NA,NA,0,NA,NA,NA,NA,NA,NA,0,NA,NA,NA,NA,NA,NA,1,0,1,NA,NA,NA,NA,NA,NA,0,NA,NA,NA,NA,0,NA,NA,NA,244,122,NA,NA,NA,NA,NA,NA,NA,NA,NA,NA,NA,NA,NA,NA,NA,NA,NA,NA,NA,NA,0,21.052631578947366,NA,NA,NA,NA,0,NA,NA,NA,NA,NA,NA,0,NA,NA,NA,NA,NA,NA,0.21052631578947367,0,0.21052631578947367,NA,NA,NA,NA,NA,NA,0,NA,NA,NA,NA,0,NA,NA,NA,51.368421052631575,25.684210526315788,NA,NA,NA,NA,NA,NA,NA,NA,NA,NA,NA,NA,NA,NA,NA,NA,NA
32092,2009,32,Ourense,92,Vilariño de Conso,622,464,158,5,15,444,459,74.59807073954984,NA,NA,NA,NA,148,NA,NA,NA,NA,NA,NA,NA,NA,NA,NA,NA,0,NA,NA,NA,NA,NA,NA,0,1,1,NA,0,NA,NA,NA,NA,0,NA,NA,NA,NA,0,NA,NA,NA,172,121,NA,0,NA,NA,NA,NA,NA,NA,NA,1,NA,0,NA,NA,0,NA,NA,NA,NA,NA,NA,32.24400871459695,NA,NA,NA,NA,NA,NA,NA,NA,NA,NA,NA,0,NA,NA,NA,NA,NA,NA,0,0.2178649237472767,0.2178649237472767,NA,0,NA,NA,NA,NA,0,NA,NA,NA,NA,0,NA,NA,NA,37.47276688453159,26.361655773420477,NA,0,NA,NA,NA,NA,NA,NA,NA,0.2178649237472767,NA,0,NA,NA,0,NA,NA
32092,2012,32,Ourense,92,Vilariño de Conso,559,348,211,8,7,333,340,62.25402504472272,0,31,NA,NA,25,NA,0,NA,0,NA,NA,NA,NA,2,0,NA,3,NA,0,NA,NA,NA,NA,NA,1,NA,NA,NA,0,NA,NA,NA,NA,NA,1,NA,0,0,0,NA,NA,186,81,0,0,0,NA,NA,0,1,0,NA,NA,0,NA,NA,0,2,NA,NA,0,9.117647058823529,NA,NA,7.352941176470589,NA,0,NA,0,NA,NA,NA,NA,0.5882352941176471,0,NA,0.8823529411764706,NA,0,NA,NA,NA,NA,NA,0.29411764705882354,NA,NA,NA,0,NA,NA,NA,NA,NA,0.29411764705882354,NA,0,0,0,NA,NA,54.70588235294118,23.823529411764703,0,0,0,NA,NA,0,0.29411764705882354,0,NA,NA,0,NA,NA,0,0.5882352941176471,NA,NA
32092,2016,32,Ourense,92,Vilariño de Conso,520,331,189,2,2,327,329,63.653846153846146,0,NA,0,NA,NA,14,0,0,NA,NA,NA,NA,8,0,NA,NA,2,NA,0,NA,NA,69,NA,NA,NA,NA,1,NA,NA,NA,NA,NA,NA,0,2,2,0,NA,NA,NA,NA,190,39,NA,NA,NA,0,NA,NA,NA,NA,NA,NA,NA,NA,0,NA,NA,0,NA,0,NA,0,NA,NA,4.25531914893617,0,0,NA,NA,NA,NA,2.43161094224924,0,NA,NA,0.60790273556231,NA,0,NA,NA,20.972644376899694,NA,NA,NA,NA,0.303951367781155,NA,NA,NA,NA,NA,NA,0,0.60790273556231,0.60790273556231,0,NA,NA,NA,NA,57.75075987841946,11.854103343465045,NA,NA,NA,0,NA,NA,NA,NA,NA,NA,NA,NA,0,NA,NA,0,NA
32092,2020,32,Ourense,92,Vilariño de Conso,477,288,189,5,3,280,283,60.37735849056604,NA,NA,NA,NA,75,NA,NA,NA,NA,NA,477,0,0,NA,NA,NA,NA,NA,1,NA,NA,0,NA,NA,NA,NA,NA,NA,NA,NA,NA,NA,NA,NA,0,NA,1,NA,NA,NA,5,142,48,NA,0,NA,NA,5,NA,NA,NA,NA,NA,NA,NA,NA,NA,NA,NA,3,NA,NA,NA,NA,26.501766784452297,NA,NA,NA,NA,NA,168.5512367491166,0,0,NA,NA,NA,NA,NA,0.35335689045936397,NA,NA,0,NA,NA,NA,NA,NA,NA,NA,NA,NA,NA,NA,NA,0,NA,0.35335689045936397,NA,NA,NA,1.76678445229682,50.17667844522968,16.96113074204947,NA,0,NA,NA,1.76678445229682,NA,NA,NA,NA,NA,NA,NA,NA,NA,NA,NA,1.0600706713780919
32092,2024,32,Ourense,92,Vilariño de Conso,474,339,135,6,3,330,333,71.51898734177216,NA,NA,NA,NA,89,NA,NA,NA,NA,NA,474,NA,NA,NA,NA,NA,6,NA,0,0,NA,NA,NA,NA,NA,NA,NA,NA,NA,NA,NA,NA,NA,NA,1,NA,NA,NA,NA,3,NA,192,33,NA,0,NA,NA,NA,NA,NA,NA,0,NA,NA,NA,NA,NA,NA,NA,6,NA,NA,NA,NA,26.726726726726728,NA,NA,NA,NA,NA,142.34234234234233,NA,NA,NA,NA,NA,1.8018018018018018,NA,0,0,NA,NA,NA,NA,NA,NA,NA,NA,NA,NA,NA,NA,NA,NA,0.3003003003003003,NA,NA,NA,NA,0.9009009009009009,NA,57.65765765765766,9.90990990990991,NA,0,NA,NA,NA,NA,NA,NA,0,NA,NA,NA,NA,NA,NA,NA,1.8018018018018018
32990,2001,32,Ourense,990,C.E.R.A. Ourense,59730,13222,46508,35,12,13175,13187,22.136279926335174,NA,NA,NA,105,843,NA,NA,NA,NA,NA,NA,NA,NA,NA,NA,NA,NA,132,NA,NA,54,NA,NA,152,NA,77,NA,NA,NA,NA,NA,NA,NA,NA,NA,NA,NA,153,NA,NA,NA,9220,2439,NA,NA,NA,NA,NA,NA,NA,0,NA,NA,NA,NA,NA,NA,NA,NA,NA,NA,NA,NA,0.7962387199514673,6.392659437324638,NA,NA,NA,NA,NA,NA,NA,NA,NA,NA,NA,NA,1.000985819367559,NA,NA,0.4094941988321832,NA,NA,1.1526503374535528,NA,0.5839083946310761,NA,NA,NA,NA,NA,NA,NA,NA,NA,NA,NA,1.1602335633578524,NA,NA,NA,69.91734283764313,18.49548798058694,NA,NA,NA,NA,NA,NA,NA,0,NA,NA,NA,NA,NA,NA,NA,NA,NA
32990,2009,32,Ourense,990,C.E.R.A. Ourense,74472,15800,58672,46,31,15723,15754,21.21602750026856,NA,NA,NA,NA,659,NA,NA,NA,NA,NA,NA,NA,NA,NA,NA,NA,138,NA,NA,NA,NA,NA,NA,89,19,21,NA,52,NA,NA,NA,NA,6,NA,NA,NA,NA,42,NA,NA,NA,6465,7979,NA,132,NA,NA,NA,NA,NA,NA,NA,55,NA,18,NA,NA,48,NA,NA,NA,NA,NA,NA,4.183064618509585,NA,NA,NA,NA,NA,NA,NA,NA,NA,NA,NA,0.8759680081249206,NA,NA,NA,NA,NA,NA,0.5649358892979561,0.12060429097372097,0.13329947949727053,NA,0.3300749016122889,NA,NA,NA,NA,0.038085565570648724,NA,NA,NA,NA,0.26659895899454106,NA,NA,NA,41.037196902374,50.647454614701026,NA,0.8378824425542719,NA,NA,NA,NA,NA,NA,NA,0.3491176843976133,NA,0.11425669671194617,NA,NA,0.3046845245651898,NA,NA
32990,2012,32,Ourense,990,C.E.R.A. Ourense,88725,2442,86283,28,3,2411,2414,2.752324598478445,0,67,NA,NA,111,NA,3,NA,9,NA,NA,NA,NA,26,0,NA,39,NA,3,NA,NA,NA,NA,NA,2,NA,NA,NA,0,NA,NA,NA,NA,NA,52,NA,0,0,13,NA,NA,1202,636,43,22,4,NA,NA,0,144,0,NA,NA,8,NA,NA,0,27,NA,NA,0,2.775476387738194,NA,NA,4.59817729908865,NA,0.12427506213753108,NA,0.3728251864125932,NA,NA,NA,NA,1.0770505385252693,0,NA,1.6155758077879039,NA,0.12427506213753108,NA,NA,NA,NA,NA,0.08285004142502071,NA,NA,NA,0,NA,NA,NA,NA,NA,2.1541010770505387,NA,0,0,0.5385252692626347,NA,NA,49.79287489643745,26.346313173156588,1.7812758906379451,0.9113504556752278,0.16570008285004142,NA,NA,0,5.965202982601491,0,NA,NA,0.33140016570008285,NA,NA,0,1.1184755592377795,NA,NA
32990,2016,32,Ourense,990,Residentes Ausentes Ourense,98942,1948,96994,23,6,1919,1925,1.9688302237674598,0,NA,0,NA,NA,58,0,0,NA,NA,NA,NA,70,11,NA,NA,41,NA,0,NA,NA,214,NA,NA,NA,NA,20,NA,NA,NA,NA,NA,NA,0,63,19,7,NA,NA,NA,NA,1059,344,NA,NA,NA,9,NA,NA,NA,NA,NA,NA,NA,NA,0,NA,NA,4,NA,0,NA,0,NA,NA,3.012987012987013,0,0,NA,NA,NA,NA,3.6363636363636362,0.5714285714285714,NA,NA,2.12987012987013,NA,0,NA,NA,11.116883116883116,NA,NA,NA,NA,1.0389610389610389,NA,NA,NA,NA,NA,NA,0,3.272727272727273,0.9870129870129871,0.36363636363636365,NA,NA,NA,NA,55.01298701298701,17.87012987012987,NA,NA,NA,0.4675324675324675,NA,NA,NA,NA,NA,NA,NA,NA,0,NA,NA,0.2077922077922078,NA
32990,2020,32,Ourense,990,Residentes Ausentes Ourense,101403,1033,100370,3,4,1026,1030,1.0187075333076931,NA,NA,NA,NA,139,NA,NA,NA,NA,NA,101403,2,31,NA,NA,NA,NA,NA,1,NA,NA,6,NA,NA,NA,NA,NA,NA,NA,NA,NA,NA,NA,NA,17,NA,2,NA,NA,NA,50,502,197,NA,3,NA,NA,10,NA,NA,NA,NA,NA,NA,NA,NA,NA,NA,NA,66,NA,NA,NA,NA,13.495145631067961,NA,NA,NA,NA,NA,9844.95145631068,0.1941747572815534,3.0097087378640777,NA,NA,NA,NA,NA,0.0970873786407767,NA,NA,0.5825242718446602,NA,NA,NA,NA,NA,NA,NA,NA,NA,NA,NA,NA,1.650485436893204,NA,0.1941747572815534,NA,NA,NA,4.854368932038835,48.737864077669904,19.12621359223301,NA,0.2912621359223301,NA,NA,0.9708737864077669,NA,NA,NA,NA,NA,NA,NA,NA,NA,NA,NA,6.407766990291262
32990,2024,32,Ourense,990,Residentes ausentes-Ourense,103836,4557,99279,49,17,4491,4508,4.38865133479718,NA,NA,NA,NA,463,NA,NA,NA,NA,NA,103836,NA,NA,NA,NA,NA,130,NA,10,21,NA,NA,NA,NA,NA,NA,NA,NA,NA,NA,NA,NA,NA,NA,106,NA,NA,NA,NA,72,NA,2547,617,NA,47,NA,NA,NA,NA,NA,NA,124,NA,NA,NA,NA,NA,NA,NA,354,NA,NA,NA,NA,10.270629991126885,NA,NA,NA,NA,NA,2303.371783496007,NA,NA,NA,NA,NA,2.883762200532387,NA,0.22182786157941436,0.4658385093167702,NA,NA,NA,NA,NA,NA,NA,NA,NA,NA,NA,NA,NA,NA,2.3513753327417923,NA,NA,NA,NA,1.5971606033717833,NA,56.49955634427685,13.686779059449867,NA,1.0425909494232475,NA,NA,NA,NA,NA,NA,2.750665483584738,NA,NA,NA,NA,NA,NA,NA,7.852706299911269
32999,2005,32,Ourense,999,C.E.R.A. Ourense,67720,21048,46672,39,43,20966,21009,31.080921441228586,NA,NA,NA,79,1015,NA,NA,NA,NA,49,NA,NA,NA,NA,NA,NA,238,NA,NA,NA,NA,NA,NA,124,18,38,NA,NA,NA,NA,NA,NA,14,NA,NA,NA,NA,104,NA,NA,NA,10928,8359,NA,NA,NA,NA,NA,NA,NA,NA,NA,NA,NA,NA,NA,NA,NA,NA,NA,NA,NA,NA,0.3760293207672902,4.8312627921367035,NA,NA,NA,NA,0.23323337617211673,NA,NA,NA,NA,NA,NA,1.1328478271217097,NA,NA,NA,NA,NA,NA,0.5902232376600505,0.0856775667571041,0.18087486315388643,NA,NA,NA,NA,NA,NA,0.06663810747774762,NA,NA,NA,NA,0.4950259412632681,NA,NA,NA,52.01580275120187,39.787710029035175,NA,NA,NA,NA,NA,NA,NA,NA,NA,NA,NA,NA,NA,NA,NA,NA,NA
